Va,x_cm,psi_V,n_cm-3,p_cm-3,phin_V,phip_V
0.45,-9.340798e-04,0.033315,1.000000e+03,1.000000e+17,0.450000,0.450000
0.45,-9.179603e-04,0.033315,4.405005e+07,1.000000e+17,0.173562,0.450000
0.45,-8.992787e-04,0.033315,9.551094e+07,1.000000e+17,0.153555,0.450000
0.45,-8.805972e-04,0.033315,1.479269e+08,1.000000e+17,0.142246,0.450000
0.45,-8.619156e-04,0.033315,2.018221e+08,1.000000e+17,0.134214,0.450000
0.45,-8.432340e-04,0.033315,2.577355e+08,1.000000e+17,0.127892,0.450000
0.45,-8.245524e-04,0.033315,3.162261e+08,1.000000e+17,0.122605,0.450000
0.45,-8.058708e-04,0.033315,3.778790e+08,1.000000e+17,0.118000,0.450000
0.45,-7.871892e-04,0.033315,4.433107e+08,1.000000e+17,0.113871,0.450000
0.45,-7.685076e-04,0.033315,5.131753e+08,1.000000e+17,0.110088,0.450000
0.45,-7.498260e-04,0.033315,5.881717e+08,1.000000e+17,0.106562,0.450000
0.45,-7.311444e-04,0.033315,6.690497e+08,1.000000e+17,0.103231,0.450000
0.45,-7.124628e-04,0.033315,7.566182e+08,1.000000e+17,0.100051,0.450000
0.45,-6.937812e-04,0.033315,8.517528e+08,1.000000e+17,0.096989,0.450000
0.45,-6.750996e-04,0.033315,9.554048e+08,1.000000e+17,0.094021,0.450000
0.45,-6.564180e-04,0.033315,1.068611e+09,1.000000e+17,0.091126,0.450000
0.45,-6.377364e-04,0.033315,1.192503e+09,1.000000e+17,0.088290,0.450000
0.45,-6.190548e-04,0.033315,1.328320e+09,1.000000e+17,0.085501,0.450000
0.45,-6.003732e-04,0.033315,1.477420e+09,1.000000e+17,0.082751,0.450000
0.45,-5.816916e-04,0.033315,1.641294e+09,1.000000e+17,0.080032,0.450000
0.45,-5.630100e-04,0.033315,1.821581e+09,1.000000e+17,0.077338,0.450000
0.45,-5.443284e-04,0.033315,2.020084e+09,1.000000e+17,0.074664,0.450000
0.45,-5.256468e-04,0.033315,2.238787e+09,1.000000e+17,0.072006,0.450000
0.45,-5.069653e-04,0.033315,2.479878e+09,1.000000e+17,0.069362,0.450000
0.45,-4.882837e-04,0.033315,2.745768e+09,1.000000e+17,0.066729,0.450000
0.45,-4.696021e-04,0.033315,3.039115e+09,1.000000e+17,0.064105,0.450000
0.45,-4.509205e-04,0.033315,3.362853e+09,1.000000e+17,0.061488,0.450000
0.45,-4.322389e-04,0.033315,3.720219e+09,1.000000e+17,0.058877,0.450000
0.45,-4.135573e-04,0.033315,4.114788e+09,1.000000e+17,0.056271,0.450000
0.45,-3.948757e-04,0.033315,4.550503e+09,1.000000e+17,0.053669,0.450000
0.45,-3.761941e-04,0.033315,5.031724e+09,1.000000e+17,0.051070,0.450000
0.45,-3.575125e-04,0.033314,5.563262e+09,1.000000e+17,0.048474,0.450000
0.45,-3.388309e-04,0.033314,6.150431e+09,1.000000e+17,0.045880,0.449999
0.45,-3.201493e-04,0.033314,6.799105e+09,1.000000e+17,0.043288,0.449999
0.45,-3.020257e-04,0.033314,7.493378e+09,1.000000e+17,0.040774,0.449999
0.45,-2.849280e-04,0.033314,8.213001e+09,1.000000e+17,0.038404,0.449999
0.45,-2.687981e-04,0.033314,8.954954e+09,1.000000e+17,0.036168,0.449999
0.45,-2.535811e-04,0.033314,9.716105e+09,1.000000e+17,0.034059,0.449999
0.45,-2.392256e-04,0.033314,1.049327e+10,1.000000e+17,0.032070,0.449999
0.45,-2.256826e-04,0.033314,1.128324e+10,1.000000e+17,0.030193,0.449999
0.45,-2.129062e-04,0.033314,1.208285e+10,1.000000e+17,0.028423,0.449999
0.45,-2.008529e-04,0.033314,1.288901e+10,1.000000e+17,0.026753,0.449999
0.45,-1.894820e-04,0.033314,1.369872e+10,1.000000e+17,0.025178,0.449999
0.45,-1.787547e-04,0.033314,1.450912e+10,1.000000e+17,0.023692,0.449999
0.45,-1.686345e-04,0.033314,1.531750e+10,1.000000e+17,0.022291,0.449999
0.45,-1.590873e-04,0.033314,1.612133e+10,1.000000e+17,0.020968,0.449999
0.45,-1.500804e-04,0.033314,1.691826e+10,1.000000e+17,0.019721,0.449999
0.45,-1.415833e-04,0.033314,1.770613e+10,1.000000e+17,0.018544,0.449999
0.45,-1.335673e-04,0.033314,1.848298e+10,1.000000e+17,0.017434,0.449999
0.45,-1.260049e-04,0.033314,1.924705e+10,1.000000e+17,0.016387,0.449999
0.45,-1.188706e-04,0.033314,1.999679e+10,1.000000e+17,0.015399,0.449999
0.45,-1.121402e-04,0.033314,2.073082e+10,1.000000e+17,0.014467,0.449999
0.45,-1.057907e-04,0.033314,2.144797e+10,1.000000e+17,0.013588,0.449999
0.45,-9.980062e-05,0.033314,2.214723e+10,1.000000e+17,0.012759,0.449999
0.45,-9.414960e-05,0.033314,2.282779e+10,1.000000e+17,0.011976,0.449999
0.45,-8.881845e-05,0.033314,2.348898e+10,1.000000e+17,0.011238,0.449999
0.45,-8.378906e-05,0.033314,2.413027e+10,1.000000e+17,0.010542,0.449999
0.45,-7.904435e-05,0.033314,2.475130e+10,1.000000e+17,0.009885,0.449999
0.45,-7.456822e-05,0.033314,2.535180e+10,1.000000e+17,0.009265,0.449999
0.45,-7.034545e-05,0.033314,2.593166e+10,1.000000e+17,0.008680,0.449999
0.45,-6.636170e-05,0.033314,2.649085e+10,1.000000e+17,0.008129,0.449999
0.45,-6.260345e-05,0.033314,2.702942e+10,1.000000e+17,0.007609,0.449999
0.45,-5.905793e-05,0.033314,2.754754e+10,1.000000e+17,0.007118,0.449999
0.45,-5.571310e-05,0.033314,2.804542e+10,1.000000e+17,0.006655,0.449999
0.45,-5.255760e-05,0.033314,2.852337e+10,1.000000e+17,0.006218,0.449999
0.45,-4.958071e-05,0.033314,2.898172e+10,1.000000e+17,0.005806,0.449999
0.45,-4.677233e-05,0.033314,2.942087e+10,1.000000e+17,0.005417,0.449999
0.45,-4.412291e-05,0.033314,2.984126e+10,1.000000e+17,0.005050,0.449999
0.45,-4.162346e-05,0.033314,3.024335e+10,1.000000e+17,0.004704,0.449999
0.45,-3.926548e-05,0.033314,3.062765e+10,1.000000e+17,0.004378,0.449999
0.45,-3.704098e-05,0.033314,3.099467e+10,1.000000e+17,0.004070,0.449999
0.45,-3.494239e-05,0.033314,3.134494e+10,1.000000e+17,0.003779,0.449999
0.45,-3.296259e-05,0.033314,3.167901e+10,1.000000e+17,0.003505,0.449999
0.45,-3.109486e-05,0.033314,3.199743e+10,1.000000e+17,0.003247,0.449999
0.45,-2.933284e-05,0.033314,3.230077e+10,1.000000e+17,0.003003,0.449999
0.45,-2.767056e-05,0.033314,3.258957e+10,1.000000e+17,0.002772,0.449999
0.45,-2.610238e-05,0.033314,3.286439e+10,9.999998e+16,0.002555,0.449999
0.45,-2.462296e-05,0.033314,3.312581e+10,9.999987e+16,0.002351,0.449999
0.45,-2.322728e-05,0.033314,3.337440e+10,9.999956e+16,0.002157,0.449999
0.45,-2.191060e-05,0.033315,3.361080e+10,9.999878e+16,0.001975,0.449999
0.45,-2.066844e-05,0.033315,3.383575e+10,9.999684e+16,0.001803,0.449999
0.45,-1.949660e-05,0.033316,3.405026e+10,9.999230e+16,0.001641,0.449999
0.45,-1.839109e-05,0.033319,3.425586e+10,9.998220e+16,0.001488,0.449999
0.45,-1.734816e-05,0.033324,3.445504e+10,9.996072e+16,0.001344,0.449999
0.45,-1.636426e-05,0.033336,3.465208e+10,9.991703e+16,0.001208,0.449999
0.45,-1.543605e-05,0.033358,3.485424e+10,9.983182e+16,0.001079,0.449999
0.45,-1.456039e-05,0.033399,3.507371e+10,9.967225e+16,0.000958,0.449999
0.45,-1.373428e-05,0.033474,3.533034e+10,9.938486e+16,0.000844,0.449999
0.45,-1.295494e-05,0.033604,3.565559e+10,9.888655e+16,0.000737,0.449999
0.45,-1.221972e-05,0.033822,3.609788e+10,9.805440e+16,0.000637,0.449999
0.45,-1.152611e-05,0.034177,3.672996e+10,9.671631e+16,0.000544,0.449999
0.45,-1.087176e-05,0.034736,3.765905e+10,9.464715e+16,0.000457,0.449999
0.45,-1.025445e-05,0.035589,3.904150e+10,9.157737e+16,0.000377,0.449999
0.45,-9.672076e-06,0.036848,4.110477e+10,8.722377e+16,0.000305,0.449999
0.45,-9.122672e-06,0.038650,4.418221e+10,8.135019e+16,0.000241,0.449999
0.45,-8.604366e-06,0.041149,4.877031e+10,7.385645e+16,0.000185,0.449999
0.45,-8.115398e-06,0.044501,5.562489e+10,6.487338e+16,0.000138,0.449999
0.45,-7.654107e-06,0.048855,6.592513e+10,5.481885e+16,0.000100,0.449999
0.45,-7.218927e-06,0.054325,8.155509e+10,4.436445e+16,0.000070,0.449999
0.45,-6.808380e-06,0.060979,1.055888e+11,3.429629e+16,0.000047,0.449999
0.45,-6.421072e-06,0.068827,1.431284e+11,2.531692e+16,0.000031,0.449999
0.45,-6.055686e-06,0.077819,2.027538e+11,1.787946e+16,0.000020,0.449999
0.45,-5.710983e-06,0.087856,2.990273e+11,1.212651e+16,0.000012,0.449999
0.45,-5.385791e-06,0.098806,4.568058e+11,7.939509e+15,0.000008,0.449999
0.45,-5.079007e-06,0.110515,7.186175e+11,5.047499e+15,0.000005,0.449999
0.45,-4.789587e-06,0.122830,1.157164e+12,3.134794e+15,0.000003,0.449999
0.45,-4.516550e-06,0.135597,1.896250e+12,1.913049e+15,0.000002,0.449999
0.45,-4.258968e-06,0.148678,3.145322e+12,1.153367e+15,0.000001,0.449999
0.45,-4.015965e-06,0.161949,5.255473e+12,6.902832e+14,0.000001,0.449999
0.45,-3.786718e-06,0.175300,8.808555e+12,4.118494e+14,0.000001,0.449999
0.45,-3.570447e-06,0.188638,1.475594e+13,2.458546e+14,0.000000,0.449999
0.45,-3.366418e-06,0.201882,2.462976e+13,1.472944e+14,0.000000,0.449999
0.45,-3.173937e-06,0.214966,4.085652e+13,8.879430e+13,0.000000,0.449999
0.45,-2.992352e-06,0.227834,6.721102e+13,5.397659e+13,0.000000,0.449999
0.45,-2.821045e-06,0.240441,1.094554e+14,3.314422e+13,0.000000,0.449999
0.45,-2.659435e-06,0.252752,1.762137e+14,2.058752e+13,0.000000,0.449999
0.45,-2.506972e-06,0.264736,2.801346e+14,1.295018e+13,0.000000,0.449999
0.45,-2.363140e-06,0.276372,4.393886e+14,8.256430e+12,0.000000,0.449998
0.45,-2.227448e-06,0.287644,6.795389e+14,5.338577e+12,0.000000,0.449998
0.45,-2.099438e-06,0.298541,1.035800e+15,3.502377e+12,0.000000,0.449998
0.45,-1.978673e-06,0.309056,1.555673e+15,2.331949e+12,0.000000,0.449998
0.45,-1.864744e-06,0.319186,2.301918e+15,1.575965e+12,0.000000,0.449998
0.45,-1.757264e-06,0.328931,3.355765e+15,1.081045e+12,0.000000,0.449998
0.45,-1.655868e-06,0.338293,4.820262e+15,7.525993e+11,0.000000,0.449998
0.45,-1.560211e-06,0.347278,6.823606e+15,5.316424e+11,0.000000,0.449998
0.45,-1.469969e-06,0.355893,9.522288e+15,3.809706e+11,0.000000,0.449998
0.45,-1.384834e-06,0.364147,1.310391e+16,2.768415e+11,0.000000,0.449998
0.45,-1.304519e-06,0.372050,1.778952e+16,2.039234e+11,0.000000,0.449998
0.45,-1.228750e-06,0.379613,2.383539e+16,1.521978e+11,0.000000,0.449998
0.45,-1.157269e-06,0.386849,3.153418e+16,1.150399e+11,0.000000,0.449998
0.45,-1.089835e-06,0.393771,4.121552e+16,8.801737e+10,0.000000,0.449998
0.45,-1.026218e-06,0.400392,5.324609e+16,6.813039e+10,0.000000,0.449998
0.45,-9.662015e-07,0.406726,6.802929e+16,5.332514e+10,0.000000,0.449998
0.45,-9.095824e-07,0.412787,8.600477e+16,4.217983e+10,0.000000,0.449998
0.45,-8.561681e-07,0.418590,1.076479e+17,3.369932e+10,0.000000,0.449998
0.45,-8.057772e-07,0.424149,1.334694e+17,2.717969e+10,0.000000,0.449998
0.45,-7.582387e-07,0.429476,1.640153e+17,2.211776e+10,0.000000,0.449998
0.45,-7.133910e-07,0.434587,1.998674e+17,1.815027e+10,0.000000,0.449997
0.45,-6.710818e-07,0.439494,2.416440e+17,1.501233e+10,0.000000,0.449997
0.45,-6.311676e-07,0.444210,2.900018e+17,1.250901e+10,0.000000,0.449997
0.45,-5.935126e-07,0.448747,3.456374e+17,1.049548e+10,0.000000,0.449997
0.45,-5.579890e-07,0.453117,4.092903e+17,8.863204e+09,0.000000,0.449997
0.45,-5.244762e-07,0.457331,4.817453e+17,7.530155e+09,0.000000,0.449997
0.45,-4.928604e-07,0.461398,5.638361e+17,6.433802e+09,0.000000,0.449997
0.45,-4.630341e-07,0.465330,6.564485e+17,5.526104e+09,0.000000,0.449997
0.45,-4.348961e-07,0.469134,7.605234e+17,4.769866e+09,0.000000,0.449997
0.45,-4.083508e-07,0.472820,8.770606e+17,4.136073e+09,0.000000,0.449997
0.45,-3.833081e-07,0.476395,1.007121e+18,3.601928e+09,0.000000,0.449997
0.45,-3.596829e-07,0.479866,1.151830e+18,3.149397e+09,0.000000,0.449997
0.45,-3.373950e-07,0.483239,1.312377e+18,2.764114e+09,0.000000,0.449997
0.45,-3.163686e-07,0.486521,1.490020e+18,2.434563e+09,0.000000,0.449997
0.45,-2.965325e-07,0.489717,1.686084e+18,2.151457e+09,0.000000,0.449997
0.45,-2.778191e-07,0.492831,1.901959e+18,1.907257e+09,0.000000,0.449997
0.45,-2.601650e-07,0.495869,2.139101e+18,1.695812e+09,0.000000,0.449997
0.45,-2.435101e-07,0.498834,2.399027e+18,1.512072e+09,0.000000,0.449996
0.45,-2.277980e-07,0.501729,2.683309e+18,1.351871e+09,0.000000,0.449996
0.45,-2.129753e-07,0.504557,2.993573e+18,1.211754e+09,0.000000,0.449996
0.45,-1.989916e-07,0.507322,3.331488e+18,1.088840e+09,0.000000,0.449996
0.45,-1.857994e-07,0.510026,3.698755e+18,9.807201e+08,0.000000,0.449996
0.45,-1.733539e-07,0.512670,4.097100e+18,8.853644e+08,0.000000,0.449996
0.45,-1.616129e-07,0.515257,4.528263e+18,8.010600e+08,0.000000,0.449996
0.45,-1.505365e-07,0.517787,4.993977e+18,7.263536e+08,0.000000,0.449996
0.45,-1.400870e-07,0.520264,5.495957e+18,6.600078e+08,0.000000,0.449996
0.45,-1.302291e-07,0.522686,6.035885e+18,6.009650e+08,0.000000,0.449995
0.45,-1.209291e-07,0.525056,6.615385e+18,5.483183e+08,0.000000,0.449995
0.45,-1.121555e-07,0.527374,7.236008e+18,5.012870e+08,0.000000,0.449995
0.45,-1.038786e-07,0.529641,7.899206e+18,4.591976e+08,0.000000,0.449995
0.45,-9.607015e-08,0.531858,8.606317e+18,4.214666e+08,0.000000,0.449995
0.45,-8.870370e-08,0.534024,9.358538e+18,3.875876e+08,0.000000,0.449995
0.45,-8.175422e-08,0.536140,1.015690e+19,3.571198e+08,0.000000,0.449995
0.45,-7.519811e-08,0.538207,1.100226e+19,3.296785e+08,0.000000,0.449994
0.45,-6.901310e-08,0.540225,1.189525e+19,3.049271e+08,0.000000,0.449994
0.45,-6.317818e-08,0.542193,1.283631e+19,2.825705e+08,0.000000,0.449994
0.45,-5.767354e-08,0.544112,1.382559e+19,2.623495e+08,0.000000,0.449994
0.45,-5.248048e-08,0.545983,1.486303e+19,2.440360e+08,0.000000,0.449994
0.45,-4.758137e-08,0.547805,1.594826e+19,2.274285e+08,0.000000,0.449994
0.45,-4.295957e-08,0.549578,1.708064e+19,2.123494e+08,0.000000,0.449993
0.45,-3.859938e-08,0.551303,1.825925e+19,1.986412e+08,0.000000,0.449993
0.45,-3.448599e-08,0.552980,1.948285e+19,1.861644e+08,0.000000,0.449993
0.45,-3.060544e-08,0.554609,2.074994e+19,1.747951e+08,0.000000,0.449993
0.45,-2.694454e-08,0.556190,2.205871e+19,1.644231e+08,0.000000,0.449993
0.45,-2.349086e-08,0.557724,2.340707e+19,1.549505e+08,0.000000,0.449992
0.45,-2.023267e-08,0.559211,2.479268e+19,1.462896e+08,0.000000,0.449992
0.45,-1.715891e-08,0.560651,2.621291e+19,1.383625e+08,0.000000,0.449992
0.45,-1.425914e-08,0.562044,2.766495e+19,1.310994e+08,0.000000,0.449992
0.45,-1.152350e-08,0.563392,2.914576e+19,1.244378e+08,0.000000,0.449992
0.45,-8.942709e-09,0.564695,3.065209e+19,1.183218e+08,0.000000,0.449992
0.45,-6.508002e-09,0.565953,3.218059e+19,1.127010e+08,0.000000,0.449991
0.45,-4.211108e-09,0.567167,3.372775e+19,1.075304e+08,0.000000,0.449991
0.45,-2.044227e-09,0.568338,3.528999e+19,1.027695e+08,0.000000,0.449991
0.45,0.000000e+00,0.569465,3.686365e+19,9.838179e+07,0.000000,0.449991
0.45,2.044227e-09,0.570552,3.844675e+19,9.433012e+07,0.000000,0.449991
0.45,4.211108e-09,0.571661,4.013164e+19,9.036906e+07,0.000000,0.449990
0.45,6.508002e-09,0.572789,4.192128e+19,8.651043e+07,0.000000,0.449990
0.45,8.942709e-09,0.573933,4.381772e+19,8.276547e+07,0.000000,0.449990
0.45,1.152350e-08,0.575089,4.582191e+19,7.914459e+07,0.000000,0.449990
0.45,1.425914e-08,0.576254,4.793343e+19,7.565732e+07,0.000000,0.449989
0.45,1.715891e-08,0.577423,5.015016e+19,7.231220e+07,0.000000,0.449989
0.45,2.023267e-08,0.578591,5.246807e+19,6.911664e+07,0.000000,0.449989
0.45,2.349086e-08,0.579753,5.488092e+19,6.607688e+07,0.000000,0.449988
0.45,2.694454e-08,0.580904,5.738000e+19,6.319792e+07,0.000000,0.449988
0.45,3.060544e-08,0.582039,5.995398e+19,6.048351e+07,0.000000,0.449987
0.45,3.448599e-08,0.583150,6.258878e+19,5.793610e+07,0.000000,0.449987
0.45,3.859938e-08,0.584234,6.526758e+19,5.555689e+07,0.000000,0.449986
0.45,4.295957e-08,0.585283,6.797099e+19,5.334583e+07,0.000000,0.449986
0.45,4.758137e-08,0.586292,7.067731e+19,5.130168e+07,0.000000,0.449985
0.45,5.248048e-08,0.587257,7.336298e+19,4.942206e+07,0.000000,0.449984
0.45,5.767354e-08,0.588171,7.600326e+19,4.770353e+07,0.000000,0.449983
0.45,6.317818e-08,0.589030,7.857295e+19,4.614164e+07,0.000000,0.449982
0.45,6.901310e-08,0.589832,8.104732e+19,4.473108e+07,0.000000,0.449981
0.45,7.519811e-08,0.590573,8.340301e+19,4.346568e+07,0.000000,0.449980
0.45,8.175422e-08,0.591250,8.561904e+19,4.233857e+07,0.000000,0.449979
0.45,8.870370e-08,0.591865,8.767764e+19,4.134226e+07,0.000000,0.449977
0.45,9.607015e-08,0.592415,8.956500e+19,4.046870e+07,0.000000,0.449976
0.45,1.038786e-07,0.592903,9.127178e+19,3.970942e+07,0.000000,0.449974
0.45,1.121555e-07,0.593331,9.279338e+19,3.905560e+07,0.000000,0.449972
0.45,1.209291e-07,0.593700,9.412995e+19,3.849821e+07,0.000000,0.449970
0.45,1.302291e-07,0.594016,9.528609e+19,3.802809e+07,0.000000,0.449968
0.45,1.400870e-07,0.594282,9.627041e+19,3.763608e+07,0.000000,0.449966
0.45,1.505365e-07,0.594502,9.709476e+19,3.731316e+07,0.000000,0.449964
0.45,1.616129e-07,0.594682,9.777348e+19,3.705055e+07,0.000000,0.449961
0.45,1.733539e-07,0.594827,9.832252e+19,3.683985e+07,0.000000,0.449959
0.45,1.857994e-07,0.594941,9.875859e+19,3.667314e+07,0.000000,0.449956
0.45,1.989916e-07,0.595030,9.909839e+19,3.654311e+07,0.000000,0.449953
0.45,2.129753e-07,0.595098,9.935798e+19,3.644309e+07,0.000000,0.449949
0.45,2.277980e-07,0.595148,9.955222e+19,3.636717e+07,0.000000,0.449946
0.45,2.435101e-07,0.595185,9.969444e+19,3.631019e+07,0.000000,0.449942
0.45,2.601650e-07,0.595212,9.979624e+19,3.626774e+07,0.000000,0.449939
0.45,2.778191e-07,0.595230,9.986738e+19,3.623617e+07,0.000000,0.449934
0.45,2.965325e-07,0.595243,9.991586e+19,3.621251e+07,0.000000,0.449930
0.45,3.163686e-07,0.595251,9.994804e+19,3.619440e+07,0.000000,0.449926
0.45,3.373950e-07,0.595256,9.996882e+19,3.618005e+07,0.000000,0.449921
0.45,3.596829e-07,0.595260,9.998184e+19,3.616810e+07,0.000000,0.449915
0.45,3.833081e-07,0.595262,9.998976e+19,3.615757e+07,0.000000,0.449910
0.45,4.083508e-07,0.595263,9.999441e+19,3.614776e+07,0.000000,0.449904
0.45,4.348961e-07,0.595264,9.999706e+19,3.613819e+07,0.000000,0.449898
0.45,4.630341e-07,0.595264,9.999851e+19,3.612853e+07,0.000000,0.449891
0.45,4.928604e-07,0.595264,9.999927e+19,3.611858e+07,0.000000,0.449885
0.45,5.244762e-07,0.595264,9.999966e+19,3.610819e+07,0.000000,0.449877
0.45,5.579890e-07,0.595264,9.999985e+19,3.609726e+07,0.000000,0.449869
0.45,5.935126e-07,0.595264,9.999993e+19,3.608571e+07,0.000000,0.449861
0.45,6.311676e-07,0.595264,9.999997e+19,3.607350e+07,0.000000,0.449852
0.45,6.710818e-07,0.595264,9.999999e+19,3.606057e+07,0.000000,0.449843
0.45,7.133910e-07,0.595264,1.000000e+20,3.604687e+07,0.000000,0.449833
0.45,7.582387e-07,0.595264,1.000000e+20,3.603235e+07,0.000000,0.449823
0.45,8.057772e-07,0.595264,1.000000e+20,3.601698e+07,0.000000,0.449812
0.45,8.561681e-07,0.595264,1.000000e+20,3.600068e+07,0.000000,0.449800
0.45,9.095824e-07,0.595264,1.000000e+20,3.598342e+07,0.000000,0.449788
0.45,9.662015e-07,0.595264,1.000000e+20,3.596513e+07,0.000000,0.449775
0.45,1.026218e-06,0.595264,1.000000e+20,3.594575e+07,0.000000,0.449761
0.45,1.089835e-06,0.595264,1.000000e+20,3.592522e+07,0.000000,0.449746
0.45,1.157269e-06,0.595264,1.000000e+20,3.590348e+07,0.000000,0.449730
0.45,1.228750e-06,0.595264,1.000000e+20,3.588044e+07,0.000000,0.449714
0.45,1.304519e-06,0.595264,1.000000e+20,3.585604e+07,0.000000,0.449696
0.45,1.384834e-06,0.595264,1.000000e+20,3.583019e+07,0.000000,0.449677
0.45,1.469969e-06,0.595264,1.000000e+20,3.580281e+07,0.000000,0.449658
0.45,1.560211e-06,0.595264,1.000000e+20,3.577381e+07,0.000000,0.449637
0.45,1.655868e-06,0.595264,1.000000e+20,3.574309e+07,0.000000,0.449615
0.45,1.757264e-06,0.595264,1.000000e+20,3.571056e+07,0.000000,0.449591
0.45,1.864744e-06,0.595264,1.000000e+20,3.567611e+07,0.000000,0.449566
0.45,1.978673e-06,0.595264,1.000000e+20,3.563963e+07,0.000000,0.449540
0.45,2.099438e-06,0.595264,1.000000e+20,3.560101e+07,0.000000,0.449512
0.45,2.227448e-06,0.595264,1.000000e+20,3.556011e+07,0.000000,0.449482
0.45,2.363140e-06,0.595264,1.000000e+20,3.551681e+07,0.000000,0.449450
0.45,2.506972e-06,0.595264,1.000000e+20,3.547096e+07,0.000000,0.449417
0.45,2.659435e-06,0.595264,1.000000e+20,3.542244e+07,0.000000,0.449382
0.45,2.821045e-06,0.595264,1.000000e+20,3.537107e+07,0.000000,0.449344
0.45,2.992352e-06,0.595264,1.000000e+20,3.531670e+07,0.000000,0.449304
0.45,3.173937e-06,0.595264,1.000000e+20,3.525916e+07,0.000000,0.449262
0.45,3.366418e-06,0.595264,1.000000e+20,3.519827e+07,0.000000,0.449217
0.45,3.570447e-06,0.595264,1.000000e+20,3.513384e+07,0.000000,0.449170
0.45,3.786718e-06,0.595264,1.000000e+20,3.506568e+07,0.000000,0.449120
0.45,4.015965e-06,0.595264,1.000000e+20,3.499357e+07,0.000000,0.449067
0.45,4.258968e-06,0.595264,1.000000e+20,3.491729e+07,0.000000,0.449010
0.45,4.516550e-06,0.595264,1.000000e+20,3.483662e+07,0.000000,0.448950
0.45,4.789587e-06,0.595264,1.000000e+20,3.475131e+07,0.000000,0.448887
0.45,5.079007e-06,0.595264,1.000000e+20,3.466112e+07,0.000000,0.448820
0.45,5.385791e-06,0.595264,1.000000e+20,3.456576e+07,0.000000,0.448749
0.45,5.710983e-06,0.595264,1.000000e+20,3.446497e+07,0.000000,0.448673
0.45,6.055686e-06,0.595264,1.000000e+20,3.435846e+07,0.000000,0.448593
0.45,6.421072e-06,0.595264,1.000000e+20,3.424591e+07,0.000000,0.448508
0.45,6.808380e-06,0.595264,1.000000e+20,3.412701e+07,0.000000,0.448418
0.45,7.218927e-06,0.595264,1.000000e+20,3.400143e+07,0.000000,0.448323
0.45,7.654107e-06,0.595264,1.000000e+20,3.386882e+07,0.000000,0.448222
0.45,8.115398e-06,0.595264,1.000000e+20,3.372881e+07,0.000000,0.448115
0.45,8.604366e-06,0.595264,1.000000e+20,3.358104e+07,0.000000,0.448002
0.45,9.122672e-06,0.595264,1.000000e+20,3.342510e+07,0.000000,0.447881
0.45,9.672076e-06,0.595264,1.000000e+20,3.326060e+07,0.000000,0.447754
0.45,1.025445e-05,0.595264,1.000000e+20,3.308712e+07,0.000000,0.447618
0.45,1.087176e-05,0.595264,1.000000e+20,3.290421e+07,0.000000,0.447475
0.45,1.152611e-05,0.595264,1.000000e+20,3.271143e+07,0.000000,0.447323
0.45,1.221972e-05,0.595264,1.000000e+20,3.250832e+07,0.000000,0.447162
0.45,1.295494e-05,0.595264,1.000000e+20,3.229439e+07,0.000000,0.446992
0.45,1.373428e-05,0.595264,1.000000e+20,3.206917e+07,0.000000,0.446811
0.45,1.456039e-05,0.595264,1.000000e+20,3.183214e+07,0.000000,0.446619
0.45,1.543605e-05,0.595264,1.000000e+20,3.158281e+07,0.000000,0.446416
0.45,1.636426e-05,0.595264,1.000000e+20,3.132065e+07,0.000000,0.446200
0.45,1.734816e-05,0.595264,1.000000e+20,3.104513e+07,0.000000,0.445972
0.45,1.839109e-05,0.595264,1.000000e+20,3.075572e+07,0.000000,0.445729
0.45,1.949660e-05,0.595264,1.000000e+20,3.045190e+07,0.000000,0.445473
0.45,2.066844e-05,0.595264,1.000000e+20,3.013312e+07,0.000000,0.445201
0.45,2.191060e-05,0.595264,1.000000e+20,2.979885e+07,0.000000,0.444912
0.45,2.322728e-05,0.595264,1.000000e+20,2.944857e+07,0.000000,0.444607
0.45,2.462296e-05,0.595264,1.000000e+20,2.908177e+07,0.000000,0.444283
0.45,2.610238e-05,0.595264,1.000000e+20,2.869794e+07,0.000000,0.443939
0.45,2.767056e-05,0.595264,1.000000e+20,2.829661e+07,0.000000,0.443575
0.45,2.933284e-05,0.595264,1.000000e+20,2.787732e+07,0.000000,0.443189
0.45,3.109486e-05,0.595264,1.000000e+20,2.743965e+07,0.000000,0.442780
0.45,3.296259e-05,0.595264,1.000000e+20,2.698322e+07,0.000000,0.442346
0.45,3.494239e-05,0.595264,1.000000e+20,2.650769e+07,0.000000,0.441887
0.45,3.704098e-05,0.595264,1.000000e+20,2.601276e+07,0.000000,0.441400
0.45,3.926548e-05,0.595264,1.000000e+20,2.549822e+07,0.000000,0.440883
0.45,4.162346e-05,0.595264,1.000000e+20,2.496390e+07,0.000000,0.440336
0.45,4.412291e-05,0.595264,1.000000e+20,2.440974e+07,0.000000,0.439755
0.45,4.677233e-05,0.595264,1.000000e+20,2.383575e+07,0.000000,0.439140
0.45,4.958071e-05,0.595264,1.000000e+20,2.324204e+07,0.000000,0.438488
0.45,5.255760e-05,0.595264,1.000000e+20,2.262884e+07,0.000000,0.437797
0.45,5.571310e-05,0.595264,1.000000e+20,2.199648e+07,0.000000,0.437064
0.45,5.905793e-05,0.595264,1.000000e+20,2.134546e+07,0.000000,0.436287
0.45,6.260345e-05,0.595264,1.000000e+20,2.067639e+07,0.000000,0.435464
0.45,6.636170e-05,0.595264,1.000000e+20,1.999004e+07,0.000000,0.434591
0.45,7.034545e-05,0.595264,1.000000e+20,1.928735e+07,0.000000,0.433666
0.45,7.456822e-05,0.595264,1.000000e+20,1.856943e+07,0.000000,0.432686
0.45,7.904435e-05,0.595264,1.000000e+20,1.783758e+07,0.000000,0.431646
0.45,8.378906e-05,0.595264,1.000000e+20,1.709325e+07,0.000000,0.430544
0.45,8.881845e-05,0.595264,1.000000e+20,1.633812e+07,0.000000,0.429376
0.45,9.414960e-05,0.595264,1.000000e+20,1.557405e+07,0.000000,0.428138
0.45,9.980062e-05,0.595264,1.000000e+20,1.480308e+07,0.000000,0.426825
0.45,1.057907e-04,0.595264,1.000000e+20,1.402744e+07,0.000000,0.425434
0.45,1.121402e-04,0.595264,1.000000e+20,1.324955e+07,0.000000,0.423959
0.45,1.188706e-04,0.595264,1.000000e+20,1.247198e+07,0.000000,0.422396
0.45,1.260049e-04,0.595264,1.000000e+20,1.169747e+07,0.000000,0.420738
0.45,1.335673e-04,0.595264,1.000000e+20,1.092887e+07,0.000000,0.418981
0.45,1.415833e-04,0.595264,1.000000e+20,1.016914e+07,0.000000,0.417119
0.45,1.500804e-04,0.595264,1.000000e+20,9.421329e+06,0.000000,0.415144
0.45,1.590873e-04,0.595264,1.000000e+20,8.688495e+06,0.000000,0.413051
0.45,1.686345e-04,0.595264,1.000000e+20,7.973706e+06,0.000000,0.410831
0.45,1.787547e-04,0.595264,1.000000e+20,7.279978e+06,0.000000,0.408478
0.45,1.894820e-04,0.595264,1.000000e+20,6.610227e+06,0.000000,0.405983
0.45,2.006215e-04,0.595264,1.000000e+20,5.979618e+06,0.000000,0.403391
0.45,2.117611e-04,0.595264,1.000000e+20,5.408805e+06,0.000000,0.400797
0.45,2.229006e-04,0.595264,1.000000e+20,4.892081e+06,0.000000,0.398202
0.45,2.340402e-04,0.595264,1.000000e+20,4.424277e+06,0.000000,0.395603
0.45,2.451797e-04,0.595264,1.000000e+20,4.000716e+06,0.000000,0.393002
0.45,2.563193e-04,0.595264,1.000000e+20,3.617162e+06,0.000000,0.390396
0.45,2.674588e-04,0.595264,1.000000e+20,3.269779e+06,0.000000,0.387786
0.45,2.785984e-04,0.595264,1.000000e+20,2.955095e+06,0.000000,0.385170
0.45,2.897379e-04,0.595264,1.000000e+20,2.669961e+06,0.000000,0.382547
0.45,3.008775e-04,0.595264,1.000000e+20,2.411527e+06,0.000000,0.379915
0.45,3.120170e-04,0.595264,1.000000e+20,2.177208e+06,0.000000,0.377273
0.45,3.231566e-04,0.595264,1.000000e+20,1.964661e+06,0.000000,0.374617
0.45,3.342961e-04,0.595264,1.000000e+20,1.771761e+06,0.000000,0.371945
0.45,3.454357e-04,0.595264,1.000000e+20,1.596578e+06,0.000000,0.369254
0.45,3.565752e-04,0.595264,1.000000e+20,1.437362e+06,0.000000,0.366538
0.45,3.677148e-04,0.595264,1.000000e+20,1.292519e+06,0.000000,0.363792
0.45,3.788543e-04,0.595264,1.000000e+20,1.160601e+06,0.000000,0.361009
0.45,3.899939e-04,0.595264,1.000000e+20,1.040288e+06,0.000000,0.358180
0.45,4.011334e-04,0.595264,1.000000e+20,9.303794e+05,0.000000,0.355293
0.45,4.122730e-04,0.595264,1.000000e+20,8.297740e+05,0.000000,0.352335
0.45,4.234125e-04,0.595264,1.000000e+20,7.374664e+05,0.000000,0.349286
0.45,4.345521e-04,0.595264,1.000000e+20,6.525334e+05,0.000000,0.346123
0.45,4.456916e-04,0.595264,1.000000e+20,5.741258e+05,0.000000,0.342813
0.45,4.568312e-04,0.595264,1.000000e+20,5.014594e+05,0.000000,0.339315
0.45,4.679708e-04,0.595264,1.000000e+20,4.338076e+05,0.000000,0.335568
0.45,4.791103e-04,0.595264,1.000000e+20,3.704939e+05,0.000000,0.331490
0.45,4.902499e-04,0.595264,1.000000e+20,3.108850e+05,0.000000,0.326955
0.45,5.013894e-04,0.595264,1.000000e+20,2.543851e+05,0.000000,0.321770
0.45,5.125290e-04,0.595264,1.000000e+20,2.004289e+05,0.000000,0.315607
0.45,5.236685e-04,0.595264,1.000000e+20,1.484771e+05,0.000000,0.307850
0.45,5.348081e-04,0.595264,1.000000e+20,9.801000e+04,0.000000,0.297113
0.45,5.459476e-04,0.595264,1.000000e+20,4.852300e+04,0.000000,0.278938
0.45,5.569776e-04,0.595264,1.000000e+20,1.000000e+00,0.000000,0.000000
0.601724,-9.340798e-04,0.185039,1.000000e+03,1.000000e+17,0.601724,0.601724
0.601724,-9.179603e-04,0.185038,1.544374e+10,1.000000e+17,0.173802,0.601723
0.601724,-8.992787e-04,0.185037,3.348528e+10,1.000000e+17,0.153794,0.601722
0.601724,-8.805972e-04,0.185035,5.186077e+10,1.000001e+17,0.142484,0.601720
0.601724,-8.619156e-04,0.185034,7.075393e+10,1.000001e+17,0.134452,0.601719
0.601724,-8.432340e-04,0.185033,9.035368e+10,1.000001e+17,0.128129,0.601718
0.601724,-8.245524e-04,0.185032,1.108560e+11,1.000001e+17,0.122841,0.601717
0.601724,-8.058708e-04,0.185030,1.324658e+11,1.000001e+17,0.118235,0.601715
0.601724,-7.871892e-04,0.185029,1.553991e+11,1.000002e+17,0.114106,0.601714
0.601724,-7.685076e-04,0.185028,1.798853e+11,1.000002e+17,0.110322,0.601713
0.601724,-7.498260e-04,0.185026,2.061690e+11,1.000002e+17,0.106795,0.601712
0.601724,-7.311444e-04,0.185025,2.345131e+11,1.000002e+17,0.103464,0.601710
0.601724,-7.124628e-04,0.185024,2.652009e+11,1.000003e+17,0.100284,0.601709
0.601724,-6.937812e-04,0.185023,2.985391e+11,1.000003e+17,0.097221,0.601708
0.601724,-6.750996e-04,0.185021,3.348609e+11,1.000003e+17,0.094252,0.601706
0.601724,-6.564180e-04,0.185020,3.745295e+11,1.000004e+17,0.091356,0.601705
0.601724,-6.377364e-04,0.185019,4.179414e+11,1.000004e+17,0.088520,0.601704
0.601724,-6.190548e-04,0.185017,4.655304e+11,1.000005e+17,0.085730,0.601703
0.601724,-6.003732e-04,0.185016,5.177723e+11,1.000005e+17,0.082980,0.601701
0.601724,-5.816916e-04,0.185015,5.751893e+11,1.000006e+17,0.080260,0.601700
0.601724,-5.630100e-04,0.185014,6.383552e+11,1.000006e+17,0.077565,0.601699
0.601724,-5.443284e-04,0.185012,7.079015e+11,1.000007e+17,0.074890,0.601698
0.601724,-5.256468e-04,0.185011,7.845232e+11,1.000008e+17,0.072232,0.601696
0.601724,-5.069653e-04,0.185010,8.689863e+11,1.000009e+17,0.069587,0.601695
0.601724,-4.882837e-04,0.185009,9.621350e+11,1.000010e+17,0.066954,0.601694
0.601724,-4.696021e-04,0.185007,1.064900e+12,1.000011e+17,0.064329,0.601693
0.601724,-4.509205e-04,0.185006,1.178310e+12,1.000012e+17,0.061711,0.601691
0.601724,-4.322389e-04,0.185005,1.303496e+12,1.000013e+17,0.059100,0.601690
0.601724,-4.135573e-04,0.185004,1.441712e+12,1.000014e+17,0.056493,0.601689
0.601724,-3.948757e-04,0.185002,1.594338e+12,1.000016e+17,0.053891,0.601688
0.601724,-3.761941e-04,0.185001,1.762900e+12,1.000018e+17,0.051291,0.601687
0.601724,-3.575125e-04,0.185000,1.949083e+12,1.000019e+17,0.048695,0.601686
0.601724,-3.388309e-04,0.184999,2.154748e+12,1.000022e+17,0.046100,0.601684
0.601724,-3.201493e-04,0.184998,2.381950e+12,1.000024e+17,0.043507,0.601683
0.601724,-3.020257e-04,0.184997,2.625120e+12,1.000026e+17,0.040993,0.601682
0.601724,-2.849280e-04,0.184995,2.877163e+12,1.000029e+17,0.038622,0.601681
0.601724,-2.687981e-04,0.184994,3.137023e+12,1.000031e+17,0.036386,0.601680
0.601724,-2.535811e-04,0.184994,3.403602e+12,1.000034e+17,0.034276,0.601679
0.601724,-2.392256e-04,0.184993,3.675784e+12,1.000037e+17,0.032287,0.601679
0.601724,-2.256826e-04,0.184992,3.952449e+12,1.000040e+17,0.030410,0.601678
0.601724,-2.129062e-04,0.184991,4.232487e+12,1.000042e+17,0.028639,0.601677
0.601724,-2.008529e-04,0.184990,4.514814e+12,1.000045e+17,0.026969,0.601677
0.601724,-1.894820e-04,0.184990,4.798382e+12,1.000048e+17,0.025394,0.601676
0.601724,-1.787547e-04,0.184989,5.082189e+12,1.000051e+17,0.023908,0.601675
0.601724,-1.686345e-04,0.184989,5.365288e+12,1.000054e+17,0.022506,0.601675
0.601724,-1.590873e-04,0.184988,5.646789e+12,1.000056e+17,0.021183,0.601674
0.601724,-1.500804e-04,0.184988,5.925872e+12,1.000059e+17,0.019935,0.601674
0.601724,-1.415833e-04,0.184987,6.201780e+12,1.000062e+17,0.018759,0.601674
0.601724,-1.335673e-04,0.184987,6.473827e+12,1.000065e+17,0.017648,0.601673
0.601724,-1.260049e-04,0.184986,6.741399e+12,1.000067e+17,0.016601,0.601673
0.601724,-1.188706e-04,0.184986,7.003948e+12,1.000070e+17,0.015613,0.601673
0.601724,-1.121402e-04,0.184985,7.260997e+12,1.000073e+17,0.014681,0.601672
0.601724,-1.057907e-04,0.184985,7.512132e+12,1.000075e+17,0.013801,0.601672
0.601724,-9.980062e-05,0.184985,7.757005e+12,1.000078e+17,0.012972,0.601672
0.601724,-9.414960e-05,0.184985,7.995325e+12,1.000080e+17,0.012189,0.601672
0.601724,-8.881845e-05,0.184984,8.226861e+12,1.000082e+17,0.011451,0.601671
0.601724,-8.378906e-05,0.184984,8.451430e+12,1.000085e+17,0.010754,0.601671
0.601724,-7.904435e-05,0.184984,8.668901e+12,1.000087e+17,0.010097,0.601671
0.601724,-7.456822e-05,0.184984,8.879187e+12,1.000089e+17,0.009478,0.601671
0.601724,-7.034545e-05,0.184983,9.082241e+12,1.000091e+17,0.008893,0.601671
0.601724,-6.636170e-05,0.184983,9.278055e+12,1.000093e+17,0.008341,0.601671
0.601724,-6.260345e-05,0.184983,9.466651e+12,1.000095e+17,0.007821,0.601671
0.601724,-5.905793e-05,0.184983,9.648084e+12,1.000096e+17,0.007330,0.601670
0.601724,-5.571310e-05,0.184983,9.822431e+12,1.000098e+17,0.006867,0.601670
0.601724,-5.255760e-05,0.184983,9.989796e+12,1.000100e+17,0.006430,0.601670
0.601724,-4.958071e-05,0.184983,1.015030e+13,1.000101e+17,0.006018,0.601670
0.601724,-4.677233e-05,0.184982,1.030408e+13,1.000103e+17,0.005629,0.601670
0.601724,-4.412291e-05,0.184982,1.045129e+13,1.000105e+17,0.005262,0.601670
0.601724,-4.162346e-05,0.184982,1.059209e+13,1.000106e+17,0.004916,0.601670
0.601724,-3.926548e-05,0.184982,1.072666e+13,1.000107e+17,0.004589,0.601670
0.601724,-3.704098e-05,0.184982,1.085518e+13,1.000109e+17,0.004281,0.601670
0.601724,-3.494239e-05,0.184982,1.097784e+13,1.000110e+17,0.003991,0.601670
0.601724,-3.296259e-05,0.184982,1.109482e+13,1.000111e+17,0.003717,0.601670
0.601724,-3.109486e-05,0.184982,1.120633e+13,1.000112e+17,0.003458,0.601670
0.601724,-2.933284e-05,0.184982,1.131255e+13,1.000113e+17,0.003214,0.601670
0.601724,-2.767056e-05,0.184982,1.141367e+13,1.000114e+17,0.002984,0.601670
0.601724,-2.610238e-05,0.184982,1.150991e+13,1.000115e+17,0.002767,0.601669
0.601724,-2.462296e-05,0.184981,1.160144e+13,1.000115e+17,0.002562,0.601669
0.601724,-2.322728e-05,0.184981,1.168847e+13,1.000115e+17,0.002369,0.601669
0.601724,-2.191060e-05,0.184981,1.177118e+13,1.000114e+17,0.002186,0.601669
0.601724,-2.066844e-05,0.184982,1.184979e+13,1.000109e+17,0.002015,0.601669
0.601724,-1.949660e-05,0.184982,1.192454e+13,1.000095e+17,0.001852,0.601669
0.601724,-1.839109e-05,0.184983,1.199570e+13,1.000065e+17,0.001699,0.601669
0.601724,-1.734816e-05,0.184984,1.206366e+13,9.999993e+16,0.001555,0.601669
0.601724,-1.636426e-05,0.184988,1.212900e+13,9.998650e+16,0.001419,0.601669
0.601724,-1.543605e-05,0.184995,1.219261e+13,9.996022e+16,0.001290,0.601669
0.601724,-1.456039e-05,0.185007,1.225591e+13,9.991091e+16,0.001169,0.601669
0.601724,-1.373428e-05,0.185030,1.232115e+13,9.982186e+16,0.001055,0.601669
0.601724,-1.295494e-05,0.185070,1.239178e+13,9.966685e+16,0.000947,0.601669
0.601724,-1.221972e-05,0.185138,1.247303e+13,9.940636e+16,0.000846,0.601669
0.601724,-1.152611e-05,0.185248,1.257258e+13,9.898323e+16,0.000751,0.601669
0.601724,-1.087176e-05,0.185423,1.270143e+13,9.831832e+16,0.000661,0.601669
0.601724,-1.025445e-05,0.185690,1.287497e+13,9.730722e+16,0.000578,0.601669
0.601724,-9.672076e-06,0.186088,1.311431e+13,9.581955e+16,0.000500,0.601669
0.601724,-9.122672e-06,0.186665,1.344796e+13,9.370322e+16,0.000428,0.601669
0.601724,-8.604366e-06,0.187480,1.391414e+13,9.079614e+16,0.000361,0.601669
0.601724,-8.115398e-06,0.188600,1.456392e+13,8.694752e+16,0.000301,0.601669
0.601724,-7.654107e-06,0.190099,1.546582e+13,8.204852e+16,0.000247,0.601669
0.601724,-7.218927e-06,0.192056,1.671250e+13,7.606839e+16,0.000199,0.601669
0.601724,-6.808380e-06,0.194544,1.843083e+13,6.908696e+16,0.000158,0.601669
0.601724,-6.421072e-06,0.197631,2.079666e+13,6.131085e+16,0.000123,0.601669
0.601724,-6.055686e-06,0.201367,2.405670e+13,5.306202e+16,0.000094,0.601669
0.601724,-5.710983e-06,0.205780,2.856046e+13,4.473521e+16,0.000070,0.601669
0.601724,-5.385791e-06,0.210874,3.480665e+13,3.673361e+16,0.000052,0.601669
0.601724,-5.079007e-06,0.216630,4.350968e+13,2.940213e+16,0.000037,0.601669
0.601724,-4.789587e-06,0.223002,5.569449e+13,2.297902e+16,0.000027,0.601669
0.601724,-4.516550e-06,0.229928,7.282969e+13,1.757788e+16,0.000019,0.601669
0.601724,-4.258968e-06,0.237335,9.701273e+13,1.319899e+16,0.000013,0.601669
0.601724,-4.015965e-06,0.245140,1.312232e+14,9.759456e+15,0.000009,0.601669
0.601724,-3.786718e-06,0.253259,1.796638e+14,7.128892e+15,0.000006,0.601669
0.601724,-3.570447e-06,0.261613,2.482119e+14,5.160503e+15,0.000005,0.601669
0.601724,-3.366418e-06,0.270124,3.450041e+14,3.712890e+15,0.000003,0.601669
0.601724,-3.173937e-06,0.278723,4.811787e+14,2.662223e+15,0.000002,0.601669
0.601724,-2.992352e-06,0.287350,6.717969e+14,1.906875e+15,0.000002,0.601669
0.601724,-2.821045e-06,0.295950,9.369566e+14,1.367246e+15,0.000001,0.601668
0.601724,-2.659435e-06,0.304477,1.303107e+15,9.830813e+14,0.000001,0.601668
0.601724,-2.506972e-06,0.312894,1.804559e+15,7.099054e+14,0.000001,0.601668
0.601724,-2.363140e-06,0.321167,2.485161e+15,5.154870e+14,0.000000,0.601668
0.601724,-2.227448e-06,0.329270,3.400124e+15,3.767711e+14,0.000000,0.601668
0.601724,-2.099438e-06,0.337184,4.617919e+15,2.774122e+14,0.000000,0.601668
0.601724,-1.978673e-06,0.344893,6.222204e+15,2.058861e+14,0.000000,0.601668
0.601724,-1.864744e-06,0.352384,8.313701e+15,1.540906e+14,0.000000,0.601668
0.601724,-1.757264e-06,0.359651,1.101196e+16,1.163336e+14,0.000000,0.601668
0.601724,-1.655868e-06,0.366687,1.445693e+16,8.861203e+13,0.000000,0.601668
0.601724,-1.560211e-06,0.373492,1.881035e+16,6.810375e+13,0.000000,0.601667
0.601724,-1.469969e-06,0.380066,2.425684e+16,5.281200e+13,0.000000,0.601667
0.601724,-1.384834e-06,0.386412,3.100485e+16,4.131772e+13,0.000000,0.601667
0.601724,-1.304519e-06,0.392532,3.928728e+16,3.260717e+13,0.000000,0.601667
0.601724,-1.228750e-06,0.398434,4.936210e+16,2.595199e+13,0.000000,0.601667
0.601724,-1.157269e-06,0.404123,6.151279e+16,2.082562e+13,0.000000,0.601667
0.601724,-1.089835e-06,0.409607,7.604886e+16,1.684496e+13,0.000000,0.601667
0.601724,-1.026218e-06,0.414894,9.330647e+16,1.372935e+13,0.000000,0.601667
0.601724,-9.662015e-07,0.419993,1.136492e+17,1.127183e+13,0.000000,0.601667
0.601724,-9.095824e-07,0.424912,1.374693e+17,9.318686e+12,0.000000,0.601667
0.601724,-8.561681e-07,0.429661,1.651886e+17,7.754957e+12,0.000000,0.601667
0.601724,-8.057772e-07,0.434248,1.972609e+17,6.494081e+12,0.000000,0.601667
0.601724,-7.582387e-07,0.438682,2.341735e+17,5.470414e+12,0.000000,0.601667
0.601724,-7.133910e-07,0.442973,2.764499e+17,4.633838e+12,0.000000,0.601667
0.601724,-6.710818e-07,0.447128,3.246522e+17,3.945827e+12,0.000000,0.601667
0.601724,-6.311676e-07,0.451156,3.793847e+17,3.376571e+12,0.000000,0.601667
0.601724,-5.935126e-07,0.455064,4.412963e+17,2.902849e+12,0.000000,0.601667
0.601724,-5.579890e-07,0.458859,5.110844e+17,2.506463e+12,0.000000,0.601667
0.601724,-5.244762e-07,0.462549,5.894982e+17,2.173054e+12,0.000000,0.601667
0.601724,-4.928604e-07,0.466140,6.773417e+17,1.891229e+12,0.000000,0.601666
0.601724,-4.630341e-07,0.469638,7.754773e+17,1.651893e+12,0.000000,0.601666
0.601724,-4.348961e-07,0.473048,8.848287e+17,1.447740e+12,0.000000,0.601666
0.601724,-4.083508e-07,0.476376,1.006384e+18,1.272873e+12,0.000000,0.601666
0.601724,-3.833081e-07,0.479626,1.141197e+18,1.122502e+12,0.000000,0.601666
0.601724,-3.596829e-07,0.482802,1.290389e+18,9.927172e+11,0.000000,0.601666
0.601724,-3.373950e-07,0.485909,1.455155e+18,8.803106e+11,0.000000,0.601666
0.601724,-3.163686e-07,0.488949,1.636754e+18,7.826370e+11,0.000000,0.601666
0.601724,-2.965325e-07,0.491926,1.836518e+18,6.975045e+11,0.000000,0.601666
0.601724,-2.778191e-07,0.494843,2.055849e+18,6.230883e+11,0.000000,0.601666
0.601724,-2.601650e-07,0.497701,2.296211e+18,5.578628e+11,0.000000,0.601666
0.601724,-2.435101e-07,0.500504,2.559134e+18,5.005466e+11,0.000000,0.601666
0.601724,-2.277980e-07,0.503252,2.846204e+18,4.500594e+11,0.000000,0.601666
0.601724,-2.129753e-07,0.505948,3.159059e+18,4.054864e+11,0.000000,0.601665
0.601724,-1.989916e-07,0.508593,3.499381e+18,3.660504e+11,0.000000,0.601665
0.601724,-1.857994e-07,0.511188,3.868887e+18,3.310886e+11,0.000000,0.601665
0.601724,-1.733539e-07,0.513734,4.269316e+18,3.000337e+11,0.000000,0.601665
0.601724,-1.616129e-07,0.516232,4.702419e+18,2.723986e+11,0.000000,0.601665
0.601724,-1.505365e-07,0.518683,5.169943e+18,2.477640e+11,0.000000,0.601665
0.601724,-1.400870e-07,0.521086,5.673619e+18,2.257676e+11,0.000000,0.601665
0.601724,-1.302291e-07,0.523443,6.215136e+18,2.060956e+11,0.000000,0.601665
0.601724,-1.209291e-07,0.525753,6.796133e+18,1.884756e+11,0.000000,0.601664
0.601724,-1.121555e-07,0.528017,7.418170e+18,1.726704e+11,0.000000,0.601664
0.601724,-1.038786e-07,0.530235,8.082712e+18,1.584729e+11,0.000000,0.601664
0.601724,-9.607015e-08,0.532407,8.791106e+18,1.457022e+11,0.000000,0.601664
0.601724,-8.870370e-08,0.534533,9.544557e+18,1.341996e+11,0.000000,0.601664
0.601724,-8.175422e-08,0.536613,1.034411e+19,1.238258e+11,0.000000,0.601664
0.601724,-7.519811e-08,0.538646,1.119062e+19,1.144583e+11,0.000000,0.601663
0.601724,-6.901310e-08,0.540633,1.208474e+19,1.059891e+11,0.000000,0.601663
0.601724,-6.317818e-08,0.542574,1.302691e+19,9.832284e+10,0.000000,0.601663
0.601724,-5.767354e-08,0.544468,1.401729e+19,9.137528e+10,0.000000,0.601663
0.601724,-5.248048e-08,0.546316,1.505582e+19,8.507177e+10,0.000000,0.601663
0.601724,-4.758137e-08,0.548117,1.614214e+19,7.934612e+10,0.000000,0.601663
0.601724,-4.295957e-08,0.549871,1.727563e+19,7.413957e+10,0.000000,0.601662
0.601724,-3.859938e-08,0.551579,1.845534e+19,6.939987e+10,0.000000,0.601662
0.601724,-3.448599e-08,0.553240,1.968008e+19,6.508051e+10,0.000000,0.601662
0.601724,-3.060544e-08,0.554855,2.094831e+19,6.114003e+10,0.000000,0.601662
0.601724,-2.694454e-08,0.556423,2.225825e+19,5.754142e+10,0.000000,0.601662
0.601724,-2.349086e-08,0.557945,2.360780e+19,5.425165e+10,0.000000,0.601662
0.601724,-2.023267e-08,0.559420,2.499462e+19,5.124114e+10,0.000000,0.601661
0.601724,-1.715891e-08,0.560850,2.641611e+19,4.848344e+10,0.000000,0.601661
0.601724,-1.425914e-08,0.562235,2.786943e+19,4.595483e+10,0.000000,0.601661
0.601724,-1.152350e-08,0.563574,2.935154e+19,4.363403e+10,0.000000,0.601661
0.601724,-8.942709e-09,0.564869,3.085921e+19,4.150193e+10,0.000000,0.601661
0.601724,-6.508002e-09,0.566120,3.238908e+19,3.954136e+10,0.000000,0.601660
0.601724,-4.211108e-09,0.567327,3.393763e+19,3.773685e+10,0.000000,0.601660
0.601724,-2.044227e-09,0.568492,3.550129e+19,3.607448e+10,0.000000,0.601660
0.601724,0.000000e+00,0.569614,3.707640e+19,3.454171e+10,0.000000,0.601660
0.601724,2.044227e-09,0.570696,3.866053e+19,3.312612e+10,0.000000,0.601660
0.601724,4.211108e-09,0.571799,4.034605e+19,3.174197e+10,0.000000,0.601660
0.601724,6.508002e-09,0.572921,4.213586e+19,3.039341e+10,0.000000,0.601659
0.601724,8.942709e-09,0.574059,4.403192e+19,2.908436e+10,0.000000,0.601659
0.601724,1.152350e-08,0.575209,4.603513e+19,2.781848e+10,0.000000,0.601659
0.601724,1.425914e-08,0.576368,4.814495e+19,2.659910e+10,0.000000,0.601658
0.601724,1.715891e-08,0.577530,5.035922e+19,2.542922e+10,0.000000,0.601658
0.601724,2.023267e-08,0.578692,5.267382e+19,2.431146e+10,0.000000,0.601658
0.601724,2.349086e-08,0.579848,5.508245e+19,2.324801e+10,0.000000,0.601657
0.601724,2.694454e-08,0.580993,5.757636e+19,2.224064e+10,0.000000,0.601657
0.601724,3.060544e-08,0.582120,6.014417e+19,2.129068e+10,0.000000,0.601656
0.601724,3.448599e-08,0.583226,6.277181e+19,2.039901e+10,0.000000,0.601656
0.601724,3.859938e-08,0.584303,6.544248e+19,1.956607e+10,0.000000,0.601655
0.601724,4.295957e-08,0.585346,6.813683e+19,1.879188e+10,0.000000,0.601655
0.601724,4.758137e-08,0.586349,7.083324e+19,1.807601e+10,0.000000,0.601654
0.601724,5.248048e-08,0.587308,7.350827e+19,1.741765e+10,0.000000,0.601653
0.601724,5.767354e-08,0.588216,7.613733e+19,1.681562e+10,0.000000,0.601652
0.601724,6.317818e-08,0.589071,7.869539e+19,1.626840e+10,0.000000,0.601651
0.601724,6.901310e-08,0.589867,8.115790e+19,1.577412e+10,0.000000,0.601650
0.601724,7.519811e-08,0.590603,8.350173e+19,1.533065e+10,0.000000,0.601649
0.601724,8.175422e-08,0.591277,8.570610e+19,1.493560e+10,0.000000,0.601648
0.601724,8.870370e-08,0.591887,8.775343e+19,1.458635e+10,0.000000,0.601646
0.601724,9.607015e-08,0.592434,8.963011e+19,1.428011e+10,0.000000,0.601645
0.601724,1.038786e-07,0.592919,9.132693e+19,1.401390e+10,0.000000,0.601643
0.601724,1.121555e-07,0.593344,9.283942e+19,1.378465e+10,0.000000,0.601641
0.601724,1.209291e-07,0.593711,9.416780e+19,1.358919e+10,0.000000,0.601639
0.601724,1.302291e-07,0.594024,9.531674e+19,1.342433e+10,0.000000,0.601637
0.601724,1.400870e-07,0.594288,9.629482e+19,1.328685e+10,0.000000,0.601635
0.601724,1.505365e-07,0.594507,9.711388e+19,1.317359e+10,0.000000,0.601633
0.601724,1.616129e-07,0.594686,9.778820e+19,1.308148e+10,0.000000,0.601630
0.601724,1.733539e-07,0.594830,9.833365e+19,1.300757e+10,0.000000,0.601628
0.601724,1.857994e-07,0.594944,9.876685e+19,1.294910e+10,0.000000,0.601625
0.601724,1.989916e-07,0.595032,9.910441e+19,1.290348e+10,0.000000,0.601622
0.601724,2.129753e-07,0.595099,9.936227e+19,1.286839e+10,0.000000,0.601618
0.601724,2.277980e-07,0.595149,9.955522e+19,1.284175e+10,0.000000,0.601615
0.601724,2.435101e-07,0.595186,9.969649e+19,1.282175e+10,0.000000,0.601611
0.601724,2.601650e-07,0.595212,9.979760e+19,1.280685e+10,0.000000,0.601608
0.601724,2.778191e-07,0.595230,9.986827e+19,1.279576e+10,0.000000,0.601603
0.601724,2.965325e-07,0.595243,9.991643e+19,1.278745e+10,0.000000,0.601599
0.601724,3.163686e-07,0.595251,9.994839e+19,1.278108e+10,0.000000,0.601595
0.601724,3.373950e-07,0.595256,9.996903e+19,1.277603e+10,0.000000,0.601590
0.601724,3.596829e-07,0.595260,9.998196e+19,1.277182e+10,0.000000,0.601584
0.601724,3.833081e-07,0.595262,9.998982e+19,1.276811e+10,0.000000,0.601579
0.601724,4.083508e-07,0.595263,9.999445e+19,1.276465e+10,0.000000,0.601573
0.601724,4.348961e-07,0.595264,9.999708e+19,1.276127e+10,0.000000,0.601567
0.601724,4.630341e-07,0.595264,9.999852e+19,1.275786e+10,0.000000,0.601561
0.601724,4.928604e-07,0.595264,9.999928e+19,1.275435e+10,0.000000,0.601554
0.601724,5.244762e-07,0.595264,9.999966e+19,1.275068e+10,0.000000,0.601546
0.601724,5.579890e-07,0.595264,9.999985e+19,1.274682e+10,0.000000,0.601538
0.601724,5.935126e-07,0.595264,9.999994e+19,1.274274e+10,0.000000,0.601530
0.601724,6.311676e-07,0.595264,9.999997e+19,1.273843e+10,0.000000,0.601521
0.601724,6.710818e-07,0.595264,9.999999e+19,1.273386e+10,0.000000,0.601512
0.601724,7.133910e-07,0.595264,1.000000e+20,1.272903e+10,0.000000,0.601502
0.601724,7.582387e-07,0.595264,1.000000e+20,1.272390e+10,0.000000,0.601492
0.601724,8.057772e-07,0.595264,1.000000e+20,1.271847e+10,0.000000,0.601481
0.601724,8.561681e-07,0.595264,1.000000e+20,1.271272e+10,0.000000,0.601469
0.601724,9.095824e-07,0.595264,1.000000e+20,1.270662e+10,0.000000,0.601457
0.601724,9.662015e-07,0.595264,1.000000e+20,1.270016e+10,0.000000,0.601444
0.601724,1.026218e-06,0.595264,1.000000e+20,1.269332e+10,0.000000,0.601430
0.601724,1.089835e-06,0.595264,1.000000e+20,1.268607e+10,0.000000,0.601415
0.601724,1.157269e-06,0.595264,1.000000e+20,1.267839e+10,0.000000,0.601399
0.601724,1.228750e-06,0.595264,1.000000e+20,1.267026e+10,0.000000,0.601383
0.601724,1.304519e-06,0.595264,1.000000e+20,1.266164e+10,0.000000,0.601365
0.601724,1.384834e-06,0.595264,1.000000e+20,1.265251e+10,0.000000,0.601347
0.601724,1.469969e-06,0.595264,1.000000e+20,1.264284e+10,0.000000,0.601327
0.601724,1.560211e-06,0.595264,1.000000e+20,1.263260e+10,0.000000,0.601306
0.601724,1.655868e-06,0.595264,1.000000e+20,1.262175e+10,0.000000,0.601284
0.601724,1.757264e-06,0.595264,1.000000e+20,1.261027e+10,0.000000,0.601260
0.601724,1.864744e-06,0.595264,1.000000e+20,1.259810e+10,0.000000,0.601235
0.601724,1.978673e-06,0.595264,1.000000e+20,1.258522e+10,0.000000,0.601209
0.601724,2.099438e-06,0.595264,1.000000e+20,1.257158e+10,0.000000,0.601181
0.601724,2.227448e-06,0.595264,1.000000e+20,1.255714e+10,0.000000,0.601151
0.601724,2.363140e-06,0.595264,1.000000e+20,1.254185e+10,0.000000,0.601119
0.601724,2.506972e-06,0.595264,1.000000e+20,1.252566e+10,0.000000,0.601086
0.601724,2.659435e-06,0.595264,1.000000e+20,1.250852e+10,0.000000,0.601051
0.601724,2.821045e-06,0.595264,1.000000e+20,1.249038e+10,0.000000,0.601013
0.601724,2.992352e-06,0.595264,1.000000e+20,1.247119e+10,0.000000,0.600973
0.601724,3.173937e-06,0.595264,1.000000e+20,1.245087e+10,0.000000,0.600931
0.601724,3.366418e-06,0.595264,1.000000e+20,1.242937e+10,0.000000,0.600887
0.601724,3.570447e-06,0.595264,1.000000e+20,1.240661e+10,0.000000,0.600839
0.601724,3.786718e-06,0.595264,1.000000e+20,1.238254e+10,0.000000,0.600789
0.601724,4.015965e-06,0.595264,1.000000e+20,1.235708e+10,0.000000,0.600736
0.601724,4.258968e-06,0.595264,1.000000e+20,1.233015e+10,0.000000,0.600679
0.601724,4.516550e-06,0.595264,1.000000e+20,1.230166e+10,0.000000,0.600620
0.601724,4.789587e-06,0.595264,1.000000e+20,1.227153e+10,0.000000,0.600556
0.601724,5.079007e-06,0.595264,1.000000e+20,1.223968e+10,0.000000,0.600489
0.601724,5.385791e-06,0.595264,1.000000e+20,1.220601e+10,0.000000,0.600418
0.601724,5.710983e-06,0.595264,1.000000e+20,1.217042e+10,0.000000,0.600342
0.601724,6.055686e-06,0.595264,1.000000e+20,1.213281e+10,0.000000,0.600262
0.601724,6.421072e-06,0.595264,1.000000e+20,1.209306e+10,0.000000,0.600177
0.601724,6.808380e-06,0.595264,1.000000e+20,1.205108e+10,0.000000,0.600087
0.601724,7.218927e-06,0.595264,1.000000e+20,1.200673e+10,0.000000,0.599992
0.601724,7.654107e-06,0.595264,1.000000e+20,1.195990e+10,0.000000,0.599891
0.601724,8.115398e-06,0.595264,1.000000e+20,1.191046e+10,0.000000,0.599784
0.601724,8.604366e-06,0.595264,1.000000e+20,1.185828e+10,0.000000,0.599671
0.601724,9.122672e-06,0.595264,1.000000e+20,1.180322e+10,0.000000,0.599550
0.601724,9.672076e-06,0.595264,1.000000e+20,1.174513e+10,0.000000,0.599423
0.601724,1.025445e-05,0.595264,1.000000e+20,1.168387e+10,0.000000,0.599287
0.601724,1.087176e-05,0.595264,1.000000e+20,1.161928e+10,0.000000,0.599144
0.601724,1.152611e-05,0.595264,1.000000e+20,1.155120e+10,0.000000,0.598992
0.601724,1.221972e-05,0.595264,1.000000e+20,1.147948e+10,0.000000,0.598831
0.601724,1.295494e-05,0.595264,1.000000e+20,1.140394e+10,0.000000,0.598661
0.601724,1.373428e-05,0.595264,1.000000e+20,1.132440e+10,0.000000,0.598480
0.601724,1.456039e-05,0.595264,1.000000e+20,1.124070e+10,0.000000,0.598288
0.601724,1.543605e-05,0.595264,1.000000e+20,1.115266e+10,0.000000,0.598085
0.601724,1.636426e-05,0.595264,1.000000e+20,1.106008e+10,0.000000,0.597869
0.601724,1.734816e-05,0.595264,1.000000e+20,1.096279e+10,0.000000,0.597641
0.601724,1.839109e-05,0.595264,1.000000e+20,1.086059e+10,0.000000,0.597399
0.601724,1.949660e-05,0.595264,1.000000e+20,1.075331e+10,0.000000,0.597142
0.601724,2.066844e-05,0.595264,1.000000e+20,1.064074e+10,0.000000,0.596870
0.601724,2.191060e-05,0.595264,1.000000e+20,1.052270e+10,0.000000,0.596581
0.601724,2.322728e-05,0.595264,1.000000e+20,1.039901e+10,0.000000,0.596276
0.601724,2.462296e-05,0.595264,1.000000e+20,1.026948e+10,0.000000,0.595952
0.601724,2.610238e-05,0.595264,1.000000e+20,1.013394e+10,0.000000,0.595608
0.601724,2.767056e-05,0.595264,1.000000e+20,9.992221e+09,0.000000,0.595244
0.601724,2.933284e-05,0.595264,1.000000e+20,9.844160e+09,0.000000,0.594858
0.601724,3.109486e-05,0.595264,1.000000e+20,9.689609e+09,0.000000,0.594449
0.601724,3.296259e-05,0.595264,1.000000e+20,9.528432e+09,0.000000,0.594016
0.601724,3.494239e-05,0.595264,1.000000e+20,9.360509e+09,0.000000,0.593556
0.601724,3.704098e-05,0.595264,1.000000e+20,9.185738e+09,0.000000,0.593069
0.601724,3.926548e-05,0.595264,1.000000e+20,9.004041e+09,0.000000,0.592552
0.601724,4.162346e-05,0.595264,1.000000e+20,8.815362e+09,0.000000,0.592005
0.601724,4.412291e-05,0.595264,1.000000e+20,8.619675e+09,0.000000,0.591424
0.601724,4.677233e-05,0.595264,1.000000e+20,8.416984e+09,0.000000,0.590809
0.601724,4.958071e-05,0.595264,1.000000e+20,8.207330e+09,0.000000,0.590157
0.601724,5.255760e-05,0.595264,1.000000e+20,7.990793e+09,0.000000,0.589466
0.601724,5.571310e-05,0.595264,1.000000e+20,7.767494e+09,0.000000,0.588733
0.601724,5.905793e-05,0.595264,1.000000e+20,7.537601e+09,0.000000,0.587956
0.601724,6.260345e-05,0.595264,1.000000e+20,7.301335e+09,0.000000,0.587133
0.601724,6.636170e-05,0.595264,1.000000e+20,7.058969e+09,0.000000,0.586260
0.601724,7.034545e-05,0.595264,1.000000e+20,6.810833e+09,0.000000,0.585335
0.601724,7.456822e-05,0.595264,1.000000e+20,6.557319e+09,0.000000,0.584355
0.601724,7.904435e-05,0.595264,1.000000e+20,6.298882e+09,0.000000,0.583315
0.601724,8.378906e-05,0.595264,1.000000e+20,6.036043e+09,0.000000,0.582213
0.601724,8.881845e-05,0.595264,1.000000e+20,5.769389e+09,0.000000,0.581045
0.601724,9.414960e-05,0.595264,1.000000e+20,5.499576e+09,0.000000,0.579807
0.601724,9.980062e-05,0.595264,1.000000e+20,5.227327e+09,0.000000,0.578494
0.601724,1.057907e-04,0.595264,1.000000e+20,4.953430e+09,0.000000,0.577103
0.601724,1.121402e-04,0.595264,1.000000e+20,4.678737e+09,0.000000,0.575628
0.601724,1.188706e-04,0.595264,1.000000e+20,4.404159e+09,0.000000,0.574065
0.601724,1.260049e-04,0.595264,1.000000e+20,4.130660e+09,0.000000,0.572407
0.601724,1.335673e-04,0.595264,1.000000e+20,3.859249e+09,0.000000,0.570650
0.601724,1.415833e-04,0.595264,1.000000e+20,3.590972e+09,0.000000,0.568788
0.601724,1.500804e-04,0.595264,1.000000e+20,3.326900e+09,0.000000,0.566813
0.601724,1.590873e-04,0.595264,1.000000e+20,3.068119e+09,0.000000,0.564720
0.601724,1.686345e-04,0.595264,1.000000e+20,2.815710e+09,0.000000,0.562500
0.601724,1.787547e-04,0.595264,1.000000e+20,2.570737e+09,0.000000,0.560147
0.601724,1.894820e-04,0.595264,1.000000e+20,2.334232e+09,0.000000,0.557652
0.601724,2.006215e-04,0.595264,1.000000e+20,2.111549e+09,0.000000,0.555060
0.601724,2.117611e-04,0.595264,1.000000e+20,1.909981e+09,0.000000,0.552467
0.601724,2.229006e-04,0.595264,1.000000e+20,1.727513e+09,0.000000,0.549871
0.601724,2.340402e-04,0.595264,1.000000e+20,1.562320e+09,0.000000,0.547272
0.601724,2.451797e-04,0.595264,1.000000e+20,1.412750e+09,0.000000,0.544671
0.601724,2.563193e-04,0.595264,1.000000e+20,1.277308e+09,0.000000,0.542065
0.601724,2.674588e-04,0.595264,1.000000e+20,1.154638e+09,0.000000,0.539455
0.601724,2.785984e-04,0.595264,1.000000e+20,1.043516e+09,0.000000,0.536839
0.601724,2.897379e-04,0.595264,1.000000e+20,9.428279e+08,0.000000,0.534216
0.601724,3.008775e-04,0.595264,1.000000e+20,8.515686e+08,0.000000,0.531584
0.601724,3.120170e-04,0.595264,1.000000e+20,7.688249e+08,0.000000,0.528942
0.601724,3.231566e-04,0.595264,1.000000e+20,6.937694e+08,0.000000,0.526286
0.601724,3.342961e-04,0.595264,1.000000e+20,6.256517e+08,0.000000,0.523614
0.601724,3.454357e-04,0.595264,1.000000e+20,5.637904e+08,0.000000,0.520923
0.601724,3.565752e-04,0.595264,1.000000e+20,5.075671e+08,0.000000,0.518207
0.601724,3.677148e-04,0.595264,1.000000e+20,4.564195e+08,0.000000,0.515461
0.601724,3.788543e-04,0.595264,1.000000e+20,4.098360e+08,0.000000,0.512678
0.601724,3.899939e-04,0.595264,1.000000e+20,3.673509e+08,0.000000,0.509849
0.601724,4.011334e-04,0.595264,1.000000e+20,3.285393e+08,0.000000,0.506962
0.601724,4.122730e-04,0.595264,1.000000e+20,2.930131e+08,0.000000,0.504004
0.601724,4.234125e-04,0.595264,1.000000e+20,2.604170e+08,0.000000,0.500955
0.601724,4.345521e-04,0.595264,1.000000e+20,2.304251e+08,0.000000,0.497792
0.601724,4.456916e-04,0.595264,1.000000e+20,2.027375e+08,0.000000,0.494482
0.601724,4.568312e-04,0.595264,1.000000e+20,1.770772e+08,0.000000,0.490984
0.601724,4.679708e-04,0.595264,1.000000e+20,1.531877e+08,0.000000,0.487237
0.601724,4.791103e-04,0.595264,1.000000e+20,1.308301e+08,0.000000,0.483159
0.601724,4.902499e-04,0.595264,1.000000e+20,1.097807e+08,0.000000,0.478624
0.601724,5.013894e-04,0.595264,1.000000e+20,8.982923e+07,0.000000,0.473439
0.601724,5.125290e-04,0.595264,1.000000e+20,7.077600e+07,0.000000,0.467276
0.601724,5.236685e-04,0.595264,1.000000e+20,5.243054e+07,0.000000,0.459519
0.601724,5.348081e-04,0.595264,1.000000e+20,3.460937e+07,0.000000,0.448781
0.601724,5.459476e-04,0.595264,1.000000e+20,1.713430e+07,0.000000,0.430606
0.601724,5.569776e-04,0.595264,1.000000e+20,1.000000e+00,0.000000,0.000000
0.753448,-9.340798e-04,0.336763,1.000000e+03,1.000000e+17,0.753448,0.753448
0.753448,-9.179603e-04,0.336562,4.417096e+12,1.000044e+17,0.179106,0.753248
0.753448,-8.992787e-04,0.336329,9.534403e+12,1.000095e+17,0.158982,0.753016
0.753448,-8.805972e-04,0.336095,1.470067e+13,1.000147e+17,0.147555,0.752784
0.753448,-8.619156e-04,0.335862,1.996693e+13,1.000200e+17,0.139406,0.752552
0.753448,-8.432340e-04,0.335629,2.538474e+13,1.000254e+17,0.132967,0.752321
0.753448,-8.245524e-04,0.335396,3.100674e+13,1.000310e+17,0.127562,0.752089
0.753448,-8.058708e-04,0.335164,3.688712e+13,1.000369e+17,0.122840,0.751858
0.753448,-7.871892e-04,0.334931,4.308220e+13,1.000431e+17,0.118594,0.751627
0.753448,-7.685076e-04,0.334699,4.965093e+13,1.000496e+17,0.114693,0.751397
0.753448,-7.498260e-04,0.334467,5.665548e+13,1.000566e+17,0.111050,0.751166
0.753448,-7.311444e-04,0.334235,6.416185e+13,1.000642e+17,0.107602,0.750937
0.753448,-7.124628e-04,0.334004,7.224046e+13,1.000722e+17,0.104304,0.750707
0.753448,-6.937812e-04,0.333773,8.096686e+13,1.000810e+17,0.101125,0.750479
0.753448,-6.750996e-04,0.333542,9.042243e+13,1.000904e+17,0.098039,0.750251
0.753448,-6.564180e-04,0.333312,1.006952e+14,1.001007e+17,0.095027,0.750023
0.753448,-6.377364e-04,0.333082,1.118805e+14,1.001119e+17,0.092075,0.749796
0.753448,-6.190548e-04,0.332853,1.240821e+14,1.001241e+17,0.089170,0.749570
0.753448,-6.003732e-04,0.332625,1.374131e+14,1.001374e+17,0.086303,0.749346
0.753448,-5.816916e-04,0.332397,1.519970e+14,1.001520e+17,0.083468,0.749122
0.753448,-5.630100e-04,0.332170,1.679688e+14,1.001680e+17,0.080658,0.748899
0.753448,-5.443284e-04,0.331944,1.854765e+14,1.001855e+17,0.077868,0.748677
0.753448,-5.256468e-04,0.331719,2.046821e+14,1.002047e+17,0.075096,0.748457
0.753448,-5.069653e-04,0.331495,2.257637e+14,1.002257e+17,0.072338,0.748239
0.753448,-4.882837e-04,0.331272,2.489166e+14,1.002489e+17,0.069591,0.748022
0.753448,-4.696021e-04,0.331051,2.743559e+14,1.002743e+17,0.066854,0.747807
0.753448,-4.509205e-04,0.330831,3.023179e+14,1.003023e+17,0.064124,0.747594
0.753448,-4.322389e-04,0.330612,3.330627e+14,1.003330e+17,0.061402,0.747383
0.753448,-4.135573e-04,0.330395,3.668768e+14,1.003668e+17,0.058685,0.747174
0.753448,-3.948757e-04,0.330180,4.040758e+14,1.004040e+17,0.055973,0.746969
0.753448,-3.761941e-04,0.329966,4.450077e+14,1.004450e+17,0.053266,0.746766
0.753448,-3.575125e-04,0.329756,4.900561e+14,1.004900e+17,0.050562,0.746567
0.753448,-3.388309e-04,0.329547,5.396442e+14,1.005396e+17,0.047862,0.746371
0.753448,-3.201493e-04,0.329341,5.942392e+14,1.005942e+17,0.045165,0.746180
0.753448,-3.020257e-04,0.329145,6.524816e+14,1.006524e+17,0.042551,0.745998
0.753448,-2.849280e-04,0.328962,7.126692e+14,1.007126e+17,0.040087,0.745830
0.753448,-2.687981e-04,0.328792,7.745547e+14,1.007745e+17,0.037764,0.745677
0.753448,-2.535811e-04,0.328635,8.378838e+14,1.008378e+17,0.035575,0.745535
0.753448,-2.392256e-04,0.328488,9.023996e+14,1.009023e+17,0.033511,0.745406
0.753448,-2.256826e-04,0.328353,9.678454e+14,1.009678e+17,0.031566,0.745287
0.753448,-2.129062e-04,0.328228,1.033969e+15,1.010339e+17,0.029732,0.745178
0.753448,-2.008529e-04,0.328111,1.100523e+15,1.011004e+17,0.028003,0.745079
0.753448,-1.894820e-04,0.328004,1.167272e+15,1.011672e+17,0.026373,0.744989
0.753448,-1.787547e-04,0.327904,1.233989e+15,1.012339e+17,0.024837,0.744906
0.753448,-1.686345e-04,0.327812,1.300461e+15,1.013003e+17,0.023388,0.744831
0.753448,-1.590873e-04,0.327727,1.366489e+15,1.013664e+17,0.022023,0.744763
0.753448,-1.500804e-04,0.327648,1.431888e+15,1.014318e+17,0.020735,0.744701
0.753448,-1.415833e-04,0.327575,1.496490e+15,1.014964e+17,0.019522,0.744644
0.753448,-1.335673e-04,0.327508,1.560142e+15,1.015600e+17,0.018377,0.744593
0.753448,-1.260049e-04,0.327445,1.622706e+15,1.016226e+17,0.017298,0.744547
0.753448,-1.188706e-04,0.327388,1.684062e+15,1.016839e+17,0.016281,0.744504
0.753448,-1.121402e-04,0.327334,1.744102e+15,1.017439e+17,0.015322,0.744466
0.753448,-1.057907e-04,0.327285,1.802735e+15,1.018026e+17,0.014418,0.744432
0.753448,-9.980062e-05,0.327240,1.859886e+15,1.018597e+17,0.013566,0.744401
0.753448,-9.414960e-05,0.327197,1.915489e+15,1.019153e+17,0.012762,0.744373
0.753448,-8.881845e-05,0.327158,1.969493e+15,1.019693e+17,0.012004,0.744347
0.753448,-8.378906e-05,0.327122,2.021861e+15,1.020217e+17,0.011290,0.744324
0.753448,-7.904435e-05,0.327089,2.072563e+15,1.020724e+17,0.010616,0.744304
0.753448,-7.456822e-05,0.327057,2.121582e+15,1.021214e+17,0.009980,0.744285
0.753448,-7.034545e-05,0.327029,2.168908e+15,1.021687e+17,0.009381,0.744268
0.753448,-6.636170e-05,0.327002,2.214542e+15,1.022144e+17,0.008816,0.744253
0.753448,-6.260345e-05,0.326977,2.258489e+15,1.022583e+17,0.008284,0.744240
0.753448,-5.905793e-05,0.326954,2.300763e+15,1.023006e+17,0.007781,0.744227
0.753448,-5.571310e-05,0.326933,2.341385e+15,1.023412e+17,0.007308,0.744216
0.753448,-5.255760e-05,0.326913,2.380377e+15,1.023802e+17,0.006861,0.744206
0.753448,-4.958071e-05,0.326895,2.417770e+15,1.024176e+17,0.006439,0.744198
0.753448,-4.677233e-05,0.326878,2.453596e+15,1.024534e+17,0.006042,0.744189
0.753448,-4.412291e-05,0.326862,2.487891e+15,1.024877e+17,0.005667,0.744182
0.753448,-4.162346e-05,0.326847,2.520693e+15,1.025205e+17,0.005314,0.744176
0.753448,-3.926548e-05,0.326834,2.552044e+15,1.025518e+17,0.004981,0.744170
0.753448,-3.704098e-05,0.326821,2.581985e+15,1.025818e+17,0.004666,0.744165
0.753448,-3.494239e-05,0.326809,2.610560e+15,1.026103e+17,0.004370,0.744160
0.753448,-3.296259e-05,0.326798,2.637814e+15,1.026376e+17,0.004090,0.744156
0.753448,-3.109486e-05,0.326787,2.663792e+15,1.026636e+17,0.003827,0.744152
0.753448,-2.933284e-05,0.326778,2.688539e+15,1.026883e+17,0.003578,0.744148
0.753448,-2.767056e-05,0.326769,2.712101e+15,1.027119e+17,0.003343,0.744145
0.753448,-2.610238e-05,0.326760,2.734523e+15,1.027343e+17,0.003122,0.744143
0.753448,-2.462296e-05,0.326752,2.755850e+15,1.027556e+17,0.002913,0.744140
0.753448,-2.322728e-05,0.326745,2.776126e+15,1.027759e+17,0.002717,0.744138
0.753448,-2.191060e-05,0.326738,2.795394e+15,1.027951e+17,0.002531,0.744136
0.753448,-2.066844e-05,0.326732,2.813699e+15,1.028133e+17,0.002356,0.744134
0.753448,-1.949660e-05,0.326726,2.831083e+15,1.028305e+17,0.002191,0.744132
0.753448,-1.839109e-05,0.326720,2.847591e+15,1.028466e+17,0.002035,0.744131
0.753448,-1.734816e-05,0.326715,2.863269e+15,1.028613e+17,0.001888,0.744130
0.753448,-1.636426e-05,0.326711,2.878172e+15,1.028741e+17,0.001749,0.744128
0.753448,-1.543605e-05,0.326707,2.892361e+15,1.028843e+17,0.001618,0.744127
0.753448,-1.456039e-05,0.326705,2.905921e+15,1.028901e+17,0.001495,0.744126
0.753448,-1.373428e-05,0.326704,2.918962e+15,1.028888e+17,0.001379,0.744126
0.753448,-1.295494e-05,0.326707,2.931647e+15,1.028762e+17,0.001269,0.744125
0.753448,-1.221972e-05,0.326714,2.944202e+15,1.028454e+17,0.001166,0.744124
0.753448,-1.152611e-05,0.326728,2.956955e+15,1.027864e+17,0.001068,0.744123
0.753448,-1.087176e-05,0.326753,2.970363e+15,1.026846e+17,0.000976,0.744123
0.753448,-1.025445e-05,0.326794,2.985056e+15,1.025199e+17,0.000890,0.744122
0.753448,-9.672076e-06,0.326858,3.001879e+15,1.022654e+17,0.000808,0.744122
0.753448,-9.122672e-06,0.326953,3.021945e+15,1.018863e+17,0.000731,0.744121
0.753448,-8.604366e-06,0.327092,3.046680e+15,1.013394e+17,0.000659,0.744121
0.753448,-8.115398e-06,0.327288,3.077880e+15,1.005728e+17,0.000592,0.744121
0.753448,-7.654107e-06,0.327558,3.117762e+15,9.952758e+16,0.000529,0.744120
0.753448,-7.218927e-06,0.327921,3.169021e+15,9.813946e+16,0.000470,0.744120
0.753448,-6.808380e-06,0.328398,3.234894e+15,9.634311e+16,0.000416,0.744120
0.753448,-6.421072e-06,0.329013,3.319235e+15,9.407739e+16,0.000365,0.744120
0.753448,-6.055686e-06,0.329790,3.426604e+15,9.129206e+16,0.000319,0.744119
0.753448,-5.710983e-06,0.330752,3.562393e+15,8.795512e+16,0.000277,0.744119
0.753448,-5.385791e-06,0.331923,3.732969e+15,8.405970e+16,0.000238,0.744119
0.753448,-5.079007e-06,0.333322,3.945874e+15,7.962933e+16,0.000204,0.744119
0.753448,-4.789587e-06,0.334967,4.210061e+15,7.472027e+16,0.000173,0.744118
0.753448,-4.516550e-06,0.336869,4.536199e+15,6.942002e+16,0.000146,0.744118
0.753448,-4.258968e-06,0.339035,4.937019e+15,6.384171e+16,0.000123,0.744118
0.753448,-4.015965e-06,0.341464,5.427736e+15,5.811516e+16,0.000103,0.744118
0.753448,-3.786718e-06,0.344152,6.026529e+15,5.237578e+16,0.000085,0.744118
0.753448,-3.570447e-06,0.347087,6.755082e+15,4.675328e+16,0.000070,0.744118
0.753448,-3.366418e-06,0.350255,7.639186e+15,4.136194e+16,0.000058,0.744117
0.753448,-3.173937e-06,0.353634,8.709398e+15,3.629363e+16,0.000048,0.744117
0.753448,-2.992352e-06,0.357202,1.000174e+16,3.161427e+16,0.000039,0.744117
0.753448,-2.821045e-06,0.360935,1.155848e+16,2.736359e+16,0.000032,0.744117
0.753448,-2.659435e-06,0.364807,1.342886e+16,2.355742e+16,0.000026,0.744117
0.753448,-2.506972e-06,0.368792,1.566998e+16,2.019174e+16,0.000022,0.744117
0.753448,-2.363140e-06,0.372867,1.834760e+16,1.724739e+16,0.000018,0.744116
0.753448,-2.227448e-06,0.377007,2.153698e+16,1.469489e+16,0.000015,0.744116
0.753448,-2.099438e-06,0.381192,2.532380e+16,1.249859e+16,0.000013,0.744116
0.753448,-1.978673e-06,0.385402,2.980497e+16,1.062018e+16,0.000011,0.744116
0.753448,-1.864744e-06,0.389620,3.508961e+16,9.021240e+15,0.000009,0.744116
0.753448,-1.757264e-06,0.393832,4.129993e+16,7.665044e+15,0.000008,0.744116
0.753448,-1.655868e-06,0.398024,4.857223e+16,6.517651e+15,0.000007,0.744116
0.753448,-1.560211e-06,0.402185,5.705791e+16,5.548497e+15,0.000006,0.744116
0.753448,-1.469969e-06,0.406308,6.692454e+16,4.730588e+15,0.000005,0.744116
0.753448,-1.384834e-06,0.410385,7.835712e+16,4.040448e+15,0.000005,0.744115
0.753448,-1.304519e-06,0.414410,9.155931e+16,3.457891e+15,0.000004,0.744115
0.753448,-1.228750e-06,0.418379,1.067549e+17,2.965723e+15,0.000004,0.744115
0.753448,-1.157269e-06,0.422289,1.241892e+17,2.549399e+15,0.000004,0.744115
0.753448,-1.089835e-06,0.426139,1.441312e+17,2.196677e+15,0.000004,0.744115
0.753448,-1.026218e-06,0.429927,1.668750e+17,1.897296e+15,0.000003,0.744115
0.753448,-9.662015e-07,0.433652,1.927420e+17,1.642674e+15,0.000003,0.744115
0.753448,-9.095824e-07,0.437315,2.220833e+17,1.425650e+15,0.000003,0.744115
0.753448,-8.561681e-07,0.440916,2.552820e+17,1.240250e+15,0.000003,0.744115
0.753448,-8.057772e-07,0.444457,2.927556e+17,1.081495e+15,0.000003,0.744115
0.753448,-7.582387e-07,0.447939,3.349590e+17,9.452316e+14,0.000003,0.744115
0.753448,-7.133910e-07,0.451362,3.823874e+17,8.279922e+14,0.000003,0.744115
0.753448,-6.710818e-07,0.454729,4.355789e+17,7.268800e+14,0.000003,0.744115
0.753448,-6.311676e-07,0.458041,4.951179e+17,6.394705e+14,0.000003,0.744115
0.753448,-5.935126e-07,0.461300,5.616381e+17,5.637312e+14,0.000003,0.744115
0.753448,-5.579890e-07,0.464507,6.358255e+17,4.979550e+14,0.000003,0.744114
0.753448,-5.244762e-07,0.467665,7.184217e+17,4.407048e+14,0.000003,0.744114
0.753448,-4.928604e-07,0.470774,8.102268e+17,3.907687e+14,0.000003,0.744114
0.753448,-4.630341e-07,0.473836,9.121023e+17,3.471219e+14,0.000003,0.744114
0.753448,-4.348961e-07,0.476852,1.024973e+18,3.088957e+14,0.000003,0.744114
0.753448,-4.083508e-07,0.479823,1.149832e+18,2.753525e+14,0.000003,0.744114
0.753448,-3.833081e-07,0.482752,1.287738e+18,2.458639e+14,0.000003,0.744114
0.753448,-3.596829e-07,0.485638,1.439821e+18,2.198935e+14,0.000003,0.744114
0.753448,-3.373950e-07,0.488482,1.607282e+18,1.969825e+14,0.000003,0.744114
0.753448,-3.163686e-07,0.491285,1.791391e+18,1.767371e+14,0.000003,0.744114
0.753448,-2.965325e-07,0.494049,1.993491e+18,1.588190e+14,0.000003,0.744114
0.753448,-2.778191e-07,0.496773,2.214993e+18,1.429364e+14,0.000003,0.744114
0.753448,-2.601650e-07,0.499457,2.457371e+18,1.288377e+14,0.000003,0.744113
0.753448,-2.435101e-07,0.502103,2.722167e+18,1.163047e+14,0.000003,0.744113
0.753448,-2.277980e-07,0.504710,3.010978e+18,1.051484e+14,0.000003,0.744113
0.753448,-2.129753e-07,0.507278,3.325451e+18,9.520456e+13,0.000003,0.744113
0.753448,-1.989916e-07,0.509807,3.667279e+18,8.633013e+13,0.000003,0.744113
0.753448,-1.857994e-07,0.512298,4.038189e+18,7.840031e+13,0.000003,0.744113
0.753448,-1.733539e-07,0.514750,4.439929e+18,7.130603e+13,0.000003,0.744113
0.753448,-1.616129e-07,0.517163,4.874261e+18,6.495183e+13,0.000003,0.744113
0.753448,-1.505365e-07,0.519536,5.342941e+18,5.925399e+13,0.000003,0.744113
0.753448,-1.400870e-07,0.521870,5.847706e+18,5.413899e+13,0.000003,0.744112
0.753448,-1.302291e-07,0.524164,6.390256e+18,4.954217e+13,0.000003,0.744112
0.753448,-1.209291e-07,0.526417,6.972236e+18,4.540658e+13,0.000003,0.744112
0.753448,-1.121555e-07,0.528629,7.595215e+18,4.168198e+13,0.000003,0.744112
0.753448,-1.038786e-07,0.530801,8.260664e+18,3.832400e+13,0.000003,0.744112
0.753448,-9.607015e-08,0.532930,8.969938e+18,3.529342e+13,0.000003,0.744112
0.753448,-8.870370e-08,0.535017,9.724249e+18,3.255550e+13,0.000003,0.744111
0.753448,-8.175422e-08,0.537062,1.052465e+19,3.007947e+13,0.000003,0.744111
0.753448,-7.519811e-08,0.539064,1.137199e+19,2.783802e+13,0.000003,0.744111
0.753448,-6.901310e-08,0.541023,1.226695e+19,2.580688e+13,0.000003,0.744111
0.753448,-6.317818e-08,0.542937,1.320995e+19,2.396448e+13,0.000003,0.744111
0.753448,-5.767354e-08,0.544808,1.420117e+19,2.229164e+13,0.000003,0.744111
0.753448,-5.248048e-08,0.546634,1.524056e+19,2.077124e+13,0.000003,0.744110
0.753448,-4.758137e-08,0.548415,1.632775e+19,1.938804e+13,0.000003,0.744110
0.753448,-4.295957e-08,0.550152,1.746212e+19,1.812843e+13,0.000003,0.744110
0.753448,-3.859938e-08,0.551843,1.864275e+19,1.698025e+13,0.000002,0.744110
0.753448,-3.448599e-08,0.553489,1.986842e+19,1.593263e+13,0.000002,0.744110
0.753448,-3.060544e-08,0.555090,2.113763e+19,1.497586e+13,0.000002,0.744110
0.753448,-2.694454e-08,0.556645,2.244856e+19,1.410121e+13,0.000002,0.744109
0.753448,-2.349086e-08,0.558156,2.379914e+19,1.330088e+13,0.000002,0.744109
0.753448,-2.023267e-08,0.559621,2.518702e+19,1.256787e+13,0.000002,0.744109
0.753448,-1.715891e-08,0.561041,2.660961e+19,1.189589e+13,0.000002,0.744109
0.753448,-1.425914e-08,0.562417,2.806406e+19,1.127929e+13,0.000002,0.744109
0.753448,-1.152350e-08,0.563749,2.954733e+19,1.071300e+13,0.000002,0.744108
0.753448,-8.942709e-09,0.565036,3.105621e+19,1.019243e+13,0.000002,0.744108
0.753448,-6.508002e-09,0.566280,3.258730e+19,9.713478e+12,0.000002,0.744108
0.753448,-4.211108e-09,0.567481,3.413712e+19,9.272423e+12,0.000002,0.744108
0.753448,-2.044227e-09,0.568640,3.570208e+19,8.865919e+12,0.000002,0.744108
0.753448,0.000000e+00,0.569757,3.727850e+19,8.490941e+12,0.000002,0.744108
0.753448,2.044227e-09,0.570834,3.886355e+19,8.144581e+12,0.000002,0.744107
0.753448,4.211108e-09,0.571932,4.054963e+19,7.805865e+12,0.000002,0.744107
0.753448,6.508002e-09,0.573048,4.233953e+19,7.475808e+12,0.000002,0.744107
0.753448,8.942709e-09,0.574181,4.423519e+19,7.155372e+12,0.000002,0.744107
0.753448,1.152350e-08,0.575325,4.623739e+19,6.845453e+12,0.000002,0.744106
0.753448,1.425914e-08,0.576478,4.834555e+19,6.546874e+12,0.000002,0.744106
0.753448,1.715891e-08,0.577634,5.055742e+19,6.260369e+12,0.000002,0.744106
0.753448,2.023267e-08,0.578790,5.286883e+19,5.986583e+12,0.000002,0.744105
0.753448,2.349086e-08,0.579940,5.527341e+19,5.726056e+12,0.000002,0.744105
0.753448,2.694454e-08,0.581078,5.776235e+19,5.479228e+12,0.000002,0.744105
0.753448,3.060544e-08,0.582200,6.032427e+19,5.246428e+12,0.000002,0.744104
0.753448,3.448599e-08,0.583300,6.294508e+19,5.027878e+12,0.000002,0.744103
0.753448,3.859938e-08,0.584371,6.560799e+19,4.823690e+12,0.000002,0.744103
0.753448,4.295957e-08,0.585408,6.829372e+19,4.633872e+12,0.000002,0.744102
0.753448,4.758137e-08,0.586406,7.098071e+19,4.458327e+12,0.000002,0.744101
0.753448,5.248048e-08,0.587359,7.364564e+19,4.296861e+12,0.000002,0.744101
0.753448,5.767354e-08,0.588262,7.626405e+19,4.149190e+12,0.000002,0.744100
0.753448,6.317818e-08,0.589111,7.881108e+19,4.014942e+12,0.000002,0.744099
0.753448,6.901310e-08,0.589903,8.126237e+19,3.893667e+12,0.000002,0.744098
0.753448,7.519811e-08,0.590634,8.359498e+19,3.784847e+12,0.000002,0.744096
0.753448,8.175422e-08,0.591304,8.578831e+19,3.687896e+12,0.000002,0.744095
0.753448,8.870370e-08,0.591911,8.782500e+19,3.602178e+12,0.000002,0.744094
0.753448,9.607015e-08,0.592454,8.969157e+19,3.527006e+12,0.000002,0.744092
0.753448,1.038786e-07,0.592936,9.137898e+19,3.461656e+12,0.000002,0.744091
0.753448,1.121555e-07,0.593358,9.288286e+19,3.405375e+12,0.000002,0.744089
0.753448,1.209291e-07,0.593723,9.420352e+19,3.357386e+12,0.000002,0.744087
0.753448,1.302291e-07,0.594035,9.534566e+19,3.316906e+12,0.000002,0.744085
0.753448,1.400870e-07,0.594297,9.631786e+19,3.283148e+12,0.000002,0.744083
0.753448,1.505365e-07,0.594514,9.713193e+19,3.255336e+12,0.000002,0.744080
0.753448,1.616129e-07,0.594692,9.780210e+19,3.232716e+12,0.000002,0.744078
0.753448,1.733539e-07,0.594835,9.834416e+19,3.214565e+12,0.000002,0.744075
0.753448,1.857994e-07,0.594948,9.877465e+19,3.200203e+12,0.000002,0.744072
0.753448,1.989916e-07,0.595036,9.911008e+19,3.188998e+12,0.000002,0.744069
0.753448,2.129753e-07,0.595102,9.936632e+19,3.180378e+12,0.000002,0.744066
0.753448,2.277980e-07,0.595152,9.955804e+19,3.173833e+12,0.000002,0.744063
0.753448,2.435101e-07,0.595189,9.969842e+19,3.168919e+12,0.000002,0.744059
0.753448,2.601650e-07,0.595215,9.979889e+19,3.165257e+12,0.000002,0.744055
0.753448,2.778191e-07,0.595233,9.986911e+19,3.162531e+12,0.000002,0.744051
0.753448,2.965325e-07,0.595245,9.991696e+19,3.160486e+12,0.000002,0.744047
0.753448,3.163686e-07,0.595254,9.994872e+19,3.158919e+12,0.000002,0.744042
0.753448,3.373950e-07,0.595259,9.996923e+19,3.157675e+12,0.000002,0.744037
0.753448,3.596829e-07,0.595262,9.998208e+19,3.156637e+12,0.000002,0.744032
0.753448,3.833081e-07,0.595264,9.998989e+19,3.155721e+12,0.000002,0.744027
0.753448,4.083508e-07,0.595265,9.999449e+19,3.154867e+12,0.000002,0.744021
0.753448,4.348961e-07,0.595266,9.999710e+19,3.154033e+12,0.000002,0.744015
0.753448,4.630341e-07,0.595266,9.999853e+19,3.153191e+12,0.000002,0.744008
0.753448,4.928604e-07,0.595267,9.999928e+19,3.152323e+12,0.000002,0.744001
0.753448,5.244762e-07,0.595267,9.999967e+19,3.151416e+12,0.000002,0.743994
0.753448,5.579890e-07,0.595267,9.999985e+19,3.150462e+12,0.000002,0.743986
0.753448,5.935126e-07,0.595267,9.999994e+19,3.149454e+12,0.000002,0.743978
0.753448,6.311676e-07,0.595267,9.999998e+19,3.148388e+12,0.000002,0.743969
0.753448,6.710818e-07,0.595267,9.999999e+19,3.147260e+12,0.000002,0.743960
0.753448,7.133910e-07,0.595267,1.000000e+20,3.146064e+12,0.000002,0.743950
0.753448,7.582387e-07,0.595267,1.000000e+20,3.144797e+12,0.000002,0.743940
0.753448,8.057772e-07,0.595267,1.000000e+20,3.143455e+12,0.000002,0.743929
0.753448,8.561681e-07,0.595267,1.000000e+20,3.142033e+12,0.000002,0.743917
0.753448,9.095824e-07,0.595267,1.000000e+20,3.140526e+12,0.000002,0.743904
0.753448,9.662015e-07,0.595267,1.000000e+20,3.138930e+12,0.000002,0.743891
0.753448,1.026218e-06,0.595267,1.000000e+20,3.137239e+12,0.000002,0.743877
0.753448,1.089835e-06,0.595267,1.000000e+20,3.135447e+12,0.000002,0.743863
0.753448,1.157269e-06,0.595267,1.000000e+20,3.133549e+12,0.000002,0.743847
0.753448,1.228750e-06,0.595267,1.000000e+20,3.131539e+12,0.000002,0.743830
0.753448,1.304519e-06,0.595267,1.000000e+20,3.129409e+12,0.000002,0.743813
0.753448,1.384834e-06,0.595267,1.000000e+20,3.127153e+12,0.000002,0.743794
0.753448,1.469969e-06,0.595267,1.000000e+20,3.124763e+12,0.000002,0.743774
0.753448,1.560211e-06,0.595267,1.000000e+20,3.122232e+12,0.000002,0.743753
0.753448,1.655868e-06,0.595267,1.000000e+20,3.119551e+12,0.000002,0.743731
0.753448,1.757264e-06,0.595267,1.000000e+20,3.116712e+12,0.000002,0.743708
0.753448,1.864744e-06,0.595267,1.000000e+20,3.113706e+12,0.000002,0.743683
0.753448,1.978673e-06,0.595267,1.000000e+20,3.110522e+12,0.000002,0.743656
0.753448,2.099438e-06,0.595267,1.000000e+20,3.107151e+12,0.000002,0.743628
0.753448,2.227448e-06,0.595267,1.000000e+20,3.103581e+12,0.000002,0.743598
0.753448,2.363140e-06,0.595267,1.000000e+20,3.099802e+12,0.000002,0.743567
0.753448,2.506972e-06,0.595267,1.000000e+20,3.095801e+12,0.000002,0.743534
0.753448,2.659435e-06,0.595267,1.000000e+20,3.091566e+12,0.000002,0.743498
0.753448,2.821045e-06,0.595267,1.000000e+20,3.087083e+12,0.000002,0.743461
0.753448,2.992352e-06,0.595267,1.000000e+20,3.082337e+12,0.000002,0.743421
0.753448,3.173937e-06,0.595267,1.000000e+20,3.077316e+12,0.000002,0.743379
0.753448,3.366418e-06,0.595267,1.000000e+20,3.072001e+12,0.000002,0.743334
0.753448,3.570447e-06,0.595267,1.000000e+20,3.066378e+12,0.000002,0.743287
0.753448,3.786718e-06,0.595267,1.000000e+20,3.060429e+12,0.000002,0.743237
0.753448,4.015965e-06,0.595267,1.000000e+20,3.054136e+12,0.000002,0.743183
0.753448,4.258968e-06,0.595267,1.000000e+20,3.047479e+12,0.000002,0.743127
0.753448,4.516550e-06,0.595267,1.000000e+20,3.040438e+12,0.000002,0.743067
0.753448,4.789587e-06,0.595267,1.000000e+20,3.032993e+12,0.000002,0.743004
0.753448,5.079007e-06,0.595267,1.000000e+20,3.025121e+12,0.000002,0.742937
0.753448,5.385791e-06,0.595267,1.000000e+20,3.016799e+12,0.000002,0.742865
0.753448,5.710983e-06,0.595267,1.000000e+20,3.008002e+12,0.000002,0.742790
0.753448,6.055686e-06,0.595267,1.000000e+20,2.998706e+12,0.000002,0.742710
0.753448,6.421072e-06,0.595267,1.000000e+20,2.988883e+12,0.000002,0.742625
0.753448,6.808380e-06,0.595267,1.000000e+20,2.978506e+12,0.000002,0.742535
0.753448,7.218927e-06,0.595267,1.000000e+20,2.967546e+12,0.000002,0.742440
0.753448,7.654107e-06,0.595267,1.000000e+20,2.955972e+12,0.000002,0.742339
0.753448,8.115398e-06,0.595267,1.000000e+20,2.943753e+12,0.000002,0.742232
0.753448,8.604366e-06,0.595267,1.000000e+20,2.930855e+12,0.000002,0.742118
0.753448,9.122672e-06,0.595267,1.000000e+20,2.917246e+12,0.000002,0.741998
0.753448,9.672076e-06,0.595267,1.000000e+20,2.902889e+12,0.000002,0.741870
0.753448,1.025445e-05,0.595267,1.000000e+20,2.887748e+12,0.000002,0.741735
0.753448,1.087176e-05,0.595267,1.000000e+20,2.871785e+12,0.000002,0.741592
0.753448,1.152611e-05,0.595267,1.000000e+20,2.854959e+12,0.000002,0.741440
0.753448,1.221972e-05,0.595267,1.000000e+20,2.837232e+12,0.000002,0.741279
0.753448,1.295494e-05,0.595267,1.000000e+20,2.818562e+12,0.000002,0.741108
0.753448,1.373428e-05,0.595267,1.000000e+20,2.798905e+12,0.000002,0.740927
0.753448,1.456039e-05,0.595267,1.000000e+20,2.778219e+12,0.000002,0.740735
0.753448,1.543605e-05,0.595267,1.000000e+20,2.756458e+12,0.000002,0.740532
0.753448,1.636426e-05,0.595267,1.000000e+20,2.733577e+12,0.000002,0.740317
0.753448,1.734816e-05,0.595267,1.000000e+20,2.709531e+12,0.000002,0.740088
0.753448,1.839109e-05,0.595267,1.000000e+20,2.684273e+12,0.000002,0.739846
0.753448,1.949660e-05,0.595267,1.000000e+20,2.657756e+12,0.000002,0.739589
0.753448,2.066844e-05,0.595267,1.000000e+20,2.629934e+12,0.000002,0.739317
0.753448,2.191060e-05,0.595267,1.000000e+20,2.600760e+12,0.000002,0.739029
0.753448,2.322728e-05,0.595267,1.000000e+20,2.570189e+12,0.000002,0.738723
0.753448,2.462296e-05,0.595267,1.000000e+20,2.538176e+12,0.000002,0.738399
0.753448,2.610238e-05,0.595267,1.000000e+20,2.504677e+12,0.000002,0.738056
0.753448,2.767056e-05,0.595267,1.000000e+20,2.469650e+12,0.000002,0.737692
0.753448,2.933284e-05,0.595267,1.000000e+20,2.433056e+12,0.000002,0.737306
0.753448,3.109486e-05,0.595267,1.000000e+20,2.394858e+12,0.000002,0.736897
0.753448,3.296259e-05,0.595267,1.000000e+20,2.355022e+12,0.000002,0.736463
0.753448,3.494239e-05,0.595267,1.000000e+20,2.313519e+12,0.000002,0.736003
0.753448,3.704098e-05,0.595267,1.000000e+20,2.270324e+12,0.000002,0.735516
0.753448,3.926548e-05,0.595267,1.000000e+20,2.225416e+12,0.000002,0.735000
0.753448,4.162346e-05,0.595267,1.000000e+20,2.178783e+12,0.000002,0.734452
0.753448,4.412291e-05,0.595267,1.000000e+20,2.130418e+12,0.000002,0.733872
0.753448,4.677233e-05,0.595267,1.000000e+20,2.080322e+12,0.000002,0.733257
0.753448,4.958071e-05,0.595267,1.000000e+20,2.028505e+12,0.000002,0.732605
0.753448,5.255760e-05,0.595267,1.000000e+20,1.974987e+12,0.000002,0.731913
0.753448,5.571310e-05,0.595267,1.000000e+20,1.919797e+12,0.000002,0.731181
0.753448,5.905793e-05,0.595267,1.000000e+20,1.862978e+12,0.000002,0.730404
0.753448,6.260345e-05,0.595267,1.000000e+20,1.804583e+12,0.000002,0.729581
0.753448,6.636170e-05,0.595266,1.000000e+20,1.744681e+12,0.000002,0.728708
0.753448,7.034545e-05,0.595266,1.000000e+20,1.683353e+12,0.000002,0.727783
0.753448,7.456822e-05,0.595266,1.000000e+20,1.620695e+12,0.000002,0.726802
0.753448,7.904435e-05,0.595266,1.000000e+20,1.556821e+12,0.000002,0.725763
0.753448,8.378906e-05,0.595266,1.000000e+20,1.491859e+12,0.000002,0.724661
0.753448,8.881845e-05,0.595266,1.000000e+20,1.425954e+12,0.000002,0.723493
0.753448,9.414960e-05,0.595266,1.000000e+20,1.359268e+12,0.000002,0.722254
0.753448,9.980062e-05,0.595266,1.000000e+20,1.291980e+12,0.000002,0.720942
0.753448,1.057907e-04,0.595266,1.000000e+20,1.224284e+12,0.000002,0.719550
0.753448,1.121402e-04,0.595266,1.000000e+20,1.156392e+12,0.000002,0.718076
0.753448,1.188706e-04,0.595266,1.000000e+20,1.088528e+12,0.000002,0.716512
0.753448,1.260049e-04,0.595266,1.000000e+20,1.020931e+12,0.000002,0.714855
0.753448,1.335673e-04,0.595266,1.000000e+20,9.538501e+11,0.000002,0.713098
0.753448,1.415833e-04,0.595266,1.000000e+20,8.875435e+11,0.000002,0.711235
0.753448,1.500804e-04,0.595266,1.000000e+20,8.222763e+11,0.000002,0.709260
0.753448,1.590873e-04,0.595266,1.000000e+20,7.583165e+11,0.000002,0.707167
0.753448,1.686345e-04,0.595266,1.000000e+20,6.959315e+11,0.000002,0.704947
0.753448,1.787547e-04,0.595266,1.000000e+20,6.353847e+11,0.000002,0.702594
0.753448,1.894820e-04,0.595266,1.000000e+20,5.769304e+11,0.000002,0.700099
0.753448,2.006215e-04,0.595266,1.000000e+20,5.218923e+11,0.000002,0.697507
0.753448,2.117611e-04,0.595266,1.000000e+20,4.720731e+11,0.000002,0.694914
0.753448,2.229006e-04,0.595266,1.000000e+20,4.269745e+11,0.000001,0.692318
0.753448,2.340402e-04,0.595266,1.000000e+20,3.861455e+11,0.000001,0.689719
0.753448,2.451797e-04,0.595266,1.000000e+20,3.491779e+11,0.000001,0.687118
0.753448,2.563193e-04,0.595266,1.000000e+20,3.157021e+11,0.000001,0.684512
0.753448,2.674588e-04,0.595266,1.000000e+20,2.853832e+11,0.000001,0.681902
0.753448,2.785984e-04,0.595266,1.000000e+20,2.579180e+11,0.000001,0.679286
0.753448,2.897379e-04,0.595265,1.000000e+20,2.330320e+11,0.000001,0.676663
0.753448,3.008775e-04,0.595265,1.000000e+20,2.104763e+11,0.000001,0.674031
0.753448,3.120170e-04,0.595265,1.000000e+20,1.900253e+11,0.000001,0.671388
0.753448,3.231566e-04,0.595265,1.000000e+20,1.714745e+11,0.000001,0.668733
0.753448,3.342961e-04,0.595265,1.000000e+20,1.546384e+11,0.000001,0.666061
0.753448,3.454357e-04,0.595265,1.000000e+20,1.393487e+11,0.000001,0.663370
0.753448,3.565752e-04,0.595265,1.000000e+20,1.254525e+11,0.000001,0.660654
0.753448,3.677148e-04,0.595265,1.000000e+20,1.128107e+11,0.000001,0.657908
0.753448,3.788543e-04,0.595265,1.000000e+20,1.012970e+11,0.000001,0.655125
0.753448,3.899939e-04,0.595265,1.000000e+20,9.079628e+10,0.000001,0.652295
0.753448,4.011334e-04,0.595265,1.000000e+20,8.120349e+10,0.000001,0.649409
0.753448,4.122730e-04,0.595265,1.000000e+20,7.242272e+10,0.000001,0.646450
0.753448,4.234125e-04,0.595265,1.000000e+20,6.436616e+10,0.000001,0.643401
0.753448,4.345521e-04,0.595265,1.000000e+20,5.695324e+10,0.000001,0.640238
0.753448,4.456916e-04,0.595265,1.000000e+20,5.010985e+10,0.000000,0.636929
0.753448,4.568312e-04,0.595265,1.000000e+20,4.376754e+10,0.000000,0.633430
0.753448,4.679708e-04,0.595265,1.000000e+20,3.786289e+10,0.000000,0.629684
0.753448,4.791103e-04,0.595265,1.000000e+20,3.233686e+10,0.000000,0.625605
0.753448,4.902499e-04,0.595265,1.000000e+20,2.713419e+10,0.000000,0.621070
0.753448,5.013894e-04,0.595265,1.000000e+20,2.220285e+10,0.000000,0.615885
0.753448,5.125290e-04,0.595264,1.000000e+20,1.749353e+10,0.000000,0.609722
0.753448,5.236685e-04,0.595264,1.000000e+20,1.295914e+10,0.000000,0.601966
0.753448,5.348081e-04,0.595264,1.000000e+20,8.554332e+09,0.000000,0.591228
0.753448,5.459476e-04,0.595264,1.000000e+20,4.235057e+09,0.000000,0.573053
0.753448,5.569776e-04,0.595264,1.000000e+20,1.000000e+00,0.000000,0.000000
0.905172,-9.340798e-04,0.488487,1.000000e+03,1.000000e+17,0.905172,0.905172
0.905172,-9.179603e-04,0.486194,1.814690e+14,1.001813e+17,0.232683,0.902926
0.905172,-8.992787e-04,0.483548,3.743149e+14,1.003741e+17,0.211319,0.900329
0.905172,-8.805972e-04,0.480912,5.521351e+14,1.005519e+17,0.198635,0.897740
0.905172,-8.619156e-04,0.478289,7.182121e+14,1.007180e+17,0.189213,0.895159
0.905172,-8.432340e-04,0.475676,8.753840e+14,1.008752e+17,0.181485,0.892587
0.905172,-8.245524e-04,0.473076,1.026122e+15,1.010259e+17,0.174777,0.890025
0.905172,-8.058708e-04,0.470488,1.172595e+15,1.011724e+17,0.168740,0.887474
0.905172,-7.871892e-04,0.467913,1.316725e+15,1.013165e+17,0.163167,0.884936
0.905172,-7.685076e-04,0.465350,1.460233e+15,1.014600e+17,0.157931,0.882410
0.905172,-7.498260e-04,0.462802,1.604678e+15,1.016044e+17,0.152944,0.879898
0.905172,-7.311444e-04,0.460267,1.751495e+15,1.017512e+17,0.148146,0.877401
0.905172,-7.124628e-04,0.457748,1.902018e+15,1.019017e+17,0.143495,0.874920
0.905172,-6.937812e-04,0.455245,2.057512e+15,1.020572e+17,0.138961,0.872456
0.905172,-6.750996e-04,0.452758,2.219195e+15,1.022189e+17,0.134518,0.870011
0.905172,-6.564180e-04,0.450289,2.388254e+15,1.023879e+17,0.130151,0.867584
0.905172,-6.377364e-04,0.447839,2.565872e+15,1.025655e+17,0.125846,0.865178
0.905172,-6.190548e-04,0.445408,2.753238e+15,1.027529e+17,0.121593,0.862795
0.905172,-6.003732e-04,0.442997,2.951568e+15,1.029512e+17,0.117385,0.860434
0.905172,-5.816916e-04,0.440609,3.162122e+15,1.031617e+17,0.113215,0.858099
0.905172,-5.630100e-04,0.438244,3.386217e+15,1.033858e+17,0.109080,0.855790
0.905172,-5.443284e-04,0.435904,3.625244e+15,1.036248e+17,0.104976,0.853509
0.905172,-5.256468e-04,0.433590,3.880688e+15,1.038802e+17,0.100902,0.851259
0.905172,-5.069653e-04,0.431303,4.154142e+15,1.041536e+17,0.096855,0.849040
0.905172,-4.882837e-04,0.429045,4.447326e+15,1.044468e+17,0.092834,0.846855
0.905172,-4.696021e-04,0.426819,4.762112e+15,1.047615e+17,0.088839,0.844706
0.905172,-4.509205e-04,0.424624,5.100538e+15,1.050999e+17,0.084870,0.842595
0.905172,-4.322389e-04,0.422465,5.464842e+15,1.054642e+17,0.080927,0.840525
0.905172,-4.135573e-04,0.420342,5.857483e+15,1.058568e+17,0.077011,0.838498
0.905172,-3.948757e-04,0.418258,6.281174e+15,1.062804e+17,0.073121,0.836517
0.905172,-3.761941e-04,0.416214,6.738914e+15,1.067381e+17,0.069259,0.834585
0.905172,-3.575125e-04,0.414214,7.234033e+15,1.072332e+17,0.065426,0.832704
0.905172,-3.388309e-04,0.412259,7.770232e+15,1.077693e+17,0.061623,0.830878
0.905172,-3.201493e-04,0.410352,8.351631e+15,1.083507e+17,0.057850,0.829111
0.905172,-3.020257e-04,0.408551,8.963300e+15,1.089623e+17,0.054222,0.827455
0.905172,-2.849280e-04,0.406898,9.587684e+15,1.095866e+17,0.050828,0.825949
0.905172,-2.687981e-04,0.405381,1.022287e+16,1.102218e+17,0.047652,0.824582
0.905172,-2.535811e-04,0.403989,1.086690e+16,1.108658e+17,0.044682,0.823341
0.905172,-2.392256e-04,0.402714,1.151780e+16,1.115166e+17,0.041902,0.822217
0.905172,-2.256826e-04,0.401545,1.217360e+16,1.121724e+17,0.039301,0.821199
0.905172,-2.129062e-04,0.400473,1.283235e+16,1.128311e+17,0.036867,0.820279
0.905172,-2.008529e-04,0.399491,1.349215e+16,1.134909e+17,0.034589,0.819448
0.905172,-1.894820e-04,0.398591,1.415114e+16,1.141498e+17,0.032456,0.818697
0.905172,-1.787547e-04,0.397766,1.480754e+16,1.148062e+17,0.030459,0.818020
0.905172,-1.686345e-04,0.397010,1.545967e+16,1.154583e+17,0.028589,0.817411
0.905172,-1.590873e-04,0.396317,1.610593e+16,1.161045e+17,0.026837,0.816862
0.905172,-1.500804e-04,0.395681,1.674483e+16,1.167434e+17,0.025195,0.816368
0.905172,-1.415833e-04,0.395098,1.737499e+16,1.173735e+17,0.023657,0.815924
0.905172,-1.335673e-04,0.394563,1.799515e+16,1.179937e+17,0.022216,0.815525
0.905172,-1.260049e-04,0.394071,1.860418e+16,1.186027e+17,0.020864,0.815167
0.905172,-1.188706e-04,0.393620,1.920106e+16,1.191995e+17,0.019596,0.814846
0.905172,-1.121402e-04,0.393206,1.978489e+16,1.197833e+17,0.018407,0.814557
0.905172,-1.057907e-04,0.392824,2.035489e+16,1.203533e+17,0.017292,0.814299
0.905172,-9.980062e-05,0.392474,2.091040e+16,1.209088e+17,0.016245,0.814067
0.905172,-9.414960e-05,0.392151,2.145088e+16,1.214493e+17,0.015263,0.813860
0.905172,-8.881845e-05,0.391854,2.197589e+16,1.219743e+17,0.014341,0.813674
0.905172,-8.378906e-05,0.391580,2.248507e+16,1.224834e+17,0.013475,0.813508
0.905172,-7.904435e-05,0.391328,2.297819e+16,1.229765e+17,0.012661,0.813360
0.905172,-7.456822e-05,0.391095,2.345508e+16,1.234534e+17,0.011897,0.813227
0.905172,-7.034545e-05,0.390880,2.391567e+16,1.239140e+17,0.011180,0.813108
0.905172,-6.636170e-05,0.390681,2.435995e+16,1.243583e+17,0.010505,0.813002
0.905172,-6.260345e-05,0.390498,2.478799e+16,1.247863e+17,0.009871,0.812907
0.905172,-5.905793e-05,0.390328,2.519992e+16,1.251982e+17,0.009275,0.812822
0.905172,-5.571310e-05,0.390170,2.559591e+16,1.255942e+17,0.008715,0.812747
0.905172,-5.255760e-05,0.390025,2.597619e+16,1.259745e+17,0.008188,0.812679
0.905172,-4.958071e-05,0.389890,2.634103e+16,1.263393e+17,0.007692,0.812619
0.905172,-4.677233e-05,0.389764,2.669074e+16,1.266890e+17,0.007226,0.812565
0.905172,-4.412291e-05,0.389648,2.702564e+16,1.270239e+17,0.006788,0.812517
0.905172,-4.162346e-05,0.389540,2.734611e+16,1.273444e+17,0.006375,0.812474
0.905172,-3.926548e-05,0.389440,2.765253e+16,1.276508e+17,0.005986,0.812436
0.905172,-3.704098e-05,0.389347,2.794529e+16,1.279436e+17,0.005621,0.812402
0.905172,-3.494239e-05,0.389260,2.822481e+16,1.282231e+17,0.005277,0.812372
0.905172,-3.296259e-05,0.389179,2.849151e+16,1.284898e+17,0.004953,0.812345
0.905172,-3.109486e-05,0.389104,2.874581e+16,1.287441e+17,0.004648,0.812321
0.905172,-2.933284e-05,0.389034,2.898816e+16,1.289864e+17,0.004361,0.812299
0.905172,-2.767056e-05,0.388968,2.921898e+16,1.292172e+17,0.004091,0.812280
0.905172,-2.610238e-05,0.388908,2.943871e+16,1.294370e+17,0.003836,0.812263
0.905172,-2.462296e-05,0.388851,2.964777e+16,1.296460e+17,0.003596,0.812248
0.905172,-2.322728e-05,0.388797,2.984659e+16,1.298448e+17,0.003370,0.812234
0.905172,-2.191060e-05,0.388748,3.003558e+16,1.300338e+17,0.003157,0.812222
0.905172,-2.066844e-05,0.388701,3.021515e+16,1.302134e+17,0.002957,0.812211
0.905172,-1.949660e-05,0.388658,3.038571e+16,1.303839e+17,0.002768,0.812202
0.905172,-1.839109e-05,0.388617,3.054765e+16,1.305459e+17,0.002590,0.812193
0.905172,-1.734816e-05,0.388579,3.070135e+16,1.306995e+17,0.002422,0.812186
0.905172,-1.636426e-05,0.388544,3.084718e+16,1.308453e+17,0.002264,0.812179
0.905172,-1.543605e-05,0.388511,3.098551e+16,1.309835e+17,0.002115,0.812173
0.905172,-1.456039e-05,0.388479,3.111672e+16,1.311144e+17,0.001975,0.812168
0.905172,-1.373428e-05,0.388450,3.124117e+16,1.312381e+17,0.001842,0.812163
0.905172,-1.295494e-05,0.388423,3.135926e+16,1.313547e+17,0.001718,0.812159
0.905172,-1.221972e-05,0.388398,3.147144e+16,1.314639e+17,0.001600,0.812155
0.905172,-1.152611e-05,0.388375,3.157824e+16,1.315651e+17,0.001489,0.812152
0.905172,-1.087176e-05,0.388353,3.168031e+16,1.316570e+17,0.001385,0.812149
0.905172,-1.025445e-05,0.388335,3.177856e+16,1.317374e+17,0.001286,0.812146
0.905172,-9.672076e-06,0.388320,3.187417e+16,1.318027e+17,0.001193,0.812144
0.905172,-9.122672e-06,0.388309,3.196880e+16,1.318474e+17,0.001106,0.812141
0.905172,-8.604366e-06,0.388304,3.206466e+16,1.318636e+17,0.001023,0.812140
0.905172,-8.115398e-06,0.388307,3.216478e+16,1.318405e+17,0.000946,0.812138
0.905172,-7.654107e-06,0.388321,3.227310e+16,1.317630e+17,0.000873,0.812136
0.905172,-7.218927e-06,0.388349,3.239475e+16,1.316120e+17,0.000804,0.812135
0.905172,-6.808380e-06,0.388397,3.253616e+16,1.313632e+17,0.000739,0.812134
0.905172,-6.421072e-06,0.388470,3.270533e+16,1.309871e+17,0.000678,0.812133
0.905172,-6.055686e-06,0.388575,3.291189e+16,1.304491e+17,0.000620,0.812132
0.905172,-5.710983e-06,0.388721,3.316732e+16,1.297097e+17,0.000567,0.812131
0.905172,-5.385791e-06,0.388917,3.348499e+16,1.287259e+17,0.000516,0.812130
0.905172,-5.079007e-06,0.389174,3.388027e+16,1.274524e+17,0.000469,0.812130
0.905172,-4.789587e-06,0.389501,3.437059e+16,1.258446e+17,0.000425,0.812129
0.905172,-4.516550e-06,0.389912,3.497556e+16,1.238604e+17,0.000385,0.812129
0.905172,-4.258968e-06,0.390416,3.571704e+16,1.214642e+17,0.000347,0.812128
0.905172,-4.015965e-06,0.391026,3.661927e+16,1.186293e+17,0.000312,0.812128
0.905172,-3.786718e-06,0.391752,3.770913e+16,1.153417e+17,0.000280,0.812127
0.905172,-3.570447e-06,0.392604,3.901637e+16,1.116021e+17,0.000251,0.812127
0.905172,-3.366418e-06,0.393589,4.057392e+16,1.074273e+17,0.000224,0.812127
0.905172,-3.173937e-06,0.394715,4.241840e+16,1.028509e+17,0.000200,0.812126
0.905172,-2.992352e-06,0.395984,4.459055e+16,9.792197e+16,0.000178,0.812126
0.905172,-2.821045e-06,0.397400,4.713585e+16,9.270319e+16,0.000159,0.812126
0.905172,-2.659435e-06,0.398961,5.010516e+16,8.726721e+16,0.000141,0.812126
0.905172,-2.506972e-06,0.400668,5.355547e+16,8.169288e+16,0.000126,0.812125
0.905172,-2.363140e-06,0.402514,5.755070e+16,7.606091e+16,0.000112,0.812125
0.905172,-2.227448e-06,0.404495,6.216251e+16,7.044979e+16,0.000101,0.812125
0.905172,-2.099438e-06,0.406603,6.747131e+16,6.493217e+16,0.000090,0.812125
0.905172,-1.978673e-06,0.408830,7.356716e+16,5.957214e+16,0.000081,0.812125
0.905172,-1.864744e-06,0.411167,8.055086e+16,5.442328e+16,0.000074,0.812124
0.905172,-1.757264e-06,0.413604,8.853506e+16,4.952783e+16,0.000067,0.812124
0.905172,-1.655868e-06,0.416130,9.764546e+16,4.491656e+16,0.000061,0.812124
0.905172,-1.560211e-06,0.418736,1.080220e+17,4.060936e+16,0.000056,0.812124
0.905172,-1.469969e-06,0.421412,1.198205e+17,3.661639e+16,0.000052,0.812124
0.905172,-1.384834e-06,0.424148,1.332135e+17,3.293941e+16,0.000049,0.812124
0.905172,-1.304519e-06,0.426934,1.483927e+17,2.957335e+16,0.000046,0.812124
0.905172,-1.228750e-06,0.429763,1.655697e+17,2.650777e+16,0.000043,0.812124
0.905172,-1.157269e-06,0.432627,1.849785e+17,2.372834e+16,0.000041,0.812124
0.905172,-1.089835e-06,0.435517,2.068771e+17,2.121804e+16,0.000039,0.812124
0.905172,-1.026218e-06,0.438429,2.315495e+17,1.895824e+16,0.000038,0.812123
0.905172,-9.662015e-07,0.441354,2.593082e+17,1.692958e+16,0.000036,0.812123
0.905172,-9.095824e-07,0.444289,2.904961e+17,1.511259e+16,0.000035,0.812123
0.905172,-8.561681e-07,0.447229,3.254893e+17,1.348829e+16,0.000034,0.812123
0.905172,-8.057772e-07,0.450169,3.646995e+17,1.203843e+16,0.000034,0.812123
0.905172,-7.582387e-07,0.453105,4.085769e+17,1.074586e+16,0.000033,0.812123
0.905172,-7.133910e-07,0.456034,4.576128e+17,9.594553e+15,0.000032,0.812123
0.905172,-6.710818e-07,0.458954,5.123426e+17,8.569765e+15,0.000032,0.812123
0.905172,-6.311676e-07,0.461862,5.733490e+17,7.658005e+15,0.000031,0.812123
0.905172,-5.935126e-07,0.464756,6.412648e+17,6.847021e+15,0.000031,0.812123
0.905172,-5.579890e-07,0.467634,7.167758e+17,6.125748e+15,0.000031,0.812123
0.905172,-5.244762e-07,0.470494,8.006242e+17,5.484240e+15,0.000031,0.812123
0.905172,-4.928604e-07,0.473334,8.936111e+17,4.913587e+15,0.000030,0.812123
0.905172,-4.630341e-07,0.476154,9.965997e+17,4.405832e+15,0.000030,0.812122
0.905172,-4.348961e-07,0.478952,1.110517e+18,3.953888e+15,0.000030,0.812122
0.905172,-4.083508e-07,0.481726,1.236358e+18,3.551452e+15,0.000030,0.812122
0.905172,-3.833081e-07,0.484477,1.375185e+18,3.192930e+15,0.000030,0.812122
0.905172,-3.596829e-07,0.487204,1.528131e+18,2.873361e+15,0.000030,0.812122
0.905172,-3.373950e-07,0.489904,1.696398e+18,2.588347e+15,0.000030,0.812122
0.905172,-3.163686e-07,0.492578,1.881262e+18,2.333998e+15,0.000030,0.812122
0.905172,-2.965325e-07,0.495225,2.084067e+18,2.106868e+15,0.000030,0.812122
0.905172,-2.778191e-07,0.497843,2.306228e+18,1.903908e+15,0.000030,0.812122
0.905172,-2.601650e-07,0.500433,2.549223e+18,1.722420e+15,0.000030,0.812122
0.905172,-2.435101e-07,0.502993,2.814597e+18,1.560018e+15,0.000030,0.812122
0.905172,-2.277980e-07,0.505523,3.103949e+18,1.414588e+15,0.000029,0.812121
0.905172,-2.129753e-07,0.508021,3.418931e+18,1.284259e+15,0.000029,0.812121
0.905172,-1.989916e-07,0.510488,3.761238e+18,1.167375e+15,0.000029,0.812121
0.905172,-1.857994e-07,0.512922,4.132600e+18,1.062469e+15,0.000029,0.812121
0.905172,-1.733539e-07,0.515323,4.534769e+18,9.682385e+14,0.000029,0.812121
0.905172,-1.616129e-07,0.517690,4.969509e+18,8.835316e+14,0.000029,0.812121
0.905172,-1.505365e-07,0.520022,5.438579e+18,8.073243e+14,0.000029,0.812121
0.905172,-1.400870e-07,0.522318,5.943719e+18,7.387084e+14,0.000029,0.812121
0.905172,-1.302291e-07,0.524577,6.486632e+18,6.768770e+14,0.000029,0.812120
0.905172,-1.209291e-07,0.526800,7.068965e+18,6.211132e+14,0.000029,0.812120
0.905172,-1.121555e-07,0.528985,7.692291e+18,5.707797e+14,0.000029,0.812120
0.905172,-1.038786e-07,0.531131,8.358083e+18,5.253092e+14,0.000029,0.812120
0.905172,-9.607015e-08,0.533237,9.067697e+18,4.841970e+14,0.000029,0.812120
0.905172,-8.870370e-08,0.535304,9.822349e+18,4.469933e+14,0.000029,0.812120
0.905172,-8.175422e-08,0.537330,1.062309e+19,4.132976e+14,0.000029,0.812119
0.905172,-7.519811e-08,0.539315,1.147079e+19,3.827522e+14,0.000029,0.812119
0.905172,-6.901310e-08,0.541257,1.236610e+19,3.550384e+14,0.000029,0.812119
0.905172,-6.317818e-08,0.543158,1.330946e+19,3.298714e+14,0.000029,0.812119
0.905172,-5.767354e-08,0.545016,1.430106e+19,3.069968e+14,0.000029,0.812119
0.905172,-5.248048e-08,0.546830,1.534084e+19,2.861872e+14,0.000029,0.812119
0.905172,-4.758137e-08,0.548601,1.642843e+19,2.672392e+14,0.000029,0.812118
0.905172,-4.295957e-08,0.550328,1.756322e+19,2.499706e+14,0.000029,0.812118
0.905172,-3.859938e-08,0.552010,1.874429e+19,2.342185e+14,0.000029,0.812118
0.905172,-3.448599e-08,0.553648,1.997042e+19,2.198366e+14,0.000029,0.812118
0.905172,-3.060544e-08,0.555242,2.124009e+19,2.066938e+14,0.000029,0.812118
0.905172,-2.694454e-08,0.556790,2.255152e+19,1.946727e+14,0.000029,0.812117
0.905172,-2.349086e-08,0.558295,2.390262e+19,1.836674e+14,0.000029,0.812117
0.905172,-2.023267e-08,0.559754,2.529104e+19,1.735833e+14,0.000029,0.812117
0.905172,-1.715891e-08,0.561170,2.671418e+19,1.643348e+14,0.000029,0.812117
0.905172,-1.425914e-08,0.562541,2.816921e+19,1.558453e+14,0.000029,0.812117
0.905172,-1.152350e-08,0.563868,2.965308e+19,1.480456e+14,0.000029,0.812117
0.905172,-8.942709e-09,0.565151,3.116258e+19,1.408734e+14,0.000029,0.812116
0.905172,-6.508002e-09,0.566392,3.269432e+19,1.342725e+14,0.000029,0.812116
0.905172,-4.211108e-09,0.567590,3.424480e+19,1.281922e+14,0.000029,0.812116
0.905172,-2.044227e-09,0.568745,3.581042e+19,1.225868e+14,0.000029,0.812116
0.905172,0.000000e+00,0.569860,3.738755e+19,1.174149e+14,0.000029,0.812116
0.905172,2.044227e-09,0.570933,3.897307e+19,1.126374e+14,0.000029,0.812115
0.905172,4.211108e-09,0.572028,4.065942e+19,1.079649e+14,0.000029,0.812115
0.905172,6.508002e-09,0.573142,4.244936e+19,1.034116e+14,0.000029,0.812115
0.905172,8.942709e-09,0.574271,4.434477e+19,9.899053e+13,0.000029,0.812115
0.905172,1.152350e-08,0.575413,4.634641e+19,9.471427e+13,0.000029,0.812115
0.905172,1.425914e-08,0.576562,4.845366e+19,9.059410e+13,0.000029,0.812114
0.905172,1.715891e-08,0.577716,5.066421e+19,8.664022e+13,0.000029,0.812114
0.905172,2.023267e-08,0.578868,5.297388e+19,8.286152e+13,0.000029,0.812114
0.905172,2.349086e-08,0.580015,5.537625e+19,7.926551e+13,0.000029,0.812113
0.905172,2.694454e-08,0.581150,5.786250e+19,7.585828e+13,0.000029,0.812113
0.905172,3.060544e-08,0.582269,6.042122e+19,7.264441e+13,0.000029,0.812112
0.905172,3.448599e-08,0.583365,6.303833e+19,6.962700e+13,0.000029,0.812112
0.905172,3.859938e-08,0.584433,6.569706e+19,6.680764e+13,0.000029,0.812111
0.905172,4.295957e-08,0.585467,6.837813e+19,6.418647e+13,0.000029,0.812110
0.905172,4.758137e-08,0.586461,7.106003e+19,6.176219e+13,0.000029,0.812110
0.905172,5.248048e-08,0.587411,7.371952e+19,5.953218e+13,0.000029,0.812109
0.905172,5.767354e-08,0.588312,7.633220e+19,5.749251e+13,0.000029,0.812108
0.905172,6.317818e-08,0.589158,7.887330e+19,5.563812e+13,0.000029,0.812107
0.905172,6.901310e-08,0.589948,8.131855e+19,5.396282e+13,0.000029,0.812106
0.905172,7.519811e-08,0.590677,8.364511e+19,5.245945e+13,0.000029,0.812105
0.905172,8.175422e-08,0.591344,8.583251e+19,5.112000e+13,0.000029,0.812103
0.905172,8.870370e-08,0.591949,8.786347e+19,4.993566e+13,0.000029,0.812102
0.905172,9.607015e-08,0.592491,8.972461e+19,4.889698e+13,0.000029,0.812100
0.905172,1.038786e-07,0.592971,9.140696e+19,4.799398e+13,0.000029,0.812099
0.905172,1.121555e-07,0.593391,9.290623e+19,4.721625e+13,0.000029,0.812097
0.905172,1.209291e-07,0.593755,9.422274e+19,4.655309e+13,0.000029,0.812095
0.905172,1.302291e-07,0.594066,9.536122e+19,4.599367e+13,0.000029,0.812093
0.905172,1.400870e-07,0.594327,9.633026e+19,4.552714e+13,0.000029,0.812091
0.905172,1.505365e-07,0.594544,9.714165e+19,4.514277e+13,0.000029,0.812088
0.905172,1.616129e-07,0.594721,9.780959e+19,4.483014e+13,0.000029,0.812086
0.905172,1.733539e-07,0.594863,9.834984e+19,4.457928e+13,0.000029,0.812083
0.905172,1.857994e-07,0.594976,9.877887e+19,4.438076e+13,0.000029,0.812080
0.905172,1.989916e-07,0.595063,9.911317e+19,4.422589e+13,0.000029,0.812077
0.905172,2.129753e-07,0.595130,9.936853e+19,4.410674e+13,0.000029,0.812074
0.905172,2.277980e-07,0.595179,9.955960e+19,4.401626e+13,0.000029,0.812071
0.905172,2.435101e-07,0.595216,9.969950e+19,4.394832e+13,0.000029,0.812067
0.905172,2.601650e-07,0.595242,9.979962e+19,4.389768e+13,0.000029,0.812063
0.905172,2.778191e-07,0.595260,9.986960e+19,4.385998e+13,0.000029,0.812059
0.905172,2.965325e-07,0.595272,9.991729e+19,4.383169e+13,0.000029,0.812055
0.905172,3.163686e-07,0.595280,9.994894e+19,4.381001e+13,0.000029,0.812050
0.905172,3.373950e-07,0.595286,9.996937e+19,4.379279e+13,0.000029,0.812045
0.905172,3.596829e-07,0.595289,9.998218e+19,4.377843e+13,0.000029,0.812040
0.905172,3.833081e-07,0.595291,9.998997e+19,4.376573e+13,0.000029,0.812035
0.905172,4.083508e-07,0.595292,9.999455e+19,4.375389e+13,0.000029,0.812029
0.905172,4.348961e-07,0.595293,9.999715e+19,4.374233e+13,0.000029,0.812023
0.905172,4.630341e-07,0.595293,9.999858e+19,4.373065e+13,0.000029,0.812016
0.905172,4.928604e-07,0.595293,9.999933e+19,4.371862e+13,0.000029,0.812009
0.905172,5.244762e-07,0.595293,9.999971e+19,4.370604e+13,0.000029,0.812002
0.905172,5.579890e-07,0.595294,9.999989e+19,4.369281e+13,0.000029,0.811994
0.905172,5.935126e-07,0.595294,9.999998e+19,4.367884e+13,0.000029,0.811986
0.905172,6.311676e-07,0.595294,1.000000e+20,4.366406e+13,0.000029,0.811977
0.905172,6.710818e-07,0.595294,1.000000e+20,4.364841e+13,0.000029,0.811968
0.905172,7.133910e-07,0.595294,1.000000e+20,4.363183e+13,0.000029,0.811958
0.905172,7.582387e-07,0.595294,1.000000e+20,4.361426e+13,0.000029,0.811948
0.905172,8.057772e-07,0.595294,1.000000e+20,4.359565e+13,0.000029,0.811937
0.905172,8.561681e-07,0.595294,1.000000e+20,4.357593e+13,0.000029,0.811925
0.905172,9.095824e-07,0.595294,1.000000e+20,4.355503e+13,0.000029,0.811913
0.905172,9.662015e-07,0.595294,1.000000e+20,4.353290e+13,0.000029,0.811899
0.905172,1.026218e-06,0.595294,1.000000e+20,4.350945e+13,0.000029,0.811885
0.905172,1.089835e-06,0.595294,1.000000e+20,4.348460e+13,0.000029,0.811871
0.905172,1.157269e-06,0.595294,1.000000e+20,4.345828e+13,0.000029,0.811855
0.905172,1.228750e-06,0.595294,1.000000e+20,4.343040e+13,0.000029,0.811838
0.905172,1.304519e-06,0.595294,1.000000e+20,4.340086e+13,0.000029,0.811821
0.905172,1.384834e-06,0.595294,1.000000e+20,4.336958e+13,0.000029,0.811802
0.905172,1.469969e-06,0.595294,1.000000e+20,4.333644e+13,0.000029,0.811782
0.905172,1.560211e-06,0.595294,1.000000e+20,4.330134e+13,0.000029,0.811761
0.905172,1.655868e-06,0.595294,1.000000e+20,4.326417e+13,0.000029,0.811739
0.905172,1.757264e-06,0.595294,1.000000e+20,4.322480e+13,0.000029,0.811716
0.905172,1.864744e-06,0.595294,1.000000e+20,4.318311e+13,0.000029,0.811691
0.905172,1.978673e-06,0.595294,1.000000e+20,4.313896e+13,0.000029,0.811664
0.905172,2.099438e-06,0.595294,1.000000e+20,4.309221e+13,0.000029,0.811636
0.905172,2.227448e-06,0.595293,1.000000e+20,4.304271e+13,0.000029,0.811607
0.905172,2.363140e-06,0.595293,1.000000e+20,4.299030e+13,0.000029,0.811575
0.905172,2.506972e-06,0.595293,1.000000e+20,4.293482e+13,0.000029,0.811542
0.905172,2.659435e-06,0.595293,1.000000e+20,4.287608e+13,0.000029,0.811506
0.905172,2.821045e-06,0.595293,1.000000e+20,4.281392e+13,0.000029,0.811469
0.905172,2.992352e-06,0.595293,1.000000e+20,4.274811e+13,0.000029,0.811429
0.905172,3.173937e-06,0.595293,1.000000e+20,4.267848e+13,0.000029,0.811387
0.905172,3.366418e-06,0.595293,1.000000e+20,4.260478e+13,0.000029,0.811342
0.905172,3.570447e-06,0.595293,1.000000e+20,4.252681e+13,0.000029,0.811295
0.905172,3.786718e-06,0.595293,1.000000e+20,4.244431e+13,0.000029,0.811245
0.905172,4.015965e-06,0.595293,1.000000e+20,4.235703e+13,0.000029,0.811191
0.905172,4.258968e-06,0.595293,1.000000e+20,4.226472e+13,0.000029,0.811135
0.905172,4.516550e-06,0.595293,1.000000e+20,4.216708e+13,0.000029,0.811075
0.905172,4.789587e-06,0.595293,1.000000e+20,4.206384e+13,0.000029,0.811012
0.905172,5.079007e-06,0.595293,1.000000e+20,4.195467e+13,0.000029,0.810945
0.905172,5.385791e-06,0.595293,1.000000e+20,4.183927e+13,0.000029,0.810873
0.905172,5.710983e-06,0.595293,1.000000e+20,4.171728e+13,0.000029,0.810798
0.905172,6.055686e-06,0.595293,1.000000e+20,4.158837e+13,0.000029,0.810718
0.905172,6.421072e-06,0.595293,1.000000e+20,4.145215e+13,0.000029,0.810633
0.905172,6.808380e-06,0.595293,1.000000e+20,4.130825e+13,0.000029,0.810543
0.905172,7.218927e-06,0.595293,1.000000e+20,4.115626e+13,0.000029,0.810448
0.905172,7.654107e-06,0.595293,1.000000e+20,4.099576e+13,0.000029,0.810347
0.905172,8.115398e-06,0.595293,1.000000e+20,4.082631e+13,0.000029,0.810240
0.905172,8.604366e-06,0.595293,1.000000e+20,4.064746e+13,0.000029,0.810126
0.905172,9.122672e-06,0.595293,1.000000e+20,4.045874e+13,0.000029,0.810006
0.905172,9.672076e-06,0.595293,1.000000e+20,4.025965e+13,0.000029,0.809878
0.905172,1.025445e-05,0.595293,1.000000e+20,4.004968e+13,0.000029,0.809743
0.905172,1.087176e-05,0.595293,1.000000e+20,3.982830e+13,0.000029,0.809600
0.905172,1.152611e-05,0.595293,1.000000e+20,3.959498e+13,0.000029,0.809448
0.905172,1.221972e-05,0.595293,1.000000e+20,3.934916e+13,0.000029,0.809287
0.905172,1.295494e-05,0.595293,1.000000e+20,3.909024e+13,0.000029,0.809116
0.905172,1.373428e-05,0.595293,1.000000e+20,3.881766e+13,0.000029,0.808935
0.905172,1.456039e-05,0.595293,1.000000e+20,3.853079e+13,0.000029,0.808743
0.905172,1.543605e-05,0.595293,1.000000e+20,3.822902e+13,0.000028,0.808540
0.905172,1.636426e-05,0.595293,1.000000e+20,3.791172e+13,0.000028,0.808324
0.905172,1.734816e-05,0.595293,1.000000e+20,3.757826e+13,0.000028,0.808096
0.905172,1.839109e-05,0.595293,1.000000e+20,3.722799e+13,0.000028,0.807854
0.905172,1.949660e-05,0.595293,1.000000e+20,3.686027e+13,0.000028,0.807597
0.905172,2.066844e-05,0.595293,1.000000e+20,3.647445e+13,0.000028,0.807325
0.905172,2.191060e-05,0.595292,1.000000e+20,3.606988e+13,0.000028,0.807037
0.905172,2.322728e-05,0.595292,1.000000e+20,3.564594e+13,0.000028,0.806731
0.905172,2.462296e-05,0.595292,1.000000e+20,3.520199e+13,0.000028,0.806407
0.905172,2.610238e-05,0.595292,1.000000e+20,3.473744e+13,0.000028,0.806063
0.905172,2.767056e-05,0.595292,1.000000e+20,3.425170e+13,0.000028,0.805699
0.905172,2.933284e-05,0.595292,1.000000e+20,3.374423e+13,0.000028,0.805313
0.905172,3.109486e-05,0.595292,1.000000e+20,3.321452e+13,0.000028,0.804904
0.905172,3.296259e-05,0.595292,1.000000e+20,3.266209e+13,0.000028,0.804470
0.905172,3.494239e-05,0.595292,1.000000e+20,3.208654e+13,0.000027,0.804011
0.905172,3.704098e-05,0.595292,1.000000e+20,3.148751e+13,0.000027,0.803523
0.905172,3.926548e-05,0.595292,1.000000e+20,3.086475e+13,0.000027,0.803007
0.905172,4.162346e-05,0.595291,1.000000e+20,3.021805e+13,0.000027,0.802459
0.905172,4.412291e-05,0.595291,1.000000e+20,2.954733e+13,0.000027,0.801879
0.905172,4.677233e-05,0.595291,1.000000e+20,2.885261e+13,0.000027,0.801264
0.905172,4.958071e-05,0.595291,1.000000e+20,2.813402e+13,0.000027,0.800611
0.905172,5.255760e-05,0.595291,1.000000e+20,2.739183e+13,0.000027,0.799920
0.905172,5.571310e-05,0.595291,1.000000e+20,2.662646e+13,0.000026,0.799187
0.905172,5.905793e-05,0.595291,1.000000e+20,2.583849e+13,0.000026,0.798411
0.905172,6.260345e-05,0.595290,1.000000e+20,2.502868e+13,0.000026,0.797587
0.905172,6.636170e-05,0.595290,1.000000e+20,2.419795e+13,0.000026,0.796714
0.905172,7.034545e-05,0.595290,1.000000e+20,2.334744e+13,0.000026,0.795789
0.905172,7.456822e-05,0.595290,1.000000e+20,2.247849e+13,0.000025,0.794808
0.905172,7.904435e-05,0.595289,1.000000e+20,2.159267e+13,0.000025,0.793769
0.905172,8.378906e-05,0.595289,1.000000e+20,2.069175e+13,0.000025,0.792667
0.905172,8.881845e-05,0.595289,1.000000e+20,1.977776e+13,0.000025,0.791499
0.905172,9.414960e-05,0.595289,1.000000e+20,1.885293e+13,0.000024,0.790260
0.905172,9.980062e-05,0.595288,1.000000e+20,1.791974e+13,0.000024,0.788948
0.905172,1.057907e-04,0.595288,1.000000e+20,1.698090e+13,0.000024,0.787556
0.905172,1.121402e-04,0.595288,1.000000e+20,1.603933e+13,0.000023,0.786081
0.905172,1.188706e-04,0.595287,1.000000e+20,1.509814e+13,0.000023,0.784517
0.905172,1.260049e-04,0.595287,1.000000e+20,1.416065e+13,0.000023,0.782860
0.905172,1.335673e-04,0.595287,1.000000e+20,1.323030e+13,0.000022,0.781102
0.905172,1.415833e-04,0.595286,1.000000e+20,1.231069e+13,0.000022,0.779240
0.905172,1.500804e-04,0.595286,1.000000e+20,1.140549e+13,0.000021,0.777265
0.905172,1.590873e-04,0.595285,1.000000e+20,1.051842e+13,0.000021,0.775171
0.905172,1.686345e-04,0.595285,1.000000e+20,9.653179e+12,0.000020,0.772952
0.905172,1.787547e-04,0.595284,1.000000e+20,8.813424e+12,0.000020,0.770598
0.905172,1.894820e-04,0.595284,1.000000e+20,8.002685e+12,0.000019,0.768103
0.905172,2.006215e-04,0.595283,1.000000e+20,7.239319e+12,0.000019,0.765511
0.905172,2.117611e-04,0.595282,1.000000e+20,6.548330e+12,0.000018,0.762917
0.905172,2.229006e-04,0.595282,1.000000e+20,5.922809e+12,0.000018,0.760321
0.905172,2.340402e-04,0.595281,1.000000e+20,5.356502e+12,0.000017,0.757722
0.905172,2.451797e-04,0.595281,1.000000e+20,4.843749e+12,0.000016,0.755120
0.905172,2.563193e-04,0.595280,1.000000e+20,4.379422e+12,0.000016,0.752514
0.905172,2.674588e-04,0.595280,1.000000e+20,3.958879e+12,0.000015,0.749904
0.905172,2.785984e-04,0.595279,1.000000e+20,3.577915e+12,0.000015,0.747287
0.905172,2.897379e-04,0.595278,1.000000e+20,3.232723e+12,0.000014,0.744664
0.905172,3.008775e-04,0.595278,1.000000e+20,2.919850e+12,0.000013,0.742032
0.905172,3.120170e-04,0.595277,1.000000e+20,2.636169e+12,0.000013,0.739389
0.905172,3.231566e-04,0.595277,1.000000e+20,2.378844e+12,0.000012,0.736733
0.905172,3.342961e-04,0.595276,1.000000e+20,2.145302e+12,0.000012,0.734061
0.905172,3.454357e-04,0.595275,1.000000e+20,1.933207e+12,0.000011,0.731369
0.905172,3.565752e-04,0.595275,1.000000e+20,1.740440e+12,0.000011,0.728653
0.905172,3.677148e-04,0.595274,1.000000e+20,1.565073e+12,0.000010,0.725907
0.905172,3.788543e-04,0.595274,1.000000e+20,1.405353e+12,0.000009,0.723124
0.905172,3.899939e-04,0.595273,1.000000e+20,1.259684e+12,0.000009,0.720294
0.905172,4.011334e-04,0.595272,1.000000e+20,1.126607e+12,0.000008,0.717407
0.905172,4.122730e-04,0.595272,1.000000e+20,1.004794e+12,0.000008,0.714448
0.905172,4.234125e-04,0.595271,1.000000e+20,8.930268e+11,0.000007,0.711399
0.905172,4.345521e-04,0.595271,1.000000e+20,7.901870e+11,0.000006,0.708236
0.905172,4.456916e-04,0.595270,1.000000e+20,6.952468e+11,0.000006,0.704926
0.905172,4.568312e-04,0.595270,1.000000e+20,6.072570e+11,0.000005,0.701427
0.905172,4.679708e-04,0.595269,1.000000e+20,5.253379e+11,0.000005,0.697681
0.905172,4.791103e-04,0.595268,1.000000e+20,4.486703e+11,0.000004,0.693602
0.905172,4.902499e-04,0.595268,1.000000e+20,3.764877e+11,0.000004,0.689067
0.905172,5.013894e-04,0.595267,1.000000e+20,3.080685e+11,0.000003,0.683881
0.905172,5.125290e-04,0.595267,1.000000e+20,2.427284e+11,0.000002,0.677718
0.905172,5.236685e-04,0.595266,1.000000e+20,1.798141e+11,0.000002,0.669961
0.905172,5.348081e-04,0.595265,1.000000e+20,1.186965e+11,0.000001,0.659223
0.905172,5.459476e-04,0.595265,1.000000e+20,5.876459e+10,0.000001,0.641048
0.905172,5.569776e-04,0.595264,1.000000e+20,1.000000e+00,0.000000,0.000000
1,-9.340798e-04,0.583315,1.000000e+03,1.000000e+17,1.000000,1.000000
1,-9.179603e-04,0.578741,7.414275e+14,1.007399e+17,0.288843,0.995617
1,-8.992787e-04,0.573519,1.460916e+15,1.014596e+17,0.266087,0.990578
1,-8.805972e-04,0.568370,2.066423e+15,1.020652e+17,0.251974,0.985583
1,-8.619156e-04,0.563285,2.586241e+15,1.025852e+17,0.241088,0.980630
1,-8.432340e-04,0.558258,3.041924e+15,1.030409e+17,0.231866,0.975718
1,-8.245524e-04,0.553286,3.450103e+15,1.034492e+17,0.223638,0.970847
1,-8.058708e-04,0.548364,3.823757e+15,1.038228e+17,0.216058,0.966019
1,-7.871892e-04,0.543491,4.173129e+15,1.041722e+17,0.208925,0.961233
1,-7.685076e-04,0.538666,4.506398e+15,1.045055e+17,0.202114,0.956490
1,-7.498260e-04,0.533888,4.830179e+15,1.048293e+17,0.195542,0.951793
1,-7.311444e-04,0.529159,5.149896e+15,1.051490e+17,0.189156,0.947142
1,-7.124628e-04,0.524477,5.470079e+15,1.054692e+17,0.182915,0.942538
1,-6.937812e-04,0.519844,5.794579e+15,1.057936e+17,0.176792,0.937985
1,-6.750996e-04,0.515262,6.126747e+15,1.061258e+17,0.170769,0.933484
1,-6.564180e-04,0.510731,6.469571e+15,1.064686e+17,0.164830,0.929036
1,-6.377364e-04,0.506253,6.825789e+15,1.068248e+17,0.158967,0.924645
1,-6.190548e-04,0.501830,7.197975e+15,1.071969e+17,0.153172,0.920312
1,-6.003732e-04,0.497464,7.588619e+15,1.075875e+17,0.147439,0.916040
1,-5.816916e-04,0.493158,8.000187e+15,1.079991e+17,0.141767,0.911832
1,-5.630100e-04,0.488912,8.435178e+15,1.084340e+17,0.136153,0.907690
1,-5.443284e-04,0.484730,8.896178e+15,1.088950e+17,0.130595,0.903618
1,-5.256468e-04,0.480615,9.385902e+15,1.093846e+17,0.125094,0.899619
1,-5.069653e-04,0.476568,9.907242e+15,1.099059e+17,0.119650,0.895695
1,-4.882837e-04,0.472593,1.046331e+16,1.104619e+17,0.114263,0.891850
1,-4.696021e-04,0.468692,1.105749e+16,1.110561e+17,0.108935,0.888088
1,-4.509205e-04,0.464869,1.169349e+16,1.116920e+17,0.103666,0.884412
1,-4.322389e-04,0.461126,1.237537e+16,1.123738e+17,0.098458,0.880827
1,-4.135573e-04,0.457467,1.310764e+16,1.131060e+17,0.093313,0.877336
1,-3.948757e-04,0.453895,1.389528e+16,1.138936e+17,0.088232,0.873944
1,-3.761941e-04,0.450414,1.474386e+16,1.147421e+17,0.083219,0.870654
1,-3.575125e-04,0.447027,1.565957e+16,1.156578e+17,0.078274,0.867473
1,-3.388309e-04,0.443737,1.664936e+16,1.166475e+17,0.073400,0.864403
1,-3.201493e-04,0.440549,1.772098e+16,1.177190e+17,0.068599,0.861451
1,-3.020257e-04,0.437556,1.884729e+16,1.188453e+17,0.064013,0.858705
1,-2.849280e-04,0.434827,1.999641e+16,1.199943e+17,0.059754,0.856224
1,-2.687981e-04,0.432338,2.116519e+16,1.211631e+17,0.055796,0.853985
1,-2.535811e-04,0.430068,2.235038e+16,1.223482e+17,0.052118,0.851967
1,-2.392256e-04,0.427999,2.354861e+16,1.235464e+17,0.048698,0.850150
1,-2.256826e-04,0.426112,2.475650e+16,1.247542e+17,0.045519,0.848515
1,-2.129062e-04,0.424392,2.597062e+16,1.259683e+17,0.042561,0.847045
1,-2.008529e-04,0.422823,2.718761e+16,1.271852e+17,0.039808,0.845725
1,-1.894820e-04,0.421392,2.840413e+16,1.284017e+17,0.037245,0.844539
1,-1.787547e-04,0.420086,2.961696e+16,1.296145e+17,0.034858,0.843476
1,-1.686345e-04,0.418893,3.082299e+16,1.308205e+17,0.032634,0.842524
1,-1.590873e-04,0.417804,3.201925e+16,1.320168e+17,0.030561,0.841670
1,-1.500804e-04,0.416810,3.320298e+16,1.332005e+17,0.028627,0.840906
1,-1.415833e-04,0.415900,3.437156e+16,1.343690e+17,0.026823,0.840222
1,-1.335673e-04,0.415068,3.552261e+16,1.355201e+17,0.025140,0.839611
1,-1.260049e-04,0.414306,3.665395e+16,1.366514e+17,0.023568,0.839064
1,-1.188706e-04,0.413609,3.776360e+16,1.377610e+17,0.022099,0.838575
1,-1.121402e-04,0.412969,3.884982e+16,1.388472e+17,0.020726,0.838139
1,-1.057907e-04,0.412383,3.991109e+16,1.399085e+17,0.019443,0.837749
1,-9.980062e-05,0.411844,4.094609e+16,1.409435e+17,0.018243,0.837401
1,-9.414960e-05,0.411350,4.195373e+16,1.419511e+17,0.017120,0.837091
1,-8.881845e-05,0.410895,4.293310e+16,1.429305e+17,0.016068,0.836814
1,-8.378906e-05,0.410477,4.388350e+16,1.438809e+17,0.015084,0.836567
1,-7.904435e-05,0.410091,4.480439e+16,1.448017e+17,0.014162,0.836347
1,-7.456822e-05,0.409736,4.569541e+16,1.456928e+17,0.013298,0.836150
1,-7.034545e-05,0.409409,4.655637e+16,1.465537e+17,0.012488,0.835975
1,-6.636170e-05,0.409107,4.738720e+16,1.473845e+17,0.011729,0.835819
1,-6.260345e-05,0.408828,4.818797e+16,1.481853e+17,0.011016,0.835680
1,-5.905793e-05,0.408570,4.895886e+16,1.489562e+17,0.010348,0.835556
1,-5.571310e-05,0.408331,4.970019e+16,1.496975e+17,0.009721,0.835446
1,-5.255760e-05,0.408110,5.041232e+16,1.504097e+17,0.009132,0.835348
1,-4.958071e-05,0.407905,5.109574e+16,1.510931e+17,0.008579,0.835260
1,-4.677233e-05,0.407716,5.175098e+16,1.517483e+17,0.008060,0.835182
1,-4.412291e-05,0.407540,5.237864e+16,1.523760e+17,0.007572,0.835113
1,-4.162346e-05,0.407376,5.297938e+16,1.529767e+17,0.007114,0.835051
1,-3.926548e-05,0.407224,5.355390e+16,1.535513e+17,0.006683,0.834996
1,-3.704098e-05,0.407083,5.410292e+16,1.541003e+17,0.006278,0.834947
1,-3.494239e-05,0.406952,5.462721e+16,1.546246e+17,0.005898,0.834904
1,-3.296259e-05,0.406829,5.512753e+16,1.551249e+17,0.005540,0.834865
1,-3.109486e-05,0.406715,5.560467e+16,1.556020e+17,0.005203,0.834830
1,-2.933284e-05,0.406609,5.605944e+16,1.560568e+17,0.004886,0.834800
1,-2.767056e-05,0.406510,5.649264e+16,1.564900e+17,0.004588,0.834772
1,-2.610238e-05,0.406418,5.690506e+16,1.569024e+17,0.004308,0.834748
1,-2.462296e-05,0.406332,5.729751e+16,1.572949e+17,0.004044,0.834727
1,-2.322728e-05,0.406251,5.767077e+16,1.576681e+17,0.003796,0.834707
1,-2.191060e-05,0.406176,5.802562e+16,1.580230e+17,0.003562,0.834690
1,-2.066844e-05,0.406106,5.836281e+16,1.583602e+17,0.003342,0.834675
1,-1.949660e-05,0.406040,5.868310e+16,1.586805e+17,0.003135,0.834661
1,-1.839109e-05,0.405979,5.898723e+16,1.589846e+17,0.002939,0.834649
1,-1.734816e-05,0.405921,5.927589e+16,1.592733e+17,0.002756,0.834639
1,-1.636426e-05,0.405867,5.954978e+16,1.595472e+17,0.002583,0.834629
1,-1.543605e-05,0.405816,5.980958e+16,1.598069e+17,0.002420,0.834621
1,-1.456039e-05,0.405769,6.005595e+16,1.600533e+17,0.002266,0.834613
1,-1.373428e-05,0.405725,6.028951e+16,1.602867e+17,0.002121,0.834607
1,-1.295494e-05,0.405683,6.051089e+16,1.605079e+17,0.001985,0.834601
1,-1.221972e-05,0.405644,6.072072e+16,1.607172e+17,0.001856,0.834595
1,-1.152611e-05,0.405608,6.091963e+16,1.609151e+17,0.001735,0.834591
1,-1.087176e-05,0.405574,6.110831e+16,1.611017e+17,0.001621,0.834587
1,-1.025445e-05,0.405542,6.128753e+16,1.612769e+17,0.001514,0.834583
1,-9.672076e-06,0.405512,6.145820e+16,1.614400e+17,0.001413,0.834580
1,-9.122672e-06,0.405486,6.162152e+16,1.615897e+17,0.001317,0.834577
1,-8.604366e-06,0.405462,6.177903e+16,1.617236e+17,0.001227,0.834574
1,-8.115398e-06,0.405441,6.193286e+16,1.618376e+17,0.001142,0.834572
1,-7.654107e-06,0.405425,6.208590e+16,1.619259e+17,0.001062,0.834570
1,-7.218927e-06,0.405414,6.224204e+16,1.619796e+17,0.000987,0.834568
1,-6.808380e-06,0.405412,6.240649e+16,1.619868e+17,0.000916,0.834566
1,-6.421072e-06,0.405419,6.258606e+16,1.619314e+17,0.000849,0.834565
1,-6.055686e-06,0.405440,6.278946e+16,1.617924e+17,0.000786,0.834564
1,-5.710983e-06,0.405479,6.302760e+16,1.615438e+17,0.000727,0.834562
1,-5.385791e-06,0.405540,6.331385e+16,1.611542e+17,0.000671,0.834561
1,-5.079007e-06,0.405630,6.366425e+16,1.605865e+17,0.000619,0.834561
1,-4.789587e-06,0.405757,6.409770e+16,1.597991e+17,0.000570,0.834560
1,-4.516550e-06,0.405927,6.463606e+16,1.587463e+17,0.000524,0.834559
1,-4.258968e-06,0.406150,6.530422e+16,1.573802e+17,0.000481,0.834558
1,-4.015965e-06,0.406434,6.613020e+16,1.556530e+17,0.000440,0.834558
1,-3.786718e-06,0.406791,6.714514e+16,1.535193e+17,0.000403,0.834557
1,-3.570447e-06,0.407228,6.838346e+16,1.509394e+17,0.000368,0.834557
1,-3.366418e-06,0.407757,6.988292e+16,1.478822e+17,0.000336,0.834557
1,-3.173937e-06,0.408386,7.168488e+16,1.443283e+17,0.000306,0.834556
1,-2.992352e-06,0.409122,7.383456e+16,1.402720e+17,0.000279,0.834556
1,-2.821045e-06,0.409974,7.638148e+16,1.357238e+17,0.000254,0.834556
1,-2.659435e-06,0.410947,7.937992e+16,1.307102e+17,0.000232,0.834555
1,-2.506972e-06,0.412045,8.288959e+16,1.252740e+17,0.000211,0.834555
1,-2.363140e-06,0.413270,8.697635e+16,1.194723e+17,0.000193,0.834555
1,-2.227448e-06,0.414625,9.171303e+16,1.133739e+17,0.000176,0.834555
1,-2.099438e-06,0.416107,9.718039e+16,1.070561e+17,0.000161,0.834554
1,-1.978673e-06,0.417714,1.034681e+17,1.006010e+17,0.000148,0.834554
1,-1.864744e-06,0.419444,1.106759e+17,9.409109e+16,0.000136,0.834554
1,-1.757264e-06,0.421290,1.189149e+17,8.760631e+16,0.000126,0.834554
1,-1.655868e-06,0.423246,1.283085e+17,8.122038e+16,0.000117,0.834554
1,-1.560211e-06,0.425306,1.389942e+17,7.499866e+16,0.000109,0.834554
1,-1.469969e-06,0.427463,1.511248e+17,6.899651e+16,0.000102,0.834553
1,-1.384834e-06,0.429707,1.648700e+17,6.325848e+16,0.000096,0.834553
1,-1.304519e-06,0.432032,1.804181e+17,5.781820e+16,0.000091,0.834553
1,-1.228750e-06,0.434428,1.979775e+17,5.269884e+16,0.000087,0.834553
1,-1.157269e-06,0.436889,2.177790e+17,4.791404e+16,0.000083,0.834553
1,-1.089835e-06,0.439406,2.400774e+17,4.346907e+16,0.000080,0.834553
1,-1.026218e-06,0.441971,2.651538e+17,3.936215e+16,0.000077,0.834553
1,-9.662015e-07,0.444579,2.933178e+17,3.558579e+16,0.000075,0.834553
1,-9.095824e-07,0.447221,3.249097e+17,3.212808e+16,0.000073,0.834553
1,-8.561681e-07,0.449892,3.603034e+17,2.897388e+16,0.000071,0.834553
1,-8.057772e-07,0.452587,3.999083e+17,2.610585e+16,0.000070,0.834553
1,-7.582387e-07,0.455300,4.441728e+17,2.350531e+16,0.000068,0.834553
1,-7.133910e-07,0.458026,4.935866e+17,2.115295e+16,0.000067,0.834552
1,-6.710818e-07,0.460761,5.486838e+17,1.902943e+16,0.000066,0.834552
1,-6.311676e-07,0.463500,6.100461e+17,1.711579e+16,0.000066,0.834552
1,-5.935126e-07,0.466242,6.783051e+17,1.539374e+16,0.000065,0.834552
1,-5.579890e-07,0.468981,7.541463e+17,1.384591e+16,0.000064,0.834552
1,-5.244762e-07,0.471716,8.383113e+17,1.245599e+16,0.000064,0.834552
1,-4.928604e-07,0.474443,9.316010e+17,1.120879e+16,0.000064,0.834552
1,-4.630341e-07,0.477161,1.034878e+18,1.009029e+16,0.000063,0.834552
1,-4.348961e-07,0.479867,1.149071e+18,9.087608e+15,0.000063,0.834552
1,-4.083508e-07,0.482558,1.275173e+18,8.188981e+15,0.000063,0.834552
1,-3.833081e-07,0.485234,1.414248e+18,7.383725e+15,0.000062,0.834552
1,-3.596829e-07,0.487893,1.567429e+18,6.662156e+15,0.000062,0.834552
1,-3.373950e-07,0.490532,1.735918e+18,6.015534e+15,0.000062,0.834551
1,-3.163686e-07,0.493151,1.920993e+18,5.435985e+15,0.000062,0.834551
1,-2.965325e-07,0.495748,2.123997e+18,4.916434e+15,0.000062,0.834551
1,-2.778191e-07,0.498321,2.346346e+18,4.450532e+15,0.000062,0.834551
1,-2.601650e-07,0.500871,2.589521e+18,4.032591e+15,0.000062,0.834551
1,-2.435101e-07,0.503394,2.855063e+18,3.657524e+15,0.000062,0.834551
1,-2.277980e-07,0.505891,3.144576e+18,3.320778e+15,0.000062,0.834551
1,-2.129753e-07,0.508360,3.459711e+18,3.018290e+15,0.000062,0.834551
1,-1.989916e-07,0.510800,3.802164e+18,2.746430e+15,0.000062,0.834551
1,-1.857994e-07,0.513210,4.173667e+18,2.501959e+15,0.000062,0.834550
1,-1.733539e-07,0.515589,4.575971e+18,2.281987e+15,0.000061,0.834550
1,-1.616129e-07,0.517936,5.010841e+18,2.083934e+15,0.000061,0.834550
1,-1.505365e-07,0.520250,5.480038e+18,1.905501e+15,0.000061,0.834550
1,-1.400870e-07,0.522530,5.985302e+18,1.744635e+15,0.000061,0.834550
1,-1.302291e-07,0.524775,6.528338e+18,1.599506e+15,0.000061,0.834550
1,-1.209291e-07,0.526984,7.110793e+18,1.468481e+15,0.000061,0.834550
1,-1.121555e-07,0.529157,7.734240e+18,1.350101e+15,0.000061,0.834550
1,-1.038786e-07,0.531292,8.400153e+18,1.243066e+15,0.000061,0.834549
1,-9.607015e-08,0.533389,9.109891e+18,1.146214e+15,0.000061,0.834549
1,-8.870370e-08,0.535447,9.864668e+18,1.058507e+15,0.000061,0.834549
1,-8.175422e-08,0.537465,1.066554e+19,9.790187e+14,0.000061,0.834549
1,-7.519811e-08,0.539442,1.151337e+19,9.069193e+14,0.000061,0.834549
1,-6.901310e-08,0.541379,1.240882e+19,8.414685e+14,0.000061,0.834549
1,-6.317818e-08,0.543273,1.335232e+19,7.820033e+14,0.000061,0.834548
1,-5.767354e-08,0.545125,1.434407e+19,7.279306e+14,0.000061,0.834548
1,-5.248048e-08,0.546935,1.538400e+19,6.787193e+14,0.000061,0.834548
1,-4.758137e-08,0.548701,1.647176e+19,6.338938e+14,0.000061,0.834548
1,-4.295957e-08,0.550424,1.760672e+19,5.930277e+14,0.000061,0.834548
1,-3.859938e-08,0.552102,1.878796e+19,5.557387e+14,0.000061,0.834547
1,-3.448599e-08,0.553737,2.001428e+19,5.216838e+14,0.000061,0.834547
1,-3.060544e-08,0.555327,2.128415e+19,4.905552e+14,0.000061,0.834547
1,-2.694454e-08,0.556873,2.259578e+19,4.620763e+14,0.000061,0.834547
1,-2.349086e-08,0.558375,2.394710e+19,4.359986e+14,0.000061,0.834547
1,-2.023267e-08,0.559832,2.533574e+19,4.120987e+14,0.000061,0.834547
1,-1.715891e-08,0.561245,2.675912e+19,3.901755e+14,0.000061,0.834546
1,-1.425914e-08,0.562614,2.821439e+19,3.700480e+14,0.000061,0.834546
1,-1.152350e-08,0.563939,2.969852e+19,3.515530e+14,0.000061,0.834546
1,-8.942709e-09,0.565221,3.120827e+19,3.345437e+14,0.000061,0.834546
1,-6.508002e-09,0.566460,3.274028e+19,3.188872e+14,0.000061,0.834546
1,-4.211108e-09,0.567657,3.429104e+19,3.044639e+14,0.000061,0.834545
1,-2.044227e-09,0.568811,3.585696e+19,2.911657e+14,0.000061,0.834545
1,0.000000e+00,0.569924,3.743437e+19,2.788946e+14,0.000061,0.834545
1,2.044227e-09,0.570996,3.902010e+19,2.675588e+14,0.000061,0.834545
1,4.211108e-09,0.572090,4.070657e+19,2.564719e+14,0.000061,0.834545
1,6.508002e-09,0.573203,4.249652e+19,2.456672e+14,0.000061,0.834544
1,8.942709e-09,0.574331,4.439182e+19,2.351763e+14,0.000061,0.834544
1,1.152350e-08,0.575471,4.639322e+19,2.250284e+14,0.000061,0.834544
1,1.425914e-08,0.576619,4.850007e+19,2.152507e+14,0.000061,0.834544
1,1.715891e-08,0.577771,5.071006e+19,2.058672e+14,0.000061,0.834543
1,2.023267e-08,0.578922,5.301897e+19,1.968991e+14,0.000061,0.834543
1,2.349086e-08,0.580067,5.542039e+19,1.883643e+14,0.000061,0.834543
1,2.694454e-08,0.581201,5.790548e+19,1.802772e+14,0.000061,0.834542
1,3.060544e-08,0.582318,6.046284e+19,1.726488e+14,0.000061,0.834542
1,3.448599e-08,0.583413,6.307835e+19,1.654864e+14,0.000061,0.834541
1,3.859938e-08,0.584480,6.573528e+19,1.587939e+14,0.000061,0.834540
1,4.295957e-08,0.585512,6.841435e+19,1.525716e+14,0.000061,0.834540
1,4.758137e-08,0.586506,7.109408e+19,1.468165e+14,0.000061,0.834539
1,5.248048e-08,0.587454,7.375123e+19,1.415224e+14,0.000061,0.834538
1,5.767354e-08,0.588353,7.636145e+19,1.366801e+14,0.000061,0.834537
1,6.317818e-08,0.589199,7.890000e+19,1.322774e+14,0.000061,0.834536
1,6.901310e-08,0.589987,8.134266e+19,1.282999e+14,0.000061,0.834535
1,7.519811e-08,0.590715,8.366664e+19,1.247304e+14,0.000061,0.834534
1,8.175422e-08,0.591382,8.585150e+19,1.215500e+14,0.000061,0.834533
1,8.870370e-08,0.591986,8.788000e+19,1.187379e+14,0.000061,0.834531
1,9.607015e-08,0.592527,8.973881e+19,1.162716e+14,0.000061,0.834530
1,1.038786e-07,0.593006,9.141900e+19,1.141274e+14,0.000061,0.834528
1,1.121555e-07,0.593426,9.291629e+19,1.122806e+14,0.000061,0.834526
1,1.209291e-07,0.593789,9.423102e+19,1.107059e+14,0.000061,0.834524
1,1.302291e-07,0.594099,9.536794e+19,1.093775e+14,0.000061,0.834522
1,1.400870e-07,0.594360,9.633562e+19,1.082696e+14,0.000061,0.834520
1,1.505365e-07,0.594577,9.714586e+19,1.073568e+14,0.000061,0.834518
1,1.616129e-07,0.594754,9.781285e+19,1.066144e+14,0.000061,0.834515
1,1.733539e-07,0.594896,9.835231e+19,1.060187e+14,0.000061,0.834513
1,1.857994e-07,0.595008,9.878073e+19,1.055473e+14,0.000061,0.834510
1,1.989916e-07,0.595096,9.911454e+19,1.051795e+14,0.000061,0.834507
1,2.129753e-07,0.595162,9.936953e+19,1.048965e+14,0.000061,0.834504
1,2.277980e-07,0.595212,9.956031e+19,1.046816e+14,0.000061,0.834500
1,2.435101e-07,0.595248,9.970000e+19,1.045203e+14,0.000061,0.834497
1,2.601650e-07,0.595274,9.979998e+19,1.044000e+14,0.000061,0.834493
1,2.778191e-07,0.595292,9.986985e+19,1.043104e+14,0.000061,0.834489
1,2.965325e-07,0.595304,9.991747e+19,1.042432e+14,0.000061,0.834484
1,3.163686e-07,0.595312,9.994908e+19,1.041917e+14,0.000061,0.834480
1,3.373950e-07,0.595318,9.996948e+19,1.041508e+14,0.000061,0.834475
1,3.596829e-07,0.595321,9.998227e+19,1.041167e+14,0.000061,0.834470
1,3.833081e-07,0.595323,9.999004e+19,1.040865e+14,0.000061,0.834464
1,4.083508e-07,0.595324,9.999462e+19,1.040583e+14,0.000061,0.834458
1,4.348961e-07,0.595325,9.999721e+19,1.040308e+14,0.000061,0.834452
1,4.630341e-07,0.595325,9.999864e+19,1.040031e+14,0.000061,0.834446
1,4.928604e-07,0.595325,9.999939e+19,1.039745e+14,0.000061,0.834439
1,5.244762e-07,0.595325,9.999977e+19,1.039445e+14,0.000061,0.834431
1,5.579890e-07,0.595325,9.999995e+19,1.039131e+14,0.000061,0.834424
1,5.935126e-07,0.595325,1.000000e+20,1.038799e+14,0.000061,0.834415
1,6.311676e-07,0.595326,1.000001e+20,1.038447e+14,0.000061,0.834407
1,6.710818e-07,0.595326,1.000001e+20,1.038075e+14,0.000061,0.834397
1,7.133910e-07,0.595326,1.000001e+20,1.037681e+14,0.000061,0.834387
1,7.582387e-07,0.595325,1.000001e+20,1.037263e+14,0.000061,0.834377
1,8.057772e-07,0.595325,1.000001e+20,1.036820e+14,0.000061,0.834366
1,8.561681e-07,0.595325,1.000001e+20,1.036351e+14,0.000061,0.834354
1,9.095824e-07,0.595325,1.000001e+20,1.035855e+14,0.000061,0.834342
1,9.662015e-07,0.595325,1.000001e+20,1.035328e+14,0.000061,0.834329
1,1.026218e-06,0.595325,1.000001e+20,1.034771e+14,0.000061,0.834315
1,1.089835e-06,0.595325,1.000001e+20,1.034180e+14,0.000061,0.834300
1,1.157269e-06,0.595325,1.000001e+20,1.033554e+14,0.000061,0.834284
1,1.228750e-06,0.595325,1.000001e+20,1.032891e+14,0.000061,0.834268
1,1.304519e-06,0.595325,1.000001e+20,1.032188e+14,0.000061,0.834250
1,1.384834e-06,0.595325,1.000001e+20,1.031445e+14,0.000061,0.834232
1,1.469969e-06,0.595325,1.000001e+20,1.030657e+14,0.000061,0.834212
1,1.560211e-06,0.595325,1.000001e+20,1.029822e+14,0.000061,0.834191
1,1.655868e-06,0.595325,1.000001e+20,1.028938e+14,0.000061,0.834169
1,1.757264e-06,0.595325,1.000001e+20,1.028002e+14,0.000061,0.834145
1,1.864744e-06,0.595325,1.000001e+20,1.027010e+14,0.000061,0.834120
1,1.978673e-06,0.595325,1.000001e+20,1.025960e+14,0.000061,0.834094
1,2.099438e-06,0.595325,1.000001e+20,1.024849e+14,0.000061,0.834066
1,2.227448e-06,0.595325,1.000001e+20,1.023672e+14,0.000061,0.834036
1,2.363140e-06,0.595325,1.000001e+20,1.022425e+14,0.000061,0.834004
1,2.506972e-06,0.595325,1.000001e+20,1.021106e+14,0.000061,0.833971
1,2.659435e-06,0.595325,1.000001e+20,1.019709e+14,0.000061,0.833936
1,2.821045e-06,0.595325,1.000001e+20,1.018231e+14,0.000061,0.833898
1,2.992352e-06,0.595325,1.000001e+20,1.016666e+14,0.000061,0.833858
1,3.173937e-06,0.595325,1.000001e+20,1.015010e+14,0.000061,0.833816
1,3.366418e-06,0.595325,1.000001e+20,1.013258e+14,0.000061,0.833771
1,3.570447e-06,0.595325,1.000001e+20,1.011404e+14,0.000061,0.833724
1,3.786718e-06,0.595325,1.000001e+20,1.009442e+14,0.000061,0.833674
1,4.015965e-06,0.595325,1.000001e+20,1.007366e+14,0.000061,0.833621
1,4.258968e-06,0.595325,1.000001e+20,1.005171e+14,0.000061,0.833564
1,4.516550e-06,0.595325,1.000001e+20,1.002849e+14,0.000061,0.833504
1,4.789587e-06,0.595325,1.000001e+20,1.000394e+14,0.000061,0.833441
1,5.079007e-06,0.595325,1.000001e+20,9.977983e+13,0.000061,0.833374
1,5.385791e-06,0.595325,1.000001e+20,9.950540e+13,0.000061,0.833303
1,5.710983e-06,0.595325,1.000001e+20,9.921533e+13,0.000061,0.833227
1,6.055686e-06,0.595325,1.000001e+20,9.890877e+13,0.000061,0.833147
1,6.421072e-06,0.595325,1.000001e+20,9.858485e+13,0.000061,0.833062
1,6.808380e-06,0.595325,1.000001e+20,9.824265e+13,0.000061,0.832972
1,7.218927e-06,0.595325,1.000001e+20,9.788122e+13,0.000060,0.832877
1,7.654107e-06,0.595325,1.000001e+20,9.749956e+13,0.000060,0.832776
1,8.115398e-06,0.595325,1.000001e+20,9.709662e+13,0.000060,0.832669
1,8.604366e-06,0.595325,1.000001e+20,9.667131e+13,0.000060,0.832555
1,9.122672e-06,0.595325,1.000001e+20,9.622253e+13,0.000060,0.832435
1,9.672076e-06,0.595325,1.000001e+20,9.574909e+13,0.000060,0.832307
1,1.025445e-05,0.595324,1.000001e+20,9.524978e+13,0.000060,0.832172
1,1.087176e-05,0.595324,1.000001e+20,9.472336e+13,0.000060,0.832029
1,1.152611e-05,0.595324,1.000001e+20,9.416852e+13,0.000060,0.831877
1,1.221972e-05,0.595324,1.000001e+20,9.358394e+13,0.000060,0.831716
1,1.295494e-05,0.595324,1.000001e+20,9.296825e+13,0.000060,0.831545
1,1.373428e-05,0.595324,1.000001e+20,9.232003e+13,0.000060,0.831364
1,1.456039e-05,0.595324,1.000001e+20,9.163786e+13,0.000060,0.831172
1,1.543605e-05,0.595324,1.000001e+20,9.092025e+13,0.000060,0.830969
1,1.636426e-05,0.595324,1.000001e+20,9.016571e+13,0.000059,0.830753
1,1.734816e-05,0.595324,1.000001e+20,8.937274e+13,0.000059,0.830525
1,1.839109e-05,0.595324,1.000001e+20,8.853980e+13,0.000059,0.830283
1,1.949660e-05,0.595323,1.000001e+20,8.766534e+13,0.000059,0.830026
1,2.066844e-05,0.595323,1.000001e+20,8.674785e+13,0.000059,0.829754
1,2.191060e-05,0.595323,1.000001e+20,8.578578e+13,0.000059,0.829465
1,2.322728e-05,0.595323,1.000001e+20,8.477763e+13,0.000059,0.829160
1,2.462296e-05,0.595323,1.000001e+20,8.372191e+13,0.000059,0.828835
1,2.610238e-05,0.595323,1.000001e+20,8.261719e+13,0.000058,0.828492
1,2.767056e-05,0.595323,1.000001e+20,8.146209e+13,0.000058,0.828128
1,2.933284e-05,0.595322,1.000001e+20,8.025530e+13,0.000058,0.827742
1,3.109486e-05,0.595322,1.000001e+20,7.899561e+13,0.000058,0.827333
1,3.296259e-05,0.595322,1.000001e+20,7.768191e+13,0.000058,0.826899
1,3.494239e-05,0.595322,1.000001e+20,7.631321e+13,0.000057,0.826439
1,3.704098e-05,0.595322,1.000001e+20,7.488870e+13,0.000057,0.825952
1,3.926548e-05,0.595321,1.000001e+20,7.340772e+13,0.000057,0.825435
1,4.162346e-05,0.595321,1.000001e+20,7.186983e+13,0.000057,0.824887
1,4.412291e-05,0.595321,1.000001e+20,7.027480e+13,0.000056,0.824307
1,4.677233e-05,0.595320,1.000001e+20,6.862269e+13,0.000056,0.823692
1,4.958071e-05,0.595320,1.000001e+20,6.691381e+13,0.000056,0.823039
1,5.255760e-05,0.595320,1.000001e+20,6.514880e+13,0.000055,0.822348
1,5.571310e-05,0.595319,1.000001e+20,6.332867e+13,0.000055,0.821615
1,5.905793e-05,0.595319,1.000001e+20,6.145479e+13,0.000055,0.820838
1,6.260345e-05,0.595319,1.000001e+20,5.952894e+13,0.000054,0.820015
1,6.636170e-05,0.595318,1.000001e+20,5.755335e+13,0.000054,0.819142
1,7.034545e-05,0.595318,1.000001e+20,5.553071e+13,0.000054,0.818217
1,7.456822e-05,0.595317,1.000001e+20,5.346422e+13,0.000053,0.817236
1,7.904435e-05,0.595317,1.000001e+20,5.135758e+13,0.000053,0.816196
1,8.378906e-05,0.595316,1.000000e+20,4.921503e+13,0.000052,0.815094
1,8.881845e-05,0.595316,1.000000e+20,4.704137e+13,0.000051,0.813925
1,9.414960e-05,0.595315,1.000000e+20,4.484193e+13,0.000051,0.812687
1,9.980062e-05,0.595315,1.000000e+20,4.262260e+13,0.000050,0.811374
1,1.057907e-04,0.595314,1.000000e+20,4.038981e+13,0.000050,0.809982
1,1.121402e-04,0.595313,1.000000e+20,3.815051e+13,0.000049,0.808507
1,1.188706e-04,0.595312,1.000000e+20,3.591211e+13,0.000048,0.806943
1,1.260049e-04,0.595312,1.000000e+20,3.368247e+13,0.000047,0.805285
1,1.335673e-04,0.595311,1.000000e+20,3.146982e+13,0.000047,0.803528
1,1.415833e-04,0.595310,1.000000e+20,2.928269e+13,0.000046,0.801665
1,1.500804e-04,0.595309,1.000000e+20,2.712980e+13,0.000045,0.799690
1,1.590873e-04,0.595308,1.000000e+20,2.502000e+13,0.000044,0.797596
1,1.686345e-04,0.595307,1.000000e+20,2.296211e+13,0.000043,0.795376
1,1.787547e-04,0.595306,1.000000e+20,2.096481e+13,0.000042,0.793022
1,1.894820e-04,0.595305,1.000000e+20,1.903650e+13,0.000040,0.790527
1,2.006215e-04,0.595303,1.000000e+20,1.722085e+13,0.000039,0.787934
1,2.117611e-04,0.595302,1.000000e+20,1.557732e+13,0.000038,0.785340
1,2.229006e-04,0.595301,1.000000e+20,1.408949e+13,0.000037,0.782744
1,2.340402e-04,0.595300,1.000000e+20,1.274249e+13,0.000036,0.780145
1,2.451797e-04,0.595299,1.000000e+20,1.152285e+13,0.000034,0.777542
1,2.563193e-04,0.595297,1.000000e+20,1.041839e+13,0.000033,0.774936
1,2.674588e-04,0.595296,1.000000e+20,9.418055e+12,0.000032,0.772325
1,2.785984e-04,0.595295,1.000000e+20,8.511860e+12,0.000031,0.769709
1,2.897379e-04,0.595294,1.000000e+20,7.690743e+12,0.000029,0.767085
1,3.008775e-04,0.595292,1.000000e+20,6.946495e+12,0.000028,0.764453
1,3.120170e-04,0.595291,1.000000e+20,6.271679e+12,0.000027,0.761810
1,3.231566e-04,0.595290,1.000000e+20,5.659550e+12,0.000026,0.759153
1,3.342961e-04,0.595289,1.000000e+20,5.103988e+12,0.000024,0.756481
1,3.454357e-04,0.595288,1.000000e+20,4.599441e+12,0.000023,0.753789
1,3.565752e-04,0.595286,1.000000e+20,4.140865e+12,0.000022,0.751072
1,3.677148e-04,0.595285,1.000000e+20,3.723677e+12,0.000021,0.748326
1,3.788543e-04,0.595284,1.000000e+20,3.343707e+12,0.000020,0.745542
1,3.899939e-04,0.595283,1.000000e+20,2.997157e+12,0.000018,0.742712
1,4.011334e-04,0.595281,1.000000e+20,2.680563e+12,0.000017,0.739825
1,4.122730e-04,0.595280,1.000000e+20,2.390761e+12,0.000016,0.736866
1,4.234125e-04,0.595279,1.000000e+20,2.124852e+12,0.000015,0.733817
1,4.345521e-04,0.595278,1.000000e+20,1.880180e+12,0.000013,0.730653
1,4.456916e-04,0.595277,1.000000e+20,1.654299e+12,0.000012,0.727343
1,4.568312e-04,0.595275,1.000000e+20,1.444950e+12,0.000011,0.723844
1,4.679708e-04,0.595274,1.000000e+20,1.250041e+12,0.000010,0.720097
1,4.791103e-04,0.595273,1.000000e+20,1.067624e+12,0.000009,0.716017
1,4.902499e-04,0.595272,1.000000e+20,8.958747e+11,0.000007,0.711482
1,5.013894e-04,0.595270,1.000000e+20,7.330761e+11,0.000006,0.706296
1,5.125290e-04,0.595269,1.000000e+20,5.776007e+11,0.000005,0.700133
1,5.236685e-04,0.595268,1.000000e+20,4.278940e+11,0.000004,0.692376
1,5.348081e-04,0.595267,1.000000e+20,2.824594e+11,0.000002,0.681637
1,5.459476e-04,0.595266,1.000000e+20,1.398424e+11,0.000001,0.663461
1,5.569776e-04,0.595264,1.000000e+20,1.000000e+00,0.000000,0.000000
