VG,x_cm,psi_V,n_cm-3,p_cm-3,phin_V,phip_V,is_oxide
-0.4,-2.001000e-04,0.117819,5.000000e+18,2.000000e+01,-0.400000,-0.400000,0
-0.4,-1.992325e-04,0.117819,5.000000e+18,2.000000e+01,-0.400000,-0.400000,0
-0.4,-1.983183e-04,0.117819,5.000000e+18,2.000000e+01,-0.400000,-0.400000,0
-0.4,-1.974041e-04,0.117819,5.000000e+18,2.000000e+01,-0.400000,-0.400000,0
-0.4,-1.964899e-04,0.117819,5.000000e+18,2.000000e+01,-0.400000,-0.400000,0
-0.4,-1.955757e-04,0.117819,5.000000e+18,2.000000e+01,-0.400000,-0.400000,0
-0.4,-1.946615e-04,0.117819,5.000000e+18,2.000000e+01,-0.400000,-0.400000,0
-0.4,-1.937473e-04,0.117819,5.000000e+18,2.000000e+01,-0.400000,-0.400000,0
-0.4,-1.928331e-04,0.117819,5.000000e+18,2.000000e+01,-0.400000,-0.400000,0
-0.4,-1.919189e-04,0.117819,5.000000e+18,2.000000e+01,-0.400000,-0.400000,0
-0.4,-1.910047e-04,0.117819,5.000000e+18,2.000000e+01,-0.400000,-0.400000,0
-0.4,-1.900904e-04,0.117819,5.000000e+18,2.000000e+01,-0.400000,-0.400000,0
-0.4,-1.891762e-04,0.117819,5.000000e+18,2.000000e+01,-0.400000,-0.400000,0
-0.4,-1.882620e-04,0.117819,5.000000e+18,2.000000e+01,-0.400000,-0.400000,0
-0.4,-1.873478e-04,0.117819,5.000000e+18,2.000000e+01,-0.400000,-0.400000,0
-0.4,-1.864336e-04,0.117819,5.000000e+18,2.000000e+01,-0.400000,-0.400000,0
-0.4,-1.855194e-04,0.117819,5.000000e+18,2.000000e+01,-0.400000,-0.400000,0
-0.4,-1.846052e-04,0.117819,5.000000e+18,2.000000e+01,-0.400000,-0.400000,0
-0.4,-1.836910e-04,0.117819,5.000000e+18,2.000000e+01,-0.400000,-0.400000,0
-0.4,-1.827768e-04,0.117819,5.000000e+18,2.000000e+01,-0.400000,-0.400000,0
-0.4,-1.818626e-04,0.117819,5.000000e+18,2.000000e+01,-0.400000,-0.400000,0
-0.4,-1.809484e-04,0.117819,5.000000e+18,2.000000e+01,-0.400000,-0.400000,0
-0.4,-1.800342e-04,0.117819,5.000000e+18,2.000000e+01,-0.400000,-0.400000,0
-0.4,-1.791200e-04,0.117819,5.000000e+18,2.000000e+01,-0.400000,-0.400000,0
-0.4,-1.782058e-04,0.117819,5.000000e+18,2.000000e+01,-0.400000,-0.400000,0
-0.4,-1.772916e-04,0.117819,5.000000e+18,2.000000e+01,-0.400000,-0.400000,0
-0.4,-1.763774e-04,0.117819,5.000000e+18,2.000000e+01,-0.400000,-0.400000,0
-0.4,-1.754631e-04,0.117819,5.000000e+18,2.000000e+01,-0.400000,-0.400000,0
-0.4,-1.745489e-04,0.117819,5.000000e+18,2.000000e+01,-0.400000,-0.400000,0
-0.4,-1.736347e-04,0.117819,5.000000e+18,2.000000e+01,-0.400000,-0.400000,0
-0.4,-1.727205e-04,0.117819,5.000000e+18,2.000000e+01,-0.400000,-0.400000,0
-0.4,-1.718063e-04,0.117819,5.000000e+18,2.000000e+01,-0.400000,-0.400000,0
-0.4,-1.708921e-04,0.117819,5.000000e+18,2.000000e+01,-0.400000,-0.400000,0
-0.4,-1.699779e-04,0.117819,5.000000e+18,2.000000e+01,-0.400000,-0.400000,0
-0.4,-1.690637e-04,0.117819,5.000000e+18,2.000000e+01,-0.400000,-0.400000,0
-0.4,-1.681495e-04,0.117819,5.000000e+18,2.000000e+01,-0.400000,-0.400000,0
-0.4,-1.672353e-04,0.117819,5.000000e+18,2.000000e+01,-0.400000,-0.400000,0
-0.4,-1.663211e-04,0.117819,5.000000e+18,2.000000e+01,-0.400000,-0.400000,0
-0.4,-1.654069e-04,0.117819,5.000000e+18,2.000000e+01,-0.400000,-0.400000,0
-0.4,-1.644927e-04,0.117819,5.000000e+18,2.000000e+01,-0.400000,-0.400000,0
-0.4,-1.635785e-04,0.117819,5.000000e+18,2.000000e+01,-0.400000,-0.400000,0
-0.4,-1.626643e-04,0.117819,5.000000e+18,2.000000e+01,-0.400000,-0.400000,0
-0.4,-1.617501e-04,0.117819,5.000000e+18,2.000000e+01,-0.400000,-0.400000,0
-0.4,-1.608359e-04,0.117819,5.000000e+18,2.000000e+01,-0.400000,-0.400000,0
-0.4,-1.599216e-04,0.117819,5.000000e+18,2.000000e+01,-0.400000,-0.400000,0
-0.4,-1.590074e-04,0.117819,5.000000e+18,2.000000e+01,-0.400000,-0.400000,0
-0.4,-1.580932e-04,0.117819,5.000000e+18,2.000000e+01,-0.400000,-0.400000,0
-0.4,-1.571790e-04,0.117819,5.000000e+18,2.000000e+01,-0.400000,-0.400000,0
-0.4,-1.562648e-04,0.117819,5.000000e+18,2.000000e+01,-0.400000,-0.400000,0
-0.4,-1.553506e-04,0.117819,5.000000e+18,2.000000e+01,-0.400000,-0.400000,0
-0.4,-1.544364e-04,0.117819,5.000000e+18,2.000000e+01,-0.400000,-0.400000,0
-0.4,-1.535222e-04,0.117819,5.000000e+18,2.000000e+01,-0.400000,-0.400000,0
-0.4,-1.526080e-04,0.117819,5.000000e+18,2.000000e+01,-0.400000,-0.400000,0
-0.4,-1.516938e-04,0.117819,5.000000e+18,2.000000e+01,-0.400000,-0.400000,0
-0.4,-1.507796e-04,0.117819,5.000000e+18,2.000000e+01,-0.400000,-0.400000,0
-0.4,-1.498654e-04,0.117819,5.000000e+18,2.000000e+01,-0.400000,-0.400000,0
-0.4,-1.489512e-04,0.117819,5.000000e+18,2.000000e+01,-0.400000,-0.400000,0
-0.4,-1.480370e-04,0.117819,5.000000e+18,2.000000e+01,-0.400000,-0.400000,0
-0.4,-1.471228e-04,0.117819,5.000000e+18,2.000000e+01,-0.400000,-0.400000,0
-0.4,-1.462086e-04,0.117819,5.000000e+18,2.000000e+01,-0.400000,-0.400000,0
-0.4,-1.452943e-04,0.117819,5.000000e+18,2.000000e+01,-0.400000,-0.400000,0
-0.4,-1.443801e-04,0.117819,5.000000e+18,2.000000e+01,-0.400000,-0.400000,0
-0.4,-1.434659e-04,0.117819,5.000000e+18,2.000000e+01,-0.400000,-0.400000,0
-0.4,-1.425517e-04,0.117819,5.000000e+18,2.000000e+01,-0.400000,-0.400000,0
-0.4,-1.416375e-04,0.117819,5.000000e+18,2.000000e+01,-0.400000,-0.400000,0
-0.4,-1.407233e-04,0.117819,5.000000e+18,2.000000e+01,-0.400000,-0.400000,0
-0.4,-1.398091e-04,0.117819,5.000000e+18,2.000000e+01,-0.400000,-0.400000,0
-0.4,-1.388949e-04,0.117819,5.000000e+18,2.000000e+01,-0.400000,-0.400000,0
-0.4,-1.379807e-04,0.117819,5.000000e+18,2.000000e+01,-0.400000,-0.400000,0
-0.4,-1.370665e-04,0.117819,5.000000e+18,2.000000e+01,-0.400000,-0.400000,0
-0.4,-1.361523e-04,0.117819,5.000000e+18,2.000000e+01,-0.400000,-0.400000,0
-0.4,-1.352381e-04,0.117819,5.000000e+18,2.000000e+01,-0.400000,-0.400000,0
-0.4,-1.343239e-04,0.117819,5.000000e+18,2.000000e+01,-0.400000,-0.400000,0
-0.4,-1.334097e-04,0.117819,5.000000e+18,2.000000e+01,-0.400000,-0.400000,0
-0.4,-1.324955e-04,0.117819,5.000000e+18,2.000000e+01,-0.400000,-0.400000,0
-0.4,-1.315813e-04,0.117819,5.000000e+18,2.000000e+01,-0.400000,-0.400000,0
-0.4,-1.306670e-04,0.117819,5.000000e+18,2.000000e+01,-0.400000,-0.400000,0
-0.4,-1.297528e-04,0.117819,5.000000e+18,2.000000e+01,-0.400000,-0.400000,0
-0.4,-1.288386e-04,0.117819,5.000000e+18,2.000000e+01,-0.400000,-0.400000,0
-0.4,-1.279244e-04,0.117819,5.000000e+18,2.000000e+01,-0.400000,-0.400000,0
-0.4,-1.270102e-04,0.117819,5.000000e+18,2.000000e+01,-0.400000,-0.400000,0
-0.4,-1.260960e-04,0.117819,5.000000e+18,2.000000e+01,-0.400000,-0.400000,0
-0.4,-1.251818e-04,0.117819,5.000000e+18,2.000000e+01,-0.400000,-0.400000,0
-0.4,-1.242676e-04,0.117819,5.000000e+18,2.000000e+01,-0.400000,-0.400000,0
-0.4,-1.233534e-04,0.117819,5.000000e+18,2.000000e+01,-0.400000,-0.400000,0
-0.4,-1.224392e-04,0.117819,5.000000e+18,2.000000e+01,-0.400000,-0.400000,0
-0.4,-1.215250e-04,0.117819,5.000000e+18,2.000000e+01,-0.400000,-0.400000,0
-0.4,-1.206108e-04,0.117819,5.000000e+18,2.000000e+01,-0.400000,-0.400000,0
-0.4,-1.196966e-04,0.117819,5.000000e+18,2.000000e+01,-0.400000,-0.400000,0
-0.4,-1.187824e-04,0.117819,5.000000e+18,2.000000e+01,-0.400000,-0.400000,0
-0.4,-1.178682e-04,0.117819,5.000000e+18,2.000000e+01,-0.400000,-0.400000,0
-0.4,-1.169540e-04,0.117819,5.000000e+18,2.000000e+01,-0.400000,-0.400000,0
-0.4,-1.160397e-04,0.117819,5.000000e+18,2.000000e+01,-0.400000,-0.400000,0
-0.4,-1.151255e-04,0.117819,5.000000e+18,2.000000e+01,-0.400000,-0.400000,0
-0.4,-1.142113e-04,0.117819,5.000000e+18,2.000000e+01,-0.400000,-0.400000,0
-0.4,-1.132971e-04,0.117819,5.000000e+18,2.000000e+01,-0.400000,-0.400000,0
-0.4,-1.123829e-04,0.117819,5.000000e+18,2.000000e+01,-0.400000,-0.400000,0
-0.4,-1.114687e-04,0.117819,5.000000e+18,2.000000e+01,-0.400000,-0.400000,0
-0.4,-1.105545e-04,0.117819,5.000000e+18,2.000000e+01,-0.400000,-0.400000,0
-0.4,-1.096403e-04,0.117819,5.000000e+18,2.000000e+01,-0.400000,-0.400000,0
-0.4,-1.087261e-04,0.117819,5.000000e+18,2.000000e+01,-0.400000,-0.400000,0
-0.4,-1.078119e-04,0.117819,5.000000e+18,2.000000e+01,-0.400000,-0.400000,0
-0.4,-1.068977e-04,0.117819,5.000000e+18,2.000000e+01,-0.400000,-0.400000,0
-0.4,-1.059835e-04,0.117819,5.000000e+18,2.000000e+01,-0.400000,-0.400000,0
-0.4,-1.050693e-04,0.117819,5.000000e+18,2.000000e+01,-0.400000,-0.400000,0
-0.4,-1.041551e-04,0.117819,5.000000e+18,2.000000e+01,-0.400000,-0.400000,0
-0.4,-1.032409e-04,0.117819,5.000000e+18,2.000000e+01,-0.400000,-0.400000,0
-0.4,-1.023267e-04,0.117819,5.000000e+18,2.000000e+01,-0.400000,-0.400000,0
-0.4,-1.014124e-04,0.117819,5.000000e+18,2.000000e+01,-0.400000,-0.400000,0
-0.4,-1.004982e-04,0.117819,5.000000e+18,2.000000e+01,-0.400000,-0.400000,0
-0.4,-9.958403e-05,0.117819,5.000000e+18,2.000000e+01,-0.400000,-0.400000,0
-0.4,-9.866983e-05,0.117819,5.000000e+18,2.000000e+01,-0.400000,-0.400000,0
-0.4,-9.775562e-05,0.117819,5.000000e+18,2.000000e+01,-0.400000,-0.400000,0
-0.4,-9.684141e-05,0.117819,5.000000e+18,2.000000e+01,-0.400000,-0.400000,0
-0.4,-9.592721e-05,0.117819,5.000000e+18,2.000000e+01,-0.400000,-0.400000,0
-0.4,-9.501300e-05,0.117819,5.000000e+18,2.000000e+01,-0.400000,-0.400000,0
-0.4,-9.409880e-05,0.117819,5.000000e+18,2.000000e+01,-0.400000,-0.400000,0
-0.4,-9.318459e-05,0.117819,5.000000e+18,2.000000e+01,-0.400000,-0.400000,0
-0.4,-9.227038e-05,0.117819,5.000000e+18,2.000000e+01,-0.400000,-0.400000,0
-0.4,-9.135618e-05,0.117819,5.000000e+18,2.000000e+01,-0.400000,-0.400000,0
-0.4,-9.044197e-05,0.117819,5.000000e+18,2.000000e+01,-0.400000,-0.400000,0
-0.4,-8.952776e-05,0.117819,5.000000e+18,2.000000e+01,-0.400000,-0.400000,0
-0.4,-8.861356e-05,0.117819,5.000000e+18,2.000000e+01,-0.400000,-0.400000,0
-0.4,-8.769935e-05,0.117819,5.000000e+18,2.000000e+01,-0.400000,-0.400000,0
-0.4,-8.678515e-05,0.117819,5.000000e+18,2.000000e+01,-0.400000,-0.400000,0
-0.4,-8.587094e-05,0.117819,5.000000e+18,2.000000e+01,-0.400000,-0.400000,0
-0.4,-8.495673e-05,0.117819,5.000000e+18,2.000000e+01,-0.400000,-0.400000,0
-0.4,-8.404253e-05,0.117819,5.000000e+18,2.000000e+01,-0.400000,-0.400000,0
-0.4,-8.312832e-05,0.117819,5.000000e+18,2.000000e+01,-0.400000,-0.400000,0
-0.4,-8.221412e-05,0.117819,5.000000e+18,2.000000e+01,-0.400000,-0.400000,0
-0.4,-8.129991e-05,0.117819,5.000000e+18,2.000000e+01,-0.400000,-0.400000,0
-0.4,-8.038570e-05,0.117819,5.000000e+18,2.000000e+01,-0.400000,-0.400000,0
-0.4,-7.947150e-05,0.117819,5.000000e+18,2.000000e+01,-0.400000,-0.400000,0
-0.4,-7.855729e-05,0.117819,5.000000e+18,2.000000e+01,-0.400000,-0.400000,0
-0.4,-7.764308e-05,0.117819,5.000000e+18,2.000000e+01,-0.400000,-0.400000,0
-0.4,-7.672888e-05,0.117819,5.000000e+18,2.000000e+01,-0.400000,-0.400000,0
-0.4,-7.581467e-05,0.117819,5.000000e+18,2.000000e+01,-0.400000,-0.400000,0
-0.4,-7.490047e-05,0.117819,5.000000e+18,2.000000e+01,-0.400000,-0.400000,0
-0.4,-7.398626e-05,0.117819,5.000000e+18,2.000000e+01,-0.400000,-0.400000,0
-0.4,-7.307205e-05,0.117819,5.000000e+18,2.000000e+01,-0.400000,-0.400000,0
-0.4,-7.215785e-05,0.117819,5.000000e+18,2.000000e+01,-0.400000,-0.400000,0
-0.4,-7.124364e-05,0.117819,5.000000e+18,2.000000e+01,-0.400000,-0.400000,0
-0.4,-7.032943e-05,0.117819,5.000000e+18,2.000000e+01,-0.400000,-0.400000,0
-0.4,-6.941523e-05,0.117819,5.000000e+18,2.000000e+01,-0.400000,-0.400000,0
-0.4,-6.850102e-05,0.117819,5.000000e+18,2.000000e+01,-0.400000,-0.400000,0
-0.4,-6.758682e-05,0.117819,5.000000e+18,2.000000e+01,-0.400000,-0.400000,0
-0.4,-6.667261e-05,0.117819,5.000000e+18,2.000000e+01,-0.400000,-0.400000,0
-0.4,-6.575840e-05,0.117819,5.000000e+18,2.000000e+01,-0.400000,-0.400000,0
-0.4,-6.484420e-05,0.117819,5.000000e+18,2.000000e+01,-0.400000,-0.400000,0
-0.4,-6.392999e-05,0.117819,5.000000e+18,2.000000e+01,-0.400000,-0.400000,0
-0.4,-6.301578e-05,0.117819,5.000000e+18,2.000000e+01,-0.400000,-0.400000,0
-0.4,-6.210158e-05,0.117819,5.000000e+18,2.000000e+01,-0.400000,-0.400000,0
-0.4,-6.118737e-05,0.117819,5.000000e+18,2.000000e+01,-0.400000,-0.400000,0
-0.4,-6.027317e-05,0.117819,5.000000e+18,2.000000e+01,-0.400000,-0.400000,0
-0.4,-5.935896e-05,0.117819,5.000000e+18,2.000000e+01,-0.400000,-0.400000,0
-0.4,-5.844475e-05,0.117819,5.000000e+18,2.000000e+01,-0.400000,-0.400000,0
-0.4,-5.753055e-05,0.117819,5.000000e+18,2.000000e+01,-0.400000,-0.400000,0
-0.4,-5.661634e-05,0.117819,5.000000e+18,2.000000e+01,-0.400000,-0.400000,0
-0.4,-5.570213e-05,0.117819,5.000000e+18,2.000000e+01,-0.400000,-0.400000,0
-0.4,-5.478793e-05,0.117819,5.000000e+18,2.000000e+01,-0.400000,-0.400000,0
-0.4,-5.387372e-05,0.117819,5.000000e+18,2.000000e+01,-0.400000,-0.400000,0
-0.4,-5.295952e-05,0.117819,5.000000e+18,2.000000e+01,-0.400000,-0.400000,0
-0.4,-5.204531e-05,0.117819,5.000000e+18,2.000000e+01,-0.400000,-0.400000,0
-0.4,-5.113110e-05,0.117819,5.000000e+18,2.000000e+01,-0.400000,-0.400000,0
-0.4,-5.021690e-05,0.117819,5.000000e+18,2.000000e+01,-0.400000,-0.400000,0
-0.4,-4.930269e-05,0.117819,5.000000e+18,2.000000e+01,-0.400000,-0.400000,0
-0.4,-4.838848e-05,0.117819,5.000000e+18,2.000000e+01,-0.400000,-0.400000,0
-0.4,-4.747428e-05,0.117819,5.000000e+18,2.000000e+01,-0.400000,-0.400000,0
-0.4,-4.656007e-05,0.117819,5.000000e+18,2.000000e+01,-0.400000,-0.400000,0
-0.4,-4.564587e-05,0.117819,5.000000e+18,2.000000e+01,-0.400000,-0.400000,0
-0.4,-4.473166e-05,0.117819,5.000000e+18,2.000000e+01,-0.400000,-0.400000,0
-0.4,-4.381745e-05,0.117819,5.000000e+18,2.000000e+01,-0.400000,-0.400000,0
-0.4,-4.290325e-05,0.117819,5.000000e+18,2.000000e+01,-0.400000,-0.400000,0
-0.4,-4.198904e-05,0.117819,5.000000e+18,2.000000e+01,-0.400000,-0.400000,0
-0.4,-4.107484e-05,0.117819,5.000000e+18,2.000000e+01,-0.400000,-0.400000,0
-0.4,-4.016063e-05,0.117819,5.000000e+18,2.000000e+01,-0.400000,-0.400000,0
-0.4,-3.924642e-05,0.117819,5.000000e+18,2.000000e+01,-0.400000,-0.400000,0
-0.4,-3.833222e-05,0.117819,5.000000e+18,2.000000e+01,-0.400000,-0.400000,0
-0.4,-3.741801e-05,0.117819,5.000000e+18,2.000000e+01,-0.400000,-0.400000,0
-0.4,-3.650380e-05,0.117819,5.000000e+18,2.000000e+01,-0.400000,-0.400000,0
-0.4,-3.558960e-05,0.117819,5.000000e+18,2.000000e+01,-0.400000,-0.400000,0
-0.4,-3.467539e-05,0.117819,5.000000e+18,2.000000e+01,-0.400000,-0.400000,0
-0.4,-3.376119e-05,0.117819,5.000000e+18,2.000000e+01,-0.400000,-0.400000,0
-0.4,-3.284698e-05,0.117819,5.000000e+18,2.000000e+01,-0.400000,-0.400000,0
-0.4,-3.193277e-05,0.117819,5.000000e+18,2.000000e+01,-0.400000,-0.400000,0
-0.4,-3.101857e-05,0.117819,5.000000e+18,2.000000e+01,-0.400000,-0.400000,0
-0.4,-3.010436e-05,0.117819,5.000000e+18,2.000000e+01,-0.400000,-0.400000,0
-0.4,-2.919015e-05,0.117819,5.000000e+18,2.000000e+01,-0.400000,-0.400000,0
-0.4,-2.827595e-05,0.117819,5.000000e+18,2.000000e+01,-0.400000,-0.400000,0
-0.4,-2.736174e-05,0.117819,5.000000e+18,2.000000e+01,-0.400000,-0.400000,0
-0.4,-2.644754e-05,0.117819,5.000000e+18,2.000000e+01,-0.400000,-0.400000,0
-0.4,-2.553333e-05,0.117819,5.000000e+18,2.000000e+01,-0.400000,-0.400000,0
-0.4,-2.461912e-05,0.117819,5.000000e+18,2.000000e+01,-0.400000,-0.400000,0
-0.4,-2.370492e-05,0.117819,5.000000e+18,2.000000e+01,-0.400000,-0.400000,0
-0.4,-2.279071e-05,0.117819,5.000000e+18,2.000000e+01,-0.400000,-0.400000,0
-0.4,-2.187650e-05,0.117819,5.000000e+18,2.000000e+01,-0.400000,-0.400000,0
-0.4,-2.096230e-05,0.117819,5.000000e+18,2.000000e+01,-0.400000,-0.400000,0
-0.4,-2.004809e-05,0.117819,5.000000e+18,2.000000e+01,-0.400000,-0.400000,0
-0.4,-1.913389e-05,0.117819,5.000000e+18,2.000000e+01,-0.400000,-0.400000,0
-0.4,-1.821968e-05,0.117819,5.000000e+18,2.000000e+01,-0.400000,-0.400000,0
-0.4,-1.730547e-05,0.117819,5.000000e+18,2.000000e+01,-0.400000,-0.400000,0
-0.4,-1.639127e-05,0.117819,5.000000e+18,2.000000e+01,-0.400000,-0.400000,0
-0.4,-1.547706e-05,0.117819,5.000000e+18,2.000000e+01,-0.400000,-0.400000,0
-0.4,-1.456285e-05,0.117819,5.000000e+18,2.000000e+01,-0.400000,-0.400000,0
-0.4,-1.364865e-05,0.117819,5.000000e+18,2.000000e+01,-0.400000,-0.400000,0
-0.4,-1.273444e-05,0.117819,5.000000e+18,2.000000e+01,-0.400000,-0.400000,0
-0.4,-1.182024e-05,0.117819,5.000000e+18,2.000000e+01,-0.400000,-0.400000,0
-0.4,-1.095190e-05,0.117819,5.000000e+18,2.000000e+01,-0.400000,-0.400000,0
-0.4,-1.014789e-05,0.117819,5.000000e+18,2.000000e+01,-0.400000,-0.400000,0
-0.4,-9.403430e-06,0.117819,5.000000e+18,2.000000e+01,-0.400000,-0.400000,0
-0.4,-8.714118e-06,0.117819,5.000000e+18,2.000000e+01,-0.400000,-0.400000,0
-0.4,-8.075866e-06,0.117819,5.000000e+18,2.000000e+01,-0.400000,-0.400000,0
-0.4,-7.484892e-06,0.117819,5.000000e+18,2.000000e+01,-0.400000,-0.400000,0
-0.4,-6.937693e-06,0.117819,5.000000e+18,2.000000e+01,-0.400000,-0.400000,0
-0.4,-6.431028e-06,0.117819,5.000000e+18,2.000000e+01,-0.400000,-0.400000,0
-0.4,-5.961894e-06,0.117819,5.000000e+18,2.000000e+01,-0.400000,-0.400000,0
-0.4,-5.527510e-06,0.117819,5.000000e+18,2.000000e+01,-0.400000,-0.400000,0
-0.4,-5.125303e-06,0.117819,5.000000e+18,2.000000e+01,-0.400000,-0.400000,0
-0.4,-4.752889e-06,0.117819,5.000000e+18,2.000000e+01,-0.400000,-0.400000,0
-0.4,-4.408061e-06,0.117819,5.000000e+18,2.000000e+01,-0.400000,-0.400000,0
-0.4,-4.088776e-06,0.117819,5.000000e+18,2.000000e+01,-0.400000,-0.400000,0
-0.4,-3.793142e-06,0.117819,5.000000e+18,2.000000e+01,-0.400000,-0.400000,0
-0.4,-3.519407e-06,0.117819,5.000000e+18,2.000000e+01,-0.400000,-0.400000,0
-0.4,-3.265948e-06,0.117819,5.000000e+18,2.000000e+01,-0.400000,-0.400000,0
-0.4,-3.031264e-06,0.117819,5.000000e+18,2.000000e+01,-0.400000,-0.400000,0
-0.4,-2.813964e-06,0.117819,4.999999e+18,2.000000e+01,-0.400000,-0.400000,0
-0.4,-2.612760e-06,0.117819,4.999998e+18,2.000001e+01,-0.400000,-0.400000,0
-0.4,-2.426461e-06,0.117819,4.999995e+18,2.000002e+01,-0.400000,-0.400000,0
-0.4,-2.253961e-06,0.117819,4.999989e+18,2.000005e+01,-0.400000,-0.400000,0
-0.4,-2.094239e-06,0.117818,4.999973e+18,2.000011e+01,-0.400000,-0.400000,0
-0.4,-1.946348e-06,0.117818,4.999941e+18,2.000024e+01,-0.400000,-0.400000,0
-0.4,-1.809413e-06,0.117818,4.999876e+18,2.000050e+01,-0.400000,-0.400000,0
-0.4,-1.682620e-06,0.117817,4.999753e+18,2.000099e+01,-0.400000,-0.400000,0
-0.4,-1.565220e-06,0.117816,4.999534e+18,2.000186e+01,-0.400000,-0.400000,0
-0.4,-1.456516e-06,0.117814,4.999161e+18,2.000336e+01,-0.400000,-0.400000,0
-0.4,-1.355864e-06,0.117811,4.998550e+18,2.000580e+01,-0.400000,-0.400000,0
-0.4,-1.262667e-06,0.117806,4.997593e+18,2.000963e+01,-0.400000,-0.400000,0
-0.4,-1.176375e-06,0.117799,4.996150e+18,2.001541e+01,-0.400000,-0.400000,0
-0.4,-1.096474e-06,0.117788,4.994050e+18,2.002383e+01,-0.400000,-0.400000,0
-0.4,-1.022492e-06,0.117773,4.991095e+18,2.003568e+01,-0.400000,-0.400000,0
-0.4,-9.539897e-07,0.117752,4.987064e+18,2.005188e+01,-0.400000,-0.400000,0
-0.4,-8.905619e-07,0.117724,4.981721e+18,2.007338e+01,-0.400000,-0.400000,0
-0.4,-8.318324e-07,0.117688,4.974827e+18,2.010120e+01,-0.400000,-0.400000,0
-0.4,-7.774533e-07,0.117643,4.966152e+18,2.013631e+01,-0.400000,-0.400000,0
-0.4,-7.271023e-07,0.117587,4.955486e+18,2.017965e+01,-0.400000,-0.400000,0
-0.4,-6.804810e-07,0.117520,4.942655e+18,2.023204e+01,-0.400000,-0.400000,0
-0.4,-6.373131e-07,0.117441,4.927527e+18,2.029416e+01,-0.400000,-0.400000,0
-0.4,-5.973428e-07,0.117349,4.910022e+18,2.036651e+01,-0.400000,-0.400000,0
-0.4,-5.603333e-07,0.117244,4.890118e+18,2.044941e+01,-0.400000,-0.400000,0
-0.4,-5.260653e-07,0.117126,4.867850e+18,2.054295e+01,-0.400000,-0.400000,0
-0.4,-4.943356e-07,0.116996,4.843312e+18,2.064703e+01,-0.400000,-0.400000,0
-0.4,-4.649562e-07,0.116853,4.816647e+18,2.076133e+01,-0.400000,-0.400000,0
-0.4,-4.377531e-07,0.116699,4.788044e+18,2.088535e+01,-0.400000,-0.400000,0
-0.4,-4.125651e-07,0.116535,4.757730e+18,2.101843e+01,-0.400000,-0.400000,0
-0.4,-3.892428e-07,0.116361,4.725955e+18,2.115974e+01,-0.400000,-0.400000,0
-0.4,-3.676481e-07,0.116180,4.692991e+18,2.130837e+01,-0.400000,-0.400000,0
-0.4,-3.476530e-07,0.115993,4.659114e+18,2.146331e+01,-0.400000,-0.400000,0
-0.4,-3.291391e-07,0.115801,4.624601e+18,2.162349e+01,-0.400000,-0.400000,0
-0.4,-3.119965e-07,0.115605,4.589721e+18,2.178782e+01,-0.400000,-0.400000,0
-0.4,-2.961238e-07,0.115407,4.554730e+18,2.195520e+01,-0.400000,-0.400000,0
-0.4,-2.814268e-07,0.115209,4.519862e+18,2.212457e+01,-0.400000,-0.400000,0
-0.4,-2.678185e-07,0.115010,4.485334e+18,2.229488e+01,-0.400000,-0.400000,0
-0.4,-2.552182e-07,0.114814,4.451335e+18,2.246517e+01,-0.400000,-0.400000,0
-0.4,-2.435512e-07,0.114620,4.418031e+18,2.263452e+01,-0.400000,-0.400000,0
-0.4,-2.327485e-07,0.114429,4.385562e+18,2.280209e+01,-0.400000,-0.400000,0
-0.4,-2.227460e-07,0.114242,4.354046e+18,2.296715e+01,-0.400000,-0.400000,0
-0.4,-2.134844e-07,0.114061,4.323575e+18,2.312901e+01,-0.400000,-0.400000,0
-0.4,-2.049088e-07,0.113885,4.294222e+18,2.328710e+01,-0.400000,-0.400000,0
-0.4,-1.969685e-07,0.113715,4.266041e+18,2.344094e+01,-0.400000,-0.400000,0
-0.4,-1.896164e-07,0.113551,4.239065e+18,2.359011e+01,-0.400000,-0.400000,0
-0.4,-1.828088e-07,0.113393,4.213315e+18,2.373428e+01,-0.400000,-0.400000,0
-0.4,-1.765055e-07,0.113242,4.188797e+18,2.387320e+01,-0.400000,-0.400000,0
-0.4,-1.706692e-07,0.113098,4.165506e+18,2.400669e+01,-0.400000,-0.400000,0
-0.4,-1.652651e-07,0.112961,4.143428e+18,2.413461e+01,-0.400000,-0.400000,0
-0.4,-1.602614e-07,0.112830,4.122539e+18,2.425690e+01,-0.400000,-0.400000,0
-0.4,-1.556283e-07,0.112706,4.102811e+18,2.437353e+01,-0.400000,-0.400000,0
-0.4,-1.513384e-07,0.112589,4.084209e+18,2.448455e+01,-0.400000,-0.400000,0
-0.4,-1.473662e-07,0.112477,4.066694e+18,2.459000e+01,-0.400000,-0.400000,0
-0.4,-1.436883e-07,0.112373,4.050225e+18,2.468998e+01,-0.400000,-0.400000,0
-0.4,-1.402828e-07,0.112274,4.034760e+18,2.478462e+01,-0.400000,-0.400000,0
-0.4,-1.371296e-07,0.112180,4.020252e+18,2.487406e+01,-0.400000,-0.400000,0
-0.4,-1.342100e-07,0.112093,4.006658e+18,2.495846e+01,-0.400000,-0.400000,0
-0.4,-1.315066e-07,0.112011,3.993931e+18,2.503799e+01,-0.400000,-0.400000,0
-0.4,-1.290035e-07,0.111933,3.982026e+18,2.511284e+01,-0.400000,-0.400000,0
-0.4,-1.266858e-07,0.111861,3.970900e+18,2.518321e+01,-0.400000,-0.400000,0
-0.4,-1.245398e-07,0.111793,3.960509e+18,2.524928e+01,-0.400000,-0.400000,0
-0.4,-1.225527e-07,0.111730,3.950812e+18,2.531126e+01,-0.400000,-0.400000,0
-0.4,-1.207128e-07,0.111671,3.941766e+18,2.536934e+01,-0.400000,-0.400000,0
-0.4,-1.190093e-07,0.111615,3.933334e+18,2.542372e+01,-0.400000,-0.400000,0
-0.4,-1.174319e-07,0.111564,3.925478e+18,2.547461e+01,-0.400000,-0.400000,0
-0.4,-1.159713e-07,0.111516,3.918162e+18,2.552217e+01,-0.400000,-0.400000,0
-0.4,-1.146190e-07,0.111471,3.911351e+18,2.556661e+01,-0.400000,-0.400000,0
-0.4,-1.133668e-07,0.111429,3.905015e+18,2.560810e+01,-0.400000,-0.400000,0
-0.4,-1.122074e-07,0.111390,3.899121e+18,2.564681e+01,-0.400000,-0.400000,0
-0.4,-1.111338e-07,0.111353,3.893641e+18,2.568290e+01,-0.400000,-0.400000,0
-0.4,-1.101398e-07,0.111319,3.888547e+18,2.571655e+01,-0.400000,-0.400000,0
-0.4,-1.092194e-07,0.111288,3.883814e+18,2.574789e+01,-0.400000,-0.400000,0
-0.4,-1.083672e-07,0.111259,3.879417e+18,2.577707e+01,-0.400000,-0.400000,0
-0.4,-1.075781e-07,0.111231,3.875333e+18,2.580423e+01,-0.400000,-0.400000,0
-0.4,-1.068474e-07,0.111206,3.871541e+18,2.582951e+01,-0.400000,-0.400000,0
-0.4,-1.061709e-07,0.111183,3.868021e+18,2.585301e+01,-0.400000,-0.400000,0
-0.4,-1.055445e-07,0.111161,3.864754e+18,2.587487e+01,-0.400000,-0.400000,0
-0.4,-1.049645e-07,0.111140,3.861722e+18,2.589518e+01,-0.400000,-0.400000,0
-0.4,-1.044275e-07,0.111122,3.858909e+18,2.591406e+01,-0.400000,-0.400000,0
-0.4,-1.039302e-07,0.111104,3.856299e+18,2.593160e+01,-0.400000,-0.400000,0
-0.4,-1.034698e-07,0.111088,3.853879e+18,2.594788e+01,-0.400000,-0.400000,0
-0.4,-1.030435e-07,0.111073,3.851634e+18,2.596301e+01,-0.400000,-0.400000,0
-0.4,-1.026487e-07,0.111059,3.849552e+18,2.597705e+01,-0.400000,-0.400000,0
-0.4,-1.022832e-07,0.111046,3.847622e+18,2.599008e+01,-0.400000,-0.400000,0
-0.4,-1.019448e-07,0.111034,3.845832e+18,2.600217e+01,-0.400000,-0.400000,0
-0.4,-1.016315e-07,0.111023,3.844173e+18,2.601339e+01,-0.400000,-0.400000,0
-0.4,-1.013413e-07,0.111012,3.842636e+18,2.602380e+01,-0.400000,-0.400000,0
-0.4,-1.010727e-07,0.111003,3.841210e+18,2.603346e+01,-0.400000,-0.400000,0
-0.4,-1.008239e-07,0.110994,3.839890e+18,2.604242e+01,-0.400000,-0.400000,0
-0.4,-1.005936e-07,0.110986,3.838665e+18,2.605072e+01,-0.400000,-0.400000,0
-0.4,-1.003803e-07,0.110978,3.837531e+18,2.605842e+01,-0.400000,-0.400000,0
-0.4,-1.001828e-07,0.110971,3.836480e+18,2.606556e+01,-0.400000,-0.400000,0
-0.4,-9.285714e-08,0.110168,0.000000e+00,0.000000e+00,nan,nan,1
-0.4,-8.571429e-08,0.109385,0.000000e+00,0.000000e+00,nan,nan,1
-0.4,-7.857143e-08,0.108602,0.000000e+00,0.000000e+00,nan,nan,1
-0.4,-7.142857e-08,0.107819,0.000000e+00,0.000000e+00,nan,nan,1
-0.4,-6.428571e-08,0.107036,0.000000e+00,0.000000e+00,nan,nan,1
-0.4,-5.714286e-08,0.106253,0.000000e+00,0.000000e+00,nan,nan,1
-0.4,-5.000000e-08,0.105470,0.000000e+00,0.000000e+00,nan,nan,1
-0.4,-4.285714e-08,0.104687,0.000000e+00,0.000000e+00,nan,nan,1
-0.4,-3.571429e-08,0.103904,0.000000e+00,0.000000e+00,nan,nan,1
-0.4,-2.857143e-08,0.103120,0.000000e+00,0.000000e+00,nan,nan,1
-0.4,-2.142857e-08,0.102337,0.000000e+00,0.000000e+00,nan,nan,1
-0.4,-1.428571e-08,0.101554,0.000000e+00,0.000000e+00,nan,nan,1
-0.4,-7.142857e-09,0.100771,0.000000e+00,0.000000e+00,nan,nan,1
-0.4,-0.000000e+00,0.099988,4.783330e+11,2.090594e+08,0.000000,0.000000,0
-0.4,4.088455e-09,0.099839,4.755773e+11,2.102707e+08,0.000000,0.000000,0
-0.4,8.503985e-09,0.099678,4.726196e+11,2.115867e+08,0.000000,0.000000,0
-0.4,1.327276e-08,0.099504,4.694465e+11,2.130168e+08,0.000000,0.000000,0
-0.4,1.842303e-08,0.099316,4.660442e+11,2.145719e+08,0.000000,0.000000,0
-0.4,2.398533e-08,0.099112,4.623982e+11,2.162638e+08,0.000000,0.000000,0
-0.4,2.999261e-08,0.098893,4.584935e+11,2.181056e+08,0.000000,0.000000,0
-0.4,3.648048e-08,0.098657,4.543146e+11,2.201118e+08,0.000000,0.000000,0
-0.4,4.348737e-08,0.098401,4.498454e+11,2.222986e+08,0.000000,0.000000,0
-0.4,5.105481e-08,0.098125,4.450695e+11,2.246840e+08,0.000000,0.000000,0
-0.4,5.922765e-08,0.097827,4.399701e+11,2.272881e+08,0.000000,0.000000,0
-0.4,6.805432e-08,0.097505,4.345304e+11,2.301335e+08,0.000000,0.000000,0
-0.4,7.758712e-08,0.097158,4.287333e+11,2.332453e+08,0.000000,0.000000,0
-0.4,8.788254e-08,0.096783,4.225618e+11,2.366518e+08,0.000000,0.000000,0
-0.4,9.900160e-08,0.096379,4.159992e+11,2.403851e+08,0.000000,0.000000,0
-0.4,1.110102e-07,0.095942,4.090296e+11,2.444811e+08,0.000000,0.000000,0
-0.4,1.239795e-07,0.095471,4.016373e+11,2.489809e+08,0.000000,0.000000,0
-0.4,1.379863e-07,0.094962,3.938081e+11,2.539308e+08,0.000000,0.000000,0
-0.4,1.531136e-07,0.094412,3.855289e+11,2.593839e+08,0.000000,0.000000,0
-0.4,1.694512e-07,0.093819,3.767886e+11,2.654008e+08,0.000000,0.000000,0
-0.4,1.870957e-07,0.093180,3.675781e+11,2.720510e+08,0.000000,0.000000,0
-0.4,2.061518e-07,0.092489,3.578910e+11,2.794147e+08,0.000000,0.000000,0
-0.4,2.267324e-07,0.091744,3.477239e+11,2.875845e+08,0.000000,0.000000,0
-0.4,2.489595e-07,0.090940,3.370772e+11,2.966679e+08,0.000000,0.000000,0
-0.4,2.729647e-07,0.090073,3.259555e+11,3.067904e+08,0.000000,0.000000,0
-0.4,2.988903e-07,0.089137,3.143679e+11,3.180986e+08,0.000000,0.000000,0
-0.4,3.268900e-07,0.088128,3.023293e+11,3.307651e+08,0.000000,0.000000,0
-0.4,3.571296e-07,0.087039,2.898601e+11,3.449940e+08,0.000000,0.000000,0
-0.4,3.897885e-07,0.085864,2.769875e+11,3.610272e+08,0.000000,0.000000,0
-0.4,4.250600e-07,0.084598,2.637452e+11,3.791538e+08,0.000000,0.000000,0
-0.4,4.631533e-07,0.083232,2.501746e+11,3.997208e+08,0.000000,0.000000,0
-0.4,5.042940e-07,0.081760,2.363246e+11,4.231467e+08,0.000000,0.000000,0
-0.4,5.487259e-07,0.080173,2.222519e+11,4.499400e+08,0.000000,0.000000,0
-0.4,5.967125e-07,0.078462,2.080206e+11,4.807216e+08,0.000000,0.000000,0
-0.4,6.485379e-07,0.076619,1.937026e+11,5.162554e+08,0.000000,0.000000,0
-0.4,7.045094e-07,0.074632,1.793763e+11,5.574872e+08,0.000000,0.000000,0
-0.4,7.649586e-07,0.072492,1.651264e+11,6.055966e+08,0.000000,0.000000,0
-0.4,8.302438e-07,0.070188,1.510424e+11,6.620658e+08,0.000000,0.000000,0
-0.4,9.007517e-07,0.067706,1.372171e+11,7.287724e+08,0.000000,0.000000,0
-0.4,9.769003e-07,0.065034,1.237449e+11,8.081144e+08,0.000000,0.000000,0
-0.4,1.059141e-06,0.062159,1.107197e+11,9.031815e+08,0.000000,0.000000,0
-0.4,1.147961e-06,0.059065,9.823267e+10,1.017991e+09,0.000000,0.000000,0
-0.4,1.243886e-06,0.055738,8.636935e+10,1.157818e+09,-0.000000,-0.000000,0
-0.4,1.347485e-06,0.052161,7.520734e+10,1.329658e+09,0.000000,0.000000,0
-0.4,1.459372e-06,0.048316,6.481358e+10,1.542887e+09,0.000000,0.000000,0
-0.4,1.580211e-06,0.044185,5.524202e+10,1.810216e+09,0.000000,0.000000,0
-0.4,1.710716e-06,0.039749,4.653155e+10,2.149079e+09,0.000000,0.000000,0
-0.4,1.851662e-06,0.034987,3.870444e+10,2.583683e+09,0.000000,0.000000,0
-0.4,2.003883e-06,0.029880,3.176544e+10,3.148075e+09,-0.000000,-0.000000,0
-0.4,2.168282e-06,0.024403,2.570163e+10,3.890804e+09,0.000000,0.000000,0
-0.4,2.345833e-06,0.018536,2.048310e+10,4.882074e+09,0.000000,-0.000000,0
-0.4,2.537588e-06,0.012254,1.606443e+10,6.224933e+09,0.000000,-0.000000,0
-0.4,2.744684e-06,0.005534,1.238699e+10,8.072988e+09,-0.000000,0.000000,0
-0.4,2.968347e-06,-0.001650,9.381788e+09,1.065895e+10,0.000000,-0.000000,0
-0.4,3.209903e-06,-0.009321,6.972862e+09,1.434131e+10,0.000000,0.000000,0
-0.4,3.470784e-06,-0.017505,5.080767e+09,1.968207e+10,-0.000000,-0.000000,0
-0.4,3.752535e-06,-0.026225,3.626061e+09,2.757813e+10,-0.000000,-0.000000,0
-0.4,4.056826e-06,-0.035505,2.532433e+09,3.948771e+10,0.000000,0.000000,0
-0.4,4.385461e-06,-0.045367,1.729304e+09,5.782674e+10,0.000000,0.000000,0
-0.4,4.740386e-06,-0.055830,1.153726e+09,8.667566e+10,0.000000,0.000000,0
-0.4,5.123706e-06,-0.066911,7.515349e+08,1.330610e+11,0.000000,0.000000,0
-0.4,5.537690e-06,-0.078623,4.777393e+08,2.093192e+11,0.000000,0.000000,0
-0.4,5.984794e-06,-0.090975,2.962739e+08,3.375255e+11,0.000000,0.000000,0
-0.4,6.467666e-06,-0.103967,1.792378e+08,5.579181e+11,0.000000,0.000000,0
-0.4,6.989168e-06,-0.117594,1.058056e+08,9.451298e+11,-0.000000,-0.000000,0
-0.4,7.552390e-06,-0.131839,6.098313e+07,1.639798e+12,0.000000,0.000000,0
-0.4,8.160669e-06,-0.146672,3.435759e+07,2.910565e+12,0.000000,0.000000,0
-0.4,8.817611e-06,-0.162049,1.895375e+07,5.276000e+12,0.000000,0.000000,0
-0.4,9.527109e-06,-0.177907,1.026335e+07,9.743404e+12,0.000000,0.000000,0
-0.4,1.029337e-05,-0.194161,5.473268e+06,1.827062e+13,0.000000,0.000000,0
-0.4,1.112092e-05,-0.210696,2.887114e+06,3.463667e+13,0.000000,0.000000,0
-0.4,1.201469e-05,-0.227369,1.514869e+06,6.601233e+13,0.000000,0.000000,0
-0.4,1.297995e-05,-0.243997,7.962260e+05,1.255925e+14,0.000000,0.000000,0
-0.4,1.402243e-05,-0.260357,4.228629e+05,2.364833e+14,0.000000,0.000000,0
-0.4,1.514832e-05,-0.276182,2.292665e+05,4.361736e+14,0.000000,0.000000,0
-0.4,1.636427e-05,-0.291168,1.284079e+05,7.787686e+14,0.000000,0.000000,0
-0.4,1.767750e-05,-0.304984,7.524716e+04,1.328954e+15,0.000000,0.000000,0
-0.4,1.909579e-05,-0.317308,4.671536e+04,2.140624e+15,0.000000,0.000000,0
-0.4,2.062754e-05,-0.327871,3.104580e+04,3.221048e+15,0.000000,0.000000,0
-0.4,2.228183e-05,-0.336517,2.222106e+04,4.500235e+15,0.000000,0.000000,0
-0.4,2.406847e-05,-0.343239,1.713290e+04,5.836725e+15,0.000000,0.000000,0
-0.4,2.599803e-05,-0.348191,1.414633e+04,7.068969e+15,0.000000,0.000000,0
-0.4,2.808196e-05,-0.351644,1.237795e+04,8.078882e+15,0.000000,0.000000,0
-0.4,3.033261e-05,-0.353923,1.133342e+04,8.823465e+15,0.000000,0.000000,0
-0.4,3.276331e-05,-0.355349,1.072511e+04,9.323917e+15,0.000000,0.000000,0
-0.4,3.538846e-05,-0.356195,1.037965e+04,9.634239e+15,0.000000,0.000000,0
-0.4,3.822363e-05,-0.356672,1.019018e+04,9.813371e+15,0.000000,0.000000,0
-0.4,4.128560e-05,-0.356925,1.009064e+04,9.910172e+15,0.000000,0.000000,0
-0.4,4.459254e-05,-0.357053,1.004090e+04,9.959269e+15,0.000000,0.000000,0
-0.4,4.816403e-05,-0.357114,1.001739e+04,9.982643e+15,0.000000,0.000000,0
-0.4,5.202124e-05,-0.357141,1.000693e+04,9.993071e+15,0.000000,0.000000,0
-0.4,5.618703e-05,-0.357152,1.000258e+04,9.997419e+15,0.000000,0.000000,0
-0.4,6.068608e-05,-0.357156,1.000089e+04,9.999106e+15,0.000000,0.000000,0
-0.4,6.554506e-05,-0.357158,1.000029e+04,9.999714e+15,0.000000,0.000000,0
-0.4,7.079275e-05,-0.357158,1.000008e+04,9.999916e+15,0.000000,0.000000,0
-0.4,7.646026e-05,-0.357159,1.000002e+04,9.999977e+15,0.000000,0.000000,0
-0.4,8.258117e-05,-0.357159,1.000001e+04,9.999994e+15,0.000000,0.000000,0
-0.4,8.919175e-05,-0.357159,1.000000e+04,9.999999e+15,0.000000,0.000000,0
-0.4,9.633118e-05,-0.357159,1.000000e+04,1.000000e+16,0.000000,0.000000,0
-0.4,1.040418e-04,-0.357159,1.000000e+04,1.000000e+16,0.000000,0.000000,0
-0.4,1.123692e-04,-0.357159,1.000000e+04,1.000000e+16,0.000000,0.000000,0
-0.4,1.213628e-04,-0.357159,1.000000e+04,1.000000e+16,0.000000,0.000000,0
-0.4,1.310759e-04,-0.357159,1.000000e+04,1.000000e+16,0.000000,0.000000,0
-0.4,1.415661e-04,-0.357159,1.000000e+04,1.000000e+16,0.000000,0.000000,0
-0.4,1.528955e-04,-0.357159,1.000000e+04,1.000000e+16,0.000000,0.000000,0
-0.4,1.651312e-04,-0.357159,1.000000e+04,1.000000e+16,0.000000,0.000000,0
-0.4,1.783458e-04,-0.357159,1.000000e+04,1.000000e+16,0.000000,0.000000,0
-0.4,1.926175e-04,-0.357159,1.000000e+04,1.000000e+16,0.000000,0.000000,0
-0.4,2.000000e-04,-0.357159,1.000000e+04,1.000000e+16,0.000000,0.000000,0
0,-2.001000e-04,0.517819,5.000000e+18,2.000000e+01,0.000000,0.000000,0
0,-1.992325e-04,0.517819,5.000000e+18,2.000000e+01,0.000000,0.000000,0
0,-1.983183e-04,0.517819,5.000000e+18,2.000000e+01,0.000000,0.000000,0
0,-1.974041e-04,0.517819,5.000000e+18,2.000000e+01,0.000000,0.000000,0
0,-1.964899e-04,0.517819,5.000000e+18,2.000000e+01,0.000000,0.000000,0
0,-1.955757e-04,0.517819,5.000000e+18,2.000000e+01,0.000000,0.000000,0
0,-1.946615e-04,0.517819,5.000000e+18,2.000000e+01,0.000000,0.000000,0
0,-1.937473e-04,0.517819,5.000000e+18,2.000000e+01,0.000000,0.000000,0
0,-1.928331e-04,0.517819,5.000000e+18,2.000000e+01,0.000000,0.000000,0
0,-1.919189e-04,0.517819,5.000000e+18,2.000000e+01,0.000000,0.000000,0
0,-1.910047e-04,0.517819,5.000000e+18,2.000000e+01,0.000000,0.000000,0
0,-1.900904e-04,0.517819,5.000000e+18,2.000000e+01,0.000000,0.000000,0
0,-1.891762e-04,0.517819,5.000000e+18,2.000000e+01,0.000000,0.000000,0
0,-1.882620e-04,0.517819,5.000000e+18,2.000000e+01,0.000000,0.000000,0
0,-1.873478e-04,0.517819,5.000000e+18,2.000000e+01,0.000000,0.000000,0
0,-1.864336e-04,0.517819,5.000000e+18,2.000000e+01,0.000000,0.000000,0
0,-1.855194e-04,0.517819,5.000000e+18,2.000000e+01,0.000000,0.000000,0
0,-1.846052e-04,0.517819,5.000000e+18,2.000000e+01,0.000000,0.000000,0
0,-1.836910e-04,0.517819,5.000000e+18,2.000000e+01,0.000000,0.000000,0
0,-1.827768e-04,0.517819,5.000000e+18,2.000000e+01,0.000000,0.000000,0
0,-1.818626e-04,0.517819,5.000000e+18,2.000000e+01,0.000000,0.000000,0
0,-1.809484e-04,0.517819,5.000000e+18,2.000000e+01,0.000000,0.000000,0
0,-1.800342e-04,0.517819,5.000000e+18,2.000000e+01,0.000000,0.000000,0
0,-1.791200e-04,0.517819,5.000000e+18,2.000000e+01,0.000000,0.000000,0
0,-1.782058e-04,0.517819,5.000000e+18,2.000000e+01,0.000000,0.000000,0
0,-1.772916e-04,0.517819,5.000000e+18,2.000000e+01,0.000000,0.000000,0
0,-1.763774e-04,0.517819,5.000000e+18,2.000000e+01,0.000000,0.000000,0
0,-1.754631e-04,0.517819,5.000000e+18,2.000000e+01,0.000000,0.000000,0
0,-1.745489e-04,0.517819,5.000000e+18,2.000000e+01,0.000000,0.000000,0
0,-1.736347e-04,0.517819,5.000000e+18,2.000000e+01,0.000000,0.000000,0
0,-1.727205e-04,0.517819,5.000000e+18,2.000000e+01,0.000000,0.000000,0
0,-1.718063e-04,0.517819,5.000000e+18,2.000000e+01,0.000000,0.000000,0
0,-1.708921e-04,0.517819,5.000000e+18,2.000000e+01,0.000000,0.000000,0
0,-1.699779e-04,0.517819,5.000000e+18,2.000000e+01,0.000000,0.000000,0
0,-1.690637e-04,0.517819,5.000000e+18,2.000000e+01,0.000000,0.000000,0
0,-1.681495e-04,0.517819,5.000000e+18,2.000000e+01,0.000000,0.000000,0
0,-1.672353e-04,0.517819,5.000000e+18,2.000000e+01,0.000000,0.000000,0
0,-1.663211e-04,0.517819,5.000000e+18,2.000000e+01,0.000000,0.000000,0
0,-1.654069e-04,0.517819,5.000000e+18,2.000000e+01,0.000000,0.000000,0
0,-1.644927e-04,0.517819,5.000000e+18,2.000000e+01,0.000000,0.000000,0
0,-1.635785e-04,0.517819,5.000000e+18,2.000000e+01,0.000000,0.000000,0
0,-1.626643e-04,0.517819,5.000000e+18,2.000000e+01,0.000000,0.000000,0
0,-1.617501e-04,0.517819,5.000000e+18,2.000000e+01,0.000000,0.000000,0
0,-1.608359e-04,0.517819,5.000000e+18,2.000000e+01,0.000000,0.000000,0
0,-1.599216e-04,0.517819,5.000000e+18,2.000000e+01,0.000000,0.000000,0
0,-1.590074e-04,0.517819,5.000000e+18,2.000000e+01,0.000000,0.000000,0
0,-1.580932e-04,0.517819,5.000000e+18,2.000000e+01,0.000000,0.000000,0
0,-1.571790e-04,0.517819,5.000000e+18,2.000000e+01,0.000000,0.000000,0
0,-1.562648e-04,0.517819,5.000000e+18,2.000000e+01,0.000000,0.000000,0
0,-1.553506e-04,0.517819,5.000000e+18,2.000000e+01,0.000000,0.000000,0
0,-1.544364e-04,0.517819,5.000000e+18,2.000000e+01,0.000000,0.000000,0
0,-1.535222e-04,0.517819,5.000000e+18,2.000000e+01,0.000000,0.000000,0
0,-1.526080e-04,0.517819,5.000000e+18,2.000000e+01,0.000000,0.000000,0
0,-1.516938e-04,0.517819,5.000000e+18,2.000000e+01,0.000000,0.000000,0
0,-1.507796e-04,0.517819,5.000000e+18,2.000000e+01,0.000000,0.000000,0
0,-1.498654e-04,0.517819,5.000000e+18,2.000000e+01,0.000000,0.000000,0
0,-1.489512e-04,0.517819,5.000000e+18,2.000000e+01,0.000000,0.000000,0
0,-1.480370e-04,0.517819,5.000000e+18,2.000000e+01,0.000000,0.000000,0
0,-1.471228e-04,0.517819,5.000000e+18,2.000000e+01,0.000000,0.000000,0
0,-1.462086e-04,0.517819,5.000000e+18,2.000000e+01,0.000000,0.000000,0
0,-1.452943e-04,0.517819,5.000000e+18,2.000000e+01,0.000000,0.000000,0
0,-1.443801e-04,0.517819,5.000000e+18,2.000000e+01,0.000000,0.000000,0
0,-1.434659e-04,0.517819,5.000000e+18,2.000000e+01,0.000000,0.000000,0
0,-1.425517e-04,0.517819,5.000000e+18,2.000000e+01,0.000000,0.000000,0
0,-1.416375e-04,0.517819,5.000000e+18,2.000000e+01,0.000000,0.000000,0
0,-1.407233e-04,0.517819,5.000000e+18,2.000000e+01,0.000000,0.000000,0
0,-1.398091e-04,0.517819,5.000000e+18,2.000000e+01,0.000000,0.000000,0
0,-1.388949e-04,0.517819,5.000000e+18,2.000000e+01,0.000000,0.000000,0
0,-1.379807e-04,0.517819,5.000000e+18,2.000000e+01,0.000000,0.000000,0
0,-1.370665e-04,0.517819,5.000000e+18,2.000000e+01,0.000000,0.000000,0
0,-1.361523e-04,0.517819,5.000000e+18,2.000000e+01,0.000000,0.000000,0
0,-1.352381e-04,0.517819,5.000000e+18,2.000000e+01,0.000000,0.000000,0
0,-1.343239e-04,0.517819,5.000000e+18,2.000000e+01,0.000000,0.000000,0
0,-1.334097e-04,0.517819,5.000000e+18,2.000000e+01,0.000000,0.000000,0
0,-1.324955e-04,0.517819,5.000000e+18,2.000000e+01,0.000000,0.000000,0
0,-1.315813e-04,0.517819,5.000000e+18,2.000000e+01,0.000000,0.000000,0
0,-1.306670e-04,0.517819,5.000000e+18,2.000000e+01,0.000000,0.000000,0
0,-1.297528e-04,0.517819,5.000000e+18,2.000000e+01,0.000000,0.000000,0
0,-1.288386e-04,0.517819,5.000000e+18,2.000000e+01,0.000000,0.000000,0
0,-1.279244e-04,0.517819,5.000000e+18,2.000000e+01,0.000000,0.000000,0
0,-1.270102e-04,0.517819,5.000000e+18,2.000000e+01,0.000000,0.000000,0
0,-1.260960e-04,0.517819,5.000000e+18,2.000000e+01,0.000000,0.000000,0
0,-1.251818e-04,0.517819,5.000000e+18,2.000000e+01,0.000000,0.000000,0
0,-1.242676e-04,0.517819,5.000000e+18,2.000000e+01,0.000000,0.000000,0
0,-1.233534e-04,0.517819,5.000000e+18,2.000000e+01,0.000000,0.000000,0
0,-1.224392e-04,0.517819,5.000000e+18,2.000000e+01,0.000000,0.000000,0
0,-1.215250e-04,0.517819,5.000000e+18,2.000000e+01,0.000000,0.000000,0
0,-1.206108e-04,0.517819,5.000000e+18,2.000000e+01,0.000000,0.000000,0
0,-1.196966e-04,0.517819,5.000000e+18,2.000000e+01,0.000000,0.000000,0
0,-1.187824e-04,0.517819,5.000000e+18,2.000000e+01,0.000000,0.000000,0
0,-1.178682e-04,0.517819,5.000000e+18,2.000000e+01,0.000000,0.000000,0
0,-1.169540e-04,0.517819,5.000000e+18,2.000000e+01,0.000000,0.000000,0
0,-1.160397e-04,0.517819,5.000000e+18,2.000000e+01,0.000000,0.000000,0
0,-1.151255e-04,0.517819,5.000000e+18,2.000000e+01,0.000000,0.000000,0
0,-1.142113e-04,0.517819,5.000000e+18,2.000000e+01,0.000000,0.000000,0
0,-1.132971e-04,0.517819,5.000000e+18,2.000000e+01,0.000000,0.000000,0
0,-1.123829e-04,0.517819,5.000000e+18,2.000000e+01,0.000000,0.000000,0
0,-1.114687e-04,0.517819,5.000000e+18,2.000000e+01,0.000000,0.000000,0
0,-1.105545e-04,0.517819,5.000000e+18,2.000000e+01,0.000000,0.000000,0
0,-1.096403e-04,0.517819,5.000000e+18,2.000000e+01,0.000000,0.000000,0
0,-1.087261e-04,0.517819,5.000000e+18,2.000000e+01,0.000000,0.000000,0
0,-1.078119e-04,0.517819,5.000000e+18,2.000000e+01,0.000000,0.000000,0
0,-1.068977e-04,0.517819,5.000000e+18,2.000000e+01,0.000000,0.000000,0
0,-1.059835e-04,0.517819,5.000000e+18,2.000000e+01,0.000000,0.000000,0
0,-1.050693e-04,0.517819,5.000000e+18,2.000000e+01,0.000000,0.000000,0
0,-1.041551e-04,0.517819,5.000000e+18,2.000000e+01,0.000000,0.000000,0
0,-1.032409e-04,0.517819,5.000000e+18,2.000000e+01,0.000000,0.000000,0
0,-1.023267e-04,0.517819,5.000000e+18,2.000000e+01,0.000000,0.000000,0
0,-1.014124e-04,0.517819,5.000000e+18,2.000000e+01,0.000000,0.000000,0
0,-1.004982e-04,0.517819,5.000000e+18,2.000000e+01,0.000000,0.000000,0
0,-9.958403e-05,0.517819,5.000000e+18,2.000000e+01,0.000000,0.000000,0
0,-9.866983e-05,0.517819,5.000000e+18,2.000000e+01,0.000000,0.000000,0
0,-9.775562e-05,0.517819,5.000000e+18,2.000000e+01,0.000000,0.000000,0
0,-9.684141e-05,0.517819,5.000000e+18,2.000000e+01,0.000000,0.000000,0
0,-9.592721e-05,0.517819,5.000000e+18,2.000000e+01,0.000000,0.000000,0
0,-9.501300e-05,0.517819,5.000000e+18,2.000000e+01,0.000000,0.000000,0
0,-9.409880e-05,0.517819,5.000000e+18,2.000000e+01,0.000000,0.000000,0
0,-9.318459e-05,0.517819,5.000000e+18,2.000000e+01,0.000000,0.000000,0
0,-9.227038e-05,0.517819,5.000000e+18,2.000000e+01,0.000000,0.000000,0
0,-9.135618e-05,0.517819,5.000000e+18,2.000000e+01,0.000000,0.000000,0
0,-9.044197e-05,0.517819,5.000000e+18,2.000000e+01,0.000000,0.000000,0
0,-8.952776e-05,0.517819,5.000000e+18,2.000000e+01,0.000000,0.000000,0
0,-8.861356e-05,0.517819,5.000000e+18,2.000000e+01,0.000000,0.000000,0
0,-8.769935e-05,0.517819,5.000000e+18,2.000000e+01,0.000000,0.000000,0
0,-8.678515e-05,0.517819,5.000000e+18,2.000000e+01,0.000000,0.000000,0
0,-8.587094e-05,0.517819,5.000000e+18,2.000000e+01,0.000000,0.000000,0
0,-8.495673e-05,0.517819,5.000000e+18,2.000000e+01,0.000000,0.000000,0
0,-8.404253e-05,0.517819,5.000000e+18,2.000000e+01,0.000000,0.000000,0
0,-8.312832e-05,0.517819,5.000000e+18,2.000000e+01,0.000000,0.000000,0
0,-8.221412e-05,0.517819,5.000000e+18,2.000000e+01,0.000000,0.000000,0
0,-8.129991e-05,0.517819,5.000000e+18,2.000000e+01,0.000000,0.000000,0
0,-8.038570e-05,0.517819,5.000000e+18,2.000000e+01,0.000000,0.000000,0
0,-7.947150e-05,0.517819,5.000000e+18,2.000000e+01,0.000000,0.000000,0
0,-7.855729e-05,0.517819,5.000000e+18,2.000000e+01,0.000000,0.000000,0
0,-7.764308e-05,0.517819,5.000000e+18,2.000000e+01,0.000000,0.000000,0
0,-7.672888e-05,0.517819,5.000000e+18,2.000000e+01,0.000000,0.000000,0
0,-7.581467e-05,0.517819,5.000000e+18,2.000000e+01,0.000000,0.000000,0
0,-7.490047e-05,0.517819,5.000000e+18,2.000000e+01,0.000000,0.000000,0
0,-7.398626e-05,0.517819,5.000000e+18,2.000000e+01,0.000000,0.000000,0
0,-7.307205e-05,0.517819,5.000000e+18,2.000000e+01,0.000000,0.000000,0
0,-7.215785e-05,0.517819,5.000000e+18,2.000000e+01,0.000000,0.000000,0
0,-7.124364e-05,0.517819,5.000000e+18,2.000000e+01,0.000000,0.000000,0
0,-7.032943e-05,0.517819,5.000000e+18,2.000000e+01,0.000000,0.000000,0
0,-6.941523e-05,0.517819,5.000000e+18,2.000000e+01,0.000000,0.000000,0
0,-6.850102e-05,0.517819,5.000000e+18,2.000000e+01,0.000000,0.000000,0
0,-6.758682e-05,0.517819,5.000000e+18,2.000000e+01,0.000000,0.000000,0
0,-6.667261e-05,0.517819,5.000000e+18,2.000000e+01,0.000000,0.000000,0
0,-6.575840e-05,0.517819,5.000000e+18,2.000000e+01,0.000000,0.000000,0
0,-6.484420e-05,0.517819,5.000000e+18,2.000000e+01,0.000000,0.000000,0
0,-6.392999e-05,0.517819,5.000000e+18,2.000000e+01,0.000000,0.000000,0
0,-6.301578e-05,0.517819,5.000000e+18,2.000000e+01,0.000000,0.000000,0
0,-6.210158e-05,0.517819,5.000000e+18,2.000000e+01,0.000000,0.000000,0
0,-6.118737e-05,0.517819,5.000000e+18,2.000000e+01,0.000000,0.000000,0
0,-6.027317e-05,0.517819,5.000000e+18,2.000000e+01,0.000000,0.000000,0
0,-5.935896e-05,0.517819,5.000000e+18,2.000000e+01,0.000000,0.000000,0
0,-5.844475e-05,0.517819,5.000000e+18,2.000000e+01,0.000000,0.000000,0
0,-5.753055e-05,0.517819,5.000000e+18,2.000000e+01,0.000000,0.000000,0
0,-5.661634e-05,0.517819,5.000000e+18,2.000000e+01,0.000000,0.000000,0
0,-5.570213e-05,0.517819,5.000000e+18,2.000000e+01,0.000000,0.000000,0
0,-5.478793e-05,0.517819,5.000000e+18,2.000000e+01,0.000000,0.000000,0
0,-5.387372e-05,0.517819,5.000000e+18,2.000000e+01,0.000000,0.000000,0
0,-5.295952e-05,0.517819,5.000000e+18,2.000000e+01,0.000000,0.000000,0
0,-5.204531e-05,0.517819,5.000000e+18,2.000000e+01,0.000000,0.000000,0
0,-5.113110e-05,0.517819,5.000000e+18,2.000000e+01,0.000000,0.000000,0
0,-5.021690e-05,0.517819,5.000000e+18,2.000000e+01,0.000000,0.000000,0
0,-4.930269e-05,0.517819,5.000000e+18,2.000000e+01,0.000000,0.000000,0
0,-4.838848e-05,0.517819,5.000000e+18,2.000000e+01,0.000000,0.000000,0
0,-4.747428e-05,0.517819,5.000000e+18,2.000000e+01,0.000000,0.000000,0
0,-4.656007e-05,0.517819,5.000000e+18,2.000000e+01,0.000000,0.000000,0
0,-4.564587e-05,0.517819,5.000000e+18,2.000000e+01,0.000000,0.000000,0
0,-4.473166e-05,0.517819,5.000000e+18,2.000000e+01,0.000000,0.000000,0
0,-4.381745e-05,0.517819,5.000000e+18,2.000000e+01,0.000000,0.000000,0
0,-4.290325e-05,0.517819,5.000000e+18,2.000000e+01,0.000000,0.000000,0
0,-4.198904e-05,0.517819,5.000000e+18,2.000000e+01,0.000000,0.000000,0
0,-4.107484e-05,0.517819,5.000000e+18,2.000000e+01,0.000000,0.000000,0
0,-4.016063e-05,0.517819,5.000000e+18,2.000000e+01,0.000000,0.000000,0
0,-3.924642e-05,0.517819,5.000000e+18,2.000000e+01,0.000000,0.000000,0
0,-3.833222e-05,0.517819,5.000000e+18,2.000000e+01,0.000000,0.000000,0
0,-3.741801e-05,0.517819,5.000000e+18,2.000000e+01,0.000000,0.000000,0
0,-3.650380e-05,0.517819,5.000000e+18,2.000000e+01,0.000000,0.000000,0
0,-3.558960e-05,0.517819,5.000000e+18,2.000000e+01,0.000000,0.000000,0
0,-3.467539e-05,0.517819,5.000000e+18,2.000000e+01,0.000000,0.000000,0
0,-3.376119e-05,0.517819,5.000000e+18,2.000000e+01,0.000000,0.000000,0
0,-3.284698e-05,0.517819,5.000000e+18,2.000000e+01,0.000000,0.000000,0
0,-3.193277e-05,0.517819,5.000000e+18,2.000000e+01,0.000000,0.000000,0
0,-3.101857e-05,0.517819,5.000000e+18,2.000000e+01,0.000000,0.000000,0
0,-3.010436e-05,0.517819,5.000000e+18,2.000000e+01,0.000000,0.000000,0
0,-2.919015e-05,0.517819,5.000000e+18,2.000000e+01,0.000000,0.000000,0
0,-2.827595e-05,0.517819,5.000000e+18,2.000000e+01,0.000000,0.000000,0
0,-2.736174e-05,0.517819,5.000000e+18,2.000000e+01,0.000000,0.000000,0
0,-2.644754e-05,0.517819,5.000000e+18,2.000000e+01,0.000000,0.000000,0
0,-2.553333e-05,0.517819,5.000000e+18,2.000000e+01,0.000000,0.000000,0
0,-2.461912e-05,0.517819,5.000000e+18,2.000000e+01,0.000000,0.000000,0
0,-2.370492e-05,0.517819,5.000000e+18,2.000000e+01,0.000000,0.000000,0
0,-2.279071e-05,0.517819,5.000000e+18,2.000000e+01,0.000000,0.000000,0
0,-2.187650e-05,0.517819,5.000000e+18,2.000000e+01,0.000000,0.000000,0
0,-2.096230e-05,0.517819,5.000000e+18,2.000000e+01,0.000000,0.000000,0
0,-2.004809e-05,0.517819,5.000000e+18,2.000000e+01,0.000000,0.000000,0
0,-1.913389e-05,0.517819,5.000000e+18,2.000000e+01,0.000000,0.000000,0
0,-1.821968e-05,0.517819,5.000000e+18,2.000000e+01,0.000000,0.000000,0
0,-1.730547e-05,0.517819,5.000000e+18,2.000000e+01,0.000000,0.000000,0
0,-1.639127e-05,0.517819,5.000000e+18,2.000000e+01,0.000000,0.000000,0
0,-1.547706e-05,0.517819,5.000000e+18,2.000000e+01,0.000000,0.000000,0
0,-1.456285e-05,0.517819,5.000000e+18,2.000000e+01,0.000000,0.000000,0
0,-1.364865e-05,0.517819,5.000000e+18,2.000000e+01,0.000000,0.000000,0
0,-1.273444e-05,0.517819,5.000000e+18,2.000000e+01,0.000000,0.000000,0
0,-1.182024e-05,0.517819,5.000000e+18,2.000000e+01,0.000000,0.000000,0
0,-1.095190e-05,0.517819,5.000000e+18,2.000000e+01,0.000000,0.000000,0
0,-1.014789e-05,0.517819,5.000000e+18,2.000000e+01,0.000000,0.000000,0
0,-9.403430e-06,0.517819,5.000000e+18,2.000000e+01,0.000000,0.000000,0
0,-8.714118e-06,0.517819,5.000000e+18,2.000000e+01,0.000000,0.000000,0
0,-8.075866e-06,0.517819,5.000000e+18,2.000000e+01,0.000000,0.000000,0
0,-7.484892e-06,0.517819,5.000000e+18,2.000000e+01,0.000000,0.000000,0
0,-6.937693e-06,0.517819,5.000000e+18,2.000000e+01,0.000000,0.000000,0
0,-6.431028e-06,0.517819,5.000000e+18,2.000000e+01,0.000000,0.000000,0
0,-5.961894e-06,0.517819,5.000000e+18,2.000000e+01,0.000000,0.000000,0
0,-5.527510e-06,0.517819,5.000000e+18,2.000000e+01,0.000000,0.000000,0
0,-5.125303e-06,0.517819,5.000000e+18,2.000000e+01,0.000000,0.000000,0
0,-4.752889e-06,0.517819,5.000000e+18,2.000000e+01,0.000000,0.000000,0
0,-4.408061e-06,0.517819,5.000000e+18,2.000000e+01,0.000000,0.000000,0
0,-4.088776e-06,0.517819,5.000000e+18,2.000000e+01,0.000000,0.000000,0
0,-3.793142e-06,0.517819,5.000000e+18,2.000000e+01,0.000000,0.000000,0
0,-3.519407e-06,0.517819,5.000000e+18,2.000000e+01,0.000000,0.000000,0
0,-3.265948e-06,0.517819,5.000000e+18,2.000000e+01,0.000000,0.000000,0
0,-3.031264e-06,0.517819,4.999999e+18,2.000000e+01,0.000000,0.000000,0
0,-2.813964e-06,0.517819,4.999998e+18,2.000001e+01,0.000000,0.000000,0
0,-2.612760e-06,0.517819,4.999995e+18,2.000002e+01,0.000000,0.000000,0
0,-2.426461e-06,0.517819,4.999986e+18,2.000006e+01,0.000000,0.000000,0
0,-2.253961e-06,0.517818,4.999965e+18,2.000014e+01,0.000000,0.000000,0
0,-2.094239e-06,0.517818,4.999919e+18,2.000032e+01,0.000000,0.000000,0
0,-1.946348e-06,0.517818,4.999821e+18,2.000072e+01,0.000000,0.000000,0
0,-1.809413e-06,0.517817,4.999625e+18,2.000150e+01,0.000000,0.000000,0
0,-1.682620e-06,0.517815,4.999256e+18,2.000298e+01,0.000000,0.000000,0
0,-1.565220e-06,0.517811,4.998596e+18,2.000562e+01,0.000000,0.000000,0
0,-1.456516e-06,0.517806,4.997468e+18,2.001013e+01,0.000000,0.000000,0
0,-1.355864e-06,0.517796,4.995627e+18,2.001751e+01,0.000000,0.000000,0
0,-1.262667e-06,0.517781,4.992743e+18,2.002907e+01,0.000000,0.000000,0
0,-1.176375e-06,0.517759,4.988396e+18,2.004652e+01,0.000000,0.000000,0
0,-1.096474e-06,0.517726,4.982078e+18,2.007195e+01,0.000000,0.000000,0
0,-1.022492e-06,0.517680,4.973199e+18,2.010778e+01,0.000000,0.000000,0
0,-9.539897e-07,0.517617,4.961108e+18,2.015679e+01,0.000000,0.000000,0
0,-8.905619e-07,0.517533,4.945123e+18,2.022194e+01,0.000000,0.000000,0
0,-8.318324e-07,0.517426,4.924565e+18,2.030636e+01,0.000000,0.000000,0
0,-7.774533e-07,0.517290,4.898802e+18,2.041315e+01,0.000000,0.000000,0
0,-7.271023e-07,0.517123,4.867292e+18,2.054530e+01,0.000000,0.000000,0
0,-6.804810e-07,0.516922,4.829622e+18,2.070555e+01,0.000000,0.000000,0
0,-6.373131e-07,0.516685,4.785540e+18,2.089628e+01,0.000000,0.000000,0
0,-5.973428e-07,0.516411,4.734977e+18,2.111943e+01,0.000000,0.000000,0
0,-5.603333e-07,0.516098,4.678059e+18,2.137639e+01,0.000000,0.000000,0
0,-5.260653e-07,0.515748,4.615098e+18,2.166801e+01,0.000000,0.000000,0
0,-4.943356e-07,0.515361,4.546582e+18,2.199454e+01,0.000000,0.000000,0
0,-4.649562e-07,0.514940,4.473144e+18,2.235564e+01,0.000000,0.000000,0
0,-4.377531e-07,0.514488,4.395528e+18,2.275040e+01,0.000000,0.000000,0
0,-4.125651e-07,0.514007,4.314556e+18,2.317736e+01,0.000000,0.000000,0
0,-3.892428e-07,0.513502,4.231086e+18,2.363460e+01,0.000000,0.000000,0
0,-3.676481e-07,0.512977,4.145979e+18,2.411975e+01,0.000000,0.000000,0
0,-3.476530e-07,0.512435,4.060070e+18,2.463012e+01,0.000000,0.000000,0
0,-3.291391e-07,0.511882,3.974138e+18,2.516269e+01,0.000000,0.000000,0
0,-3.119965e-07,0.511322,3.888893e+18,2.571426e+01,0.000000,0.000000,0
0,-2.961238e-07,0.510758,3.804961e+18,2.628148e+01,0.000000,0.000000,0
0,-2.814268e-07,0.510194,3.722878e+18,2.686094e+01,0.000000,0.000000,0
0,-2.678185e-07,0.509634,3.643091e+18,2.744922e+01,0.000000,0.000000,0
0,-2.552182e-07,0.509080,3.565956e+18,2.804297e+01,0.000000,0.000000,0
0,-2.435512e-07,0.508537,3.491748e+18,2.863895e+01,0.000000,0.000000,0
0,-2.327485e-07,0.508005,3.420667e+18,2.923406e+01,0.000000,0.000000,0
0,-2.227460e-07,0.507487,3.352844e+18,2.982542e+01,0.000000,0.000000,0
0,-2.134844e-07,0.506985,3.288353e+18,3.041036e+01,0.000000,0.000000,0
0,-2.049088e-07,0.506500,3.227217e+18,3.098645e+01,0.000000,0.000000,0
0,-1.969685e-07,0.506033,3.169419e+18,3.155153e+01,0.000000,0.000000,0
0,-1.896164e-07,0.505584,3.114907e+18,3.210369e+01,0.000000,0.000000,0
0,-1.828088e-07,0.505155,3.063604e+18,3.264130e+01,0.000000,0.000000,0
0,-1.765055e-07,0.504745,3.015411e+18,3.316298e+01,0.000000,0.000000,0
0,-1.706692e-07,0.504355,2.970214e+18,3.366761e+01,0.000000,0.000000,0
0,-1.652651e-07,0.503984,2.927890e+18,3.415429e+01,0.000000,0.000000,0
0,-1.602614e-07,0.503632,2.888306e+18,3.462237e+01,0.000000,0.000000,0
0,-1.556283e-07,0.503299,2.851327e+18,3.507139e+01,0.000000,0.000000,0
0,-1.513384e-07,0.502984,2.816817e+18,3.550107e+01,0.000000,0.000000,0
0,-1.473662e-07,0.502687,2.784639e+18,3.591130e+01,0.000000,0.000000,0
0,-1.436883e-07,0.502407,2.754658e+18,3.630215e+01,0.000000,0.000000,0
0,-1.402828e-07,0.502144,2.726744e+18,3.667377e+01,0.000000,0.000000,0
0,-1.371296e-07,0.501896,2.700771e+18,3.702647e+01,0.000000,0.000000,0
0,-1.342100e-07,0.501664,2.676615e+18,3.736062e+01,0.000000,0.000000,0
0,-1.315066e-07,0.501446,2.654162e+18,3.767668e+01,0.000000,0.000000,0
0,-1.290035e-07,0.501242,2.633298e+18,3.797519e+01,0.000000,0.000000,0
0,-1.266858e-07,0.501051,2.613920e+18,3.825672e+01,0.000000,0.000000,0
0,-1.245398e-07,0.500873,2.595926e+18,3.852189e+01,0.000000,0.000000,0
0,-1.225527e-07,0.500706,2.579224e+18,3.877135e+01,0.000000,0.000000,0
0,-1.207128e-07,0.500550,2.563724e+18,3.900576e+01,0.000000,0.000000,0
0,-1.190093e-07,0.500405,2.549343e+18,3.922579e+01,0.000000,0.000000,0
0,-1.174319e-07,0.500269,2.536003e+18,3.943213e+01,0.000000,0.000000,0
0,-1.159713e-07,0.500143,2.523631e+18,3.962545e+01,0.000000,0.000000,0
0,-1.146190e-07,0.500025,2.512158e+18,3.980641e+01,0.000000,0.000000,0
0,-1.133668e-07,0.499915,2.501521e+18,3.997567e+01,0.000000,0.000000,0
0,-1.122074e-07,0.499813,2.491660e+18,4.013388e+01,0.000000,0.000000,0
0,-1.111338e-07,0.499718,2.482520e+18,4.028165e+01,0.000000,0.000000,0
0,-1.101398e-07,0.499630,2.474048e+18,4.041959e+01,0.000000,0.000000,0
0,-1.092194e-07,0.499547,2.466197e+18,4.054827e+01,0.000000,0.000000,0
0,-1.083672e-07,0.499471,2.458921e+18,4.066825e+01,0.000000,0.000000,0
0,-1.075781e-07,0.499400,2.452179e+18,4.078006e+01,-0.000000,-0.000000,0
0,-1.068474e-07,0.499334,2.445932e+18,4.088420e+01,0.000000,0.000000,0
0,-1.061709e-07,0.499273,2.440145e+18,4.098117e+01,0.000000,0.000000,0
0,-1.055445e-07,0.499216,2.434783e+18,4.107142e+01,0.000000,0.000000,0
0,-1.049645e-07,0.499163,2.429816e+18,4.115538e+01,0.000000,0.000000,0
0,-1.044275e-07,0.499114,2.425215e+18,4.123346e+01,-0.000000,-0.000000,0
0,-1.039302e-07,0.499069,2.420952e+18,4.130606e+01,0.000000,0.000000,0
0,-1.034698e-07,0.499027,2.417004e+18,4.137353e+01,0.000000,0.000000,0
0,-1.030435e-07,0.498987,2.413347e+18,4.143622e+01,0.000000,0.000000,0
0,-1.026487e-07,0.498951,2.409960e+18,4.149446e+01,-0.000000,-0.000000,0
0,-1.022832e-07,0.498917,2.406823e+18,4.154855e+01,-0.000000,-0.000000,0
0,-1.019448e-07,0.498886,2.403917e+18,4.159877e+01,-0.000000,-0.000000,0
0,-1.016315e-07,0.498857,2.401226e+18,4.164539e+01,-0.000000,-0.000000,0
0,-1.013413e-07,0.498830,2.398734e+18,4.168866e+01,0.000000,0.000000,0
0,-1.010727e-07,0.498806,2.396426e+18,4.172882e+01,0.000000,0.000000,0
0,-1.008239e-07,0.498782,2.394288e+18,4.176607e+01,0.000000,0.000000,0
0,-1.005936e-07,0.498761,2.392308e+18,4.180063e+01,0.000000,0.000000,0
0,-1.003803e-07,0.498741,2.390475e+18,4.183269e+01,-0.000000,-0.000000,0
0,-1.001828e-07,0.498723,2.388777e+18,4.186242e+01,0.000000,0.000000,0
0,-9.285714e-08,0.496645,0.000000e+00,0.000000e+00,nan,nan,1
0,-8.571429e-08,0.494620,0.000000e+00,0.000000e+00,nan,nan,1
0,-7.857143e-08,0.492594,0.000000e+00,0.000000e+00,nan,nan,1
0,-7.142857e-08,0.490568,0.000000e+00,0.000000e+00,nan,nan,1
0,-6.428571e-08,0.488542,0.000000e+00,0.000000e+00,nan,nan,1
0,-5.714286e-08,0.486517,0.000000e+00,0.000000e+00,nan,nan,1
0,-5.000000e-08,0.484491,0.000000e+00,0.000000e+00,nan,nan,1
0,-4.285714e-08,0.482465,0.000000e+00,0.000000e+00,nan,nan,1
0,-3.571429e-08,0.480440,0.000000e+00,0.000000e+00,nan,nan,1
0,-2.857143e-08,0.478414,0.000000e+00,0.000000e+00,nan,nan,1
0,-2.142857e-08,0.476388,0.000000e+00,0.000000e+00,nan,nan,1
0,-1.428571e-08,0.474362,0.000000e+00,0.000000e+00,nan,nan,1
0,-7.142857e-09,0.472337,0.000000e+00,0.000000e+00,nan,nan,1
0,-0.000000e+00,0.470311,7.959325e+17,1.256388e+02,0.000000,0.000000,0
0,4.088455e-09,0.469927,7.842083e+17,1.275171e+02,0.000000,0.000000,0
0,8.503985e-09,0.469515,7.718090e+17,1.295657e+02,0.000000,0.000000,0
0,1.327276e-08,0.469073,7.587155e+17,1.318017e+02,0.000000,0.000000,0
0,1.842303e-08,0.468598,7.449115e+17,1.342441e+02,0.000000,0.000000,0
0,2.398533e-08,0.468089,7.303833e+17,1.369144e+02,0.000000,0.000000,0
0,2.999261e-08,0.467543,7.151210e+17,1.398365e+02,0.000000,0.000000,0
0,3.648048e-08,0.466958,6.991187e+17,1.430372e+02,-0.000000,-0.000000,0
0,4.348737e-08,0.466331,6.823750e+17,1.465470e+02,-0.000000,-0.000000,0
0,5.105481e-08,0.465661,6.648938e+17,1.504000e+02,-0.000000,-0.000000,0
0,5.922765e-08,0.464943,6.466847e+17,1.546349e+02,0.000000,0.000000,0
0,6.805432e-08,0.464175,6.277635e+17,1.592956e+02,0.000000,0.000000,0
0,7.758712e-08,0.463354,6.081531e+17,1.644323e+02,0.000000,0.000000,0
0,8.788254e-08,0.462478,5.878831e+17,1.701018e+02,0.000000,0.000000,0
0,9.900160e-08,0.461543,5.669911e+17,1.763696e+02,0.000000,0.000000,0
0,1.110102e-07,0.460545,5.455223e+17,1.833106e+02,0.000000,0.000000,0
0,1.239795e-07,0.459481,5.235298e+17,1.910111e+02,-0.000000,-0.000000,0
0,1.379863e-07,0.458348,5.010748e+17,1.995710e+02,0.000000,0.000000,0
0,1.531136e-07,0.457141,4.782260e+17,2.091061e+02,0.000000,0.000000,0
0,1.694512e-07,0.455857,4.550597e+17,2.197514e+02,-0.000000,-0.000000,0
0,1.870957e-07,0.454493,4.316587e+17,2.316645e+02,0.000000,0.000000,0
0,2.061518e-07,0.453043,4.081124e+17,2.450306e+02,0.000000,0.000000,0
0,2.267324e-07,0.451503,3.845149e+17,2.600679e+02,-0.000000,-0.000000,0
0,2.489595e-07,0.449869,3.609649e+17,2.770353e+02,0.000000,0.000000,0
0,2.729647e-07,0.448136,3.375637e+17,2.962404e+02,0.000000,0.000000,0
0,2.988903e-07,0.446300,3.144142e+17,3.180518e+02,0.000000,0.000000,0
0,3.268900e-07,0.444354,2.916196e+17,3.429125e+02,0.000000,0.000000,0
0,3.571296e-07,0.442294,2.692815e+17,3.713587e+02,-0.000000,-0.000000,0
0,3.897885e-07,0.440113,2.474985e+17,4.040428e+02,0.000000,0.000000,0
0,4.250600e-07,0.437806,2.263652e+17,4.417640e+02,0.000000,0.000000,0
0,4.631533e-07,0.435365,2.059699e+17,4.855079e+02,0.000000,0.000000,0
0,5.042940e-07,0.432783,1.863940e+17,5.364980e+02,0.000000,0.000000,0
0,5.487259e-07,0.430052,1.677106e+17,5.962654e+02,-0.000000,-0.000000,0
0,5.967125e-07,0.427164,1.499833e+17,6.667408e+02,0.000000,0.000000,0
0,6.485379e-07,0.424109,1.332660e+17,7.503791e+02,0.000000,0.000000,0
0,7.045094e-07,0.420876,1.176014e+17,8.503299e+02,0.000000,0.000000,0
0,7.649586e-07,0.417455,1.030215e+17,9.706711e+02,0.000000,0.000000,0
0,8.302438e-07,0.413831,8.954672e+16,1.116735e+03,0.000000,0.000000,0
0,9.007517e-07,0.409991,7.718615e+16,1.295569e+03,0.000000,0.000000,0
0,9.769003e-07,0.405919,6.593760e+16,1.516585e+03,0.000000,0.000000,0
0,1.059141e-06,0.401597,5.578782e+16,1.792506e+03,0.000000,0.000000,0
0,1.147961e-06,0.397008,4.671287e+16,2.140737e+03,0.000000,0.000000,0
0,1.243886e-06,0.392129,3.867864e+16,2.585406e+03,0.000000,0.000000,0
0,1.347485e-06,0.386937,3.164141e+16,3.160415e+03,0.000000,0.000000,0
0,1.459372e-06,0.381408,2.554862e+16,3.914106e+03,0.000000,0.000000,0
0,1.580211e-06,0.375513,2.033980e+16,4.916469e+03,0.000000,0.000000,0
0,1.710716e-06,0.369224,1.594766e+16,6.270511e+03,0.000000,0.000000,0
0,1.851662e-06,0.362509,1.229943e+16,8.130455e+03,0.000000,0.000000,0
0,2.003883e-06,0.355334,9.318394e+15,1.073146e+04,0.000000,0.000000,0
0,2.168282e-06,0.347662,6.925638e+15,1.443910e+04,0.000000,0.000000,0
0,2.345833e-06,0.339456,5.042001e+15,1.983340e+04,0.000000,0.000000,0
0,2.537588e-06,0.330675,3.590057e+15,2.785471e+04,0.000000,0.000000,0
0,2.744684e-06,0.321279,2.496076e+15,4.006288e+04,0.000000,0.000000,0
0,2.968347e-06,0.311225,1.691808e+15,5.910838e+04,0.000000,0.000000,0
0,3.209903e-06,0.300468,1.115934e+15,8.961107e+04,0.000000,0.000000,0
0,3.470784e-06,0.288963,7.150913e+14,1.398423e+05,0.000000,0.000000,0
0,3.752535e-06,0.276664,4.443761e+14,2.250346e+05,0.000000,0.000000,0
0,4.056826e-06,0.263525,2.673194e+14,3.740843e+05,0.000000,0.000000,0
0,4.385461e-06,0.249501,1.553915e+14,6.435360e+05,0.000000,0.000000,0
0,4.740386e-06,0.234545,8.713170e+13,1.147688e+06,0.000000,0.000000,0
0,5.123706e-06,0.218613,4.704715e+13,2.125527e+06,0.000000,0.000000,0
0,5.537690e-06,0.201663,2.442233e+13,4.094613e+06,0.000000,0.000000,0
0,5.984794e-06,0.183655,1.216956e+13,8.217224e+06,0.000000,0.000000,0
0,6.467666e-06,0.164555,5.813027e+12,1.720274e+07,0.000000,0.000000,0
0,6.989168e-06,0.144332,2.658694e+12,3.761245e+07,0.000000,0.000000,0
0,7.552390e-06,0.122963,1.163307e+12,8.596182e+07,0.000000,0.000000,0
0,8.160669e-06,0.100437,4.866994e+11,2.054656e+08,0.000000,0.000000,0
0,8.817611e-06,0.076750,1.946932e+11,5.136287e+08,0.000000,0.000000,0
0,9.527109e-06,0.051919,7.450792e+10,1.342139e+09,0.000000,0.000000,0
0,1.029337e-05,0.025976,2.731319e+10,3.661234e+09,0.000000,0.000000,0
0,1.112092e-05,-0.001023,9.611933e+09,1.040373e+10,0.000000,0.000000,0
0,1.201469e-05,-0.028992,3.257990e+09,3.069377e+10,0.000000,0.000000,0
0,1.297995e-05,-0.057811,1.068590e+09,9.358125e+10,0.000000,0.000000,0
0,1.402243e-05,-0.087317,3.412963e+08,2.930005e+11,0.000000,0.000000,0
0,1.514832e-05,-0.117296,1.070315e+08,9.343046e+11,0.000000,0.000000,0
0,1.636427e-05,-0.147471,3.331122e+07,3.001991e+12,0.000000,0.000000,0
0,1.767750e-05,-0.177493,1.042919e+07,9.588471e+12,0.000000,0.000000,0
0,1.909579e-05,-0.206923,3.340740e+06,2.993349e+13,0.000000,0.000000,0
0,2.062754e-05,-0.235224,1.117914e+06,8.945234e+13,0.000000,0.000000,0
0,2.228183e-05,-0.261750,4.006790e+05,2.495764e+14,0.000000,0.000000,0
0,2.406847e-05,-0.285762,1.582727e+05,6.318209e+14,0.000000,0.000000,0
0,2.599803e-05,-0.306501,7.095961e+04,1.409252e+15,0.000000,0.000000,0
0,2.808196e-05,-0.323342,3.699014e+04,2.703423e+15,0.000000,0.000000,0
0,3.033261e-05,-0.336027,2.264636e+04,4.415720e+15,0.000000,0.000000,0
0,3.276331e-05,-0.344812,1.612173e+04,6.202810e+15,0.000000,0.000000,0
0,3.538846e-05,-0.350403,1.298639e+04,7.700370e+15,0.000000,0.000000,0
0,3.822363e-05,-0.353688,1.143666e+04,8.743814e+15,0.000000,0.000000,0
0,4.128560e-05,-0.355482,1.066993e+04,9.372134e+15,0.000000,0.000000,0
0,4.459254e-05,-0.356397,1.029892e+04,9.709754e+15,0.000000,0.000000,0
0,4.816403e-05,-0.356834,1.012640e+04,9.875174e+15,0.000000,0.000000,0
0,5.202124e-05,-0.357029,1.005028e+04,9.949967e+15,0.000000,0.000000,0
0,5.618703e-05,-0.357110,1.001870e+04,9.981330e+15,0.000000,0.000000,0
0,6.068608e-05,-0.357142,1.000647e+04,9.993532e+15,0.000000,0.000000,0
0,6.554506e-05,-0.357153,1.000207e+04,9.997927e+15,0.000000,0.000000,0
0,7.079275e-05,-0.357157,1.000061e+04,9.999388e+15,0.000000,0.000000,0
0,7.646026e-05,-0.357158,1.000017e+04,9.999834e+15,0.000000,0.000000,0
0,8.258117e-05,-0.357158,1.000004e+04,9.999959e+15,0.000000,0.000000,0
0,8.919175e-05,-0.357159,1.000001e+04,9.999991e+15,0.000000,0.000000,0
0,9.633118e-05,-0.357159,1.000000e+04,9.999998e+15,0.000000,0.000000,0
0,1.040418e-04,-0.357159,1.000000e+04,1.000000e+16,0.000000,0.000000,0
0,1.123692e-04,-0.357159,1.000000e+04,1.000000e+16,0.000000,0.000000,0
0,1.213628e-04,-0.357159,1.000000e+04,1.000000e+16,0.000000,0.000000,0
0,1.310759e-04,-0.357159,1.000000e+04,1.000000e+16,0.000000,0.000000,0
0,1.415661e-04,-0.357159,1.000000e+04,1.000000e+16,0.000000,0.000000,0
0,1.528955e-04,-0.357159,1.000000e+04,1.000000e+16,0.000000,0.000000,0
0,1.651312e-04,-0.357159,1.000000e+04,1.000000e+16,0.000000,0.000000,0
0,1.783458e-04,-0.357159,1.000000e+04,1.000000e+16,0.000000,0.000000,0
0,1.926175e-04,-0.357159,1.000000e+04,1.000000e+16,0.000000,0.000000,0
0,2.000000e-04,-0.357159,1.000000e+04,1.000000e+16,0.000000,0.000000,0
0.3,-2.001000e-04,0.817819,5.000000e+18,2.000000e+01,0.300000,0.300000,0
0.3,-1.992325e-04,0.817819,5.000000e+18,2.000000e+01,0.300000,0.300000,0
0.3,-1.983183e-04,0.817819,5.000000e+18,2.000000e+01,0.300000,0.300000,0
0.3,-1.974041e-04,0.817819,5.000000e+18,2.000000e+01,0.300000,0.300000,0
0.3,-1.964899e-04,0.817819,5.000000e+18,2.000000e+01,0.300000,0.300000,0
0.3,-1.955757e-04,0.817819,5.000000e+18,2.000000e+01,0.300000,0.300000,0
0.3,-1.946615e-04,0.817819,5.000000e+18,2.000000e+01,0.300000,0.300000,0
0.3,-1.937473e-04,0.817819,5.000000e+18,2.000000e+01,0.300000,0.300000,0
0.3,-1.928331e-04,0.817819,5.000000e+18,2.000000e+01,0.300000,0.300000,0
0.3,-1.919189e-04,0.817819,5.000000e+18,2.000000e+01,0.300000,0.300000,0
0.3,-1.910047e-04,0.817819,5.000000e+18,2.000000e+01,0.300000,0.300000,0
0.3,-1.900904e-04,0.817819,5.000000e+18,2.000000e+01,0.300000,0.300000,0
0.3,-1.891762e-04,0.817819,5.000000e+18,2.000000e+01,0.300000,0.300000,0
0.3,-1.882620e-04,0.817819,5.000000e+18,2.000000e+01,0.300000,0.300000,0
0.3,-1.873478e-04,0.817819,5.000000e+18,2.000000e+01,0.300000,0.300000,0
0.3,-1.864336e-04,0.817819,5.000000e+18,2.000000e+01,0.300000,0.300000,0
0.3,-1.855194e-04,0.817819,5.000000e+18,2.000000e+01,0.300000,0.300000,0
0.3,-1.846052e-04,0.817819,5.000000e+18,2.000000e+01,0.300000,0.300000,0
0.3,-1.836910e-04,0.817819,5.000000e+18,2.000000e+01,0.300000,0.300000,0
0.3,-1.827768e-04,0.817819,5.000000e+18,2.000000e+01,0.300000,0.300000,0
0.3,-1.818626e-04,0.817819,5.000000e+18,2.000000e+01,0.300000,0.300000,0
0.3,-1.809484e-04,0.817819,5.000000e+18,2.000000e+01,0.300000,0.300000,0
0.3,-1.800342e-04,0.817819,5.000000e+18,2.000000e+01,0.300000,0.300000,0
0.3,-1.791200e-04,0.817819,5.000000e+18,2.000000e+01,0.300000,0.300000,0
0.3,-1.782058e-04,0.817819,5.000000e+18,2.000000e+01,0.300000,0.300000,0
0.3,-1.772916e-04,0.817819,5.000000e+18,2.000000e+01,0.300000,0.300000,0
0.3,-1.763774e-04,0.817819,5.000000e+18,2.000000e+01,0.300000,0.300000,0
0.3,-1.754631e-04,0.817819,5.000000e+18,2.000000e+01,0.300000,0.300000,0
0.3,-1.745489e-04,0.817819,5.000000e+18,2.000000e+01,0.300000,0.300000,0
0.3,-1.736347e-04,0.817819,5.000000e+18,2.000000e+01,0.300000,0.300000,0
0.3,-1.727205e-04,0.817819,5.000000e+18,2.000000e+01,0.300000,0.300000,0
0.3,-1.718063e-04,0.817819,5.000000e+18,2.000000e+01,0.300000,0.300000,0
0.3,-1.708921e-04,0.817819,5.000000e+18,2.000000e+01,0.300000,0.300000,0
0.3,-1.699779e-04,0.817819,5.000000e+18,2.000000e+01,0.300000,0.300000,0
0.3,-1.690637e-04,0.817819,5.000000e+18,2.000000e+01,0.300000,0.300000,0
0.3,-1.681495e-04,0.817819,5.000000e+18,2.000000e+01,0.300000,0.300000,0
0.3,-1.672353e-04,0.817819,5.000000e+18,2.000000e+01,0.300000,0.300000,0
0.3,-1.663211e-04,0.817819,5.000000e+18,2.000000e+01,0.300000,0.300000,0
0.3,-1.654069e-04,0.817819,5.000000e+18,2.000000e+01,0.300000,0.300000,0
0.3,-1.644927e-04,0.817819,5.000000e+18,2.000000e+01,0.300000,0.300000,0
0.3,-1.635785e-04,0.817819,5.000000e+18,2.000000e+01,0.300000,0.300000,0
0.3,-1.626643e-04,0.817819,5.000000e+18,2.000000e+01,0.300000,0.300000,0
0.3,-1.617501e-04,0.817819,5.000000e+18,2.000000e+01,0.300000,0.300000,0
0.3,-1.608359e-04,0.817819,5.000000e+18,2.000000e+01,0.300000,0.300000,0
0.3,-1.599216e-04,0.817819,5.000000e+18,2.000000e+01,0.300000,0.300000,0
0.3,-1.590074e-04,0.817819,5.000000e+18,2.000000e+01,0.300000,0.300000,0
0.3,-1.580932e-04,0.817819,5.000000e+18,2.000000e+01,0.300000,0.300000,0
0.3,-1.571790e-04,0.817819,5.000000e+18,2.000000e+01,0.300000,0.300000,0
0.3,-1.562648e-04,0.817819,5.000000e+18,2.000000e+01,0.300000,0.300000,0
0.3,-1.553506e-04,0.817819,5.000000e+18,2.000000e+01,0.300000,0.300000,0
0.3,-1.544364e-04,0.817819,5.000000e+18,2.000000e+01,0.300000,0.300000,0
0.3,-1.535222e-04,0.817819,5.000000e+18,2.000000e+01,0.300000,0.300000,0
0.3,-1.526080e-04,0.817819,5.000000e+18,2.000000e+01,0.300000,0.300000,0
0.3,-1.516938e-04,0.817819,5.000000e+18,2.000000e+01,0.300000,0.300000,0
0.3,-1.507796e-04,0.817819,5.000000e+18,2.000000e+01,0.300000,0.300000,0
0.3,-1.498654e-04,0.817819,5.000000e+18,2.000000e+01,0.300000,0.300000,0
0.3,-1.489512e-04,0.817819,5.000000e+18,2.000000e+01,0.300000,0.300000,0
0.3,-1.480370e-04,0.817819,5.000000e+18,2.000000e+01,0.300000,0.300000,0
0.3,-1.471228e-04,0.817819,5.000000e+18,2.000000e+01,0.300000,0.300000,0
0.3,-1.462086e-04,0.817819,5.000000e+18,2.000000e+01,0.300000,0.300000,0
0.3,-1.452943e-04,0.817819,5.000000e+18,2.000000e+01,0.300000,0.300000,0
0.3,-1.443801e-04,0.817819,5.000000e+18,2.000000e+01,0.300000,0.300000,0
0.3,-1.434659e-04,0.817819,5.000000e+18,2.000000e+01,0.300000,0.300000,0
0.3,-1.425517e-04,0.817819,5.000000e+18,2.000000e+01,0.300000,0.300000,0
0.3,-1.416375e-04,0.817819,5.000000e+18,2.000000e+01,0.300000,0.300000,0
0.3,-1.407233e-04,0.817819,5.000000e+18,2.000000e+01,0.300000,0.300000,0
0.3,-1.398091e-04,0.817819,5.000000e+18,2.000000e+01,0.300000,0.300000,0
0.3,-1.388949e-04,0.817819,5.000000e+18,2.000000e+01,0.300000,0.300000,0
0.3,-1.379807e-04,0.817819,5.000000e+18,2.000000e+01,0.300000,0.300000,0
0.3,-1.370665e-04,0.817819,5.000000e+18,2.000000e+01,0.300000,0.300000,0
0.3,-1.361523e-04,0.817819,5.000000e+18,2.000000e+01,0.300000,0.300000,0
0.3,-1.352381e-04,0.817819,5.000000e+18,2.000000e+01,0.300000,0.300000,0
0.3,-1.343239e-04,0.817819,5.000000e+18,2.000000e+01,0.300000,0.300000,0
0.3,-1.334097e-04,0.817819,5.000000e+18,2.000000e+01,0.300000,0.300000,0
0.3,-1.324955e-04,0.817819,5.000000e+18,2.000000e+01,0.300000,0.300000,0
0.3,-1.315813e-04,0.817819,5.000000e+18,2.000000e+01,0.300000,0.300000,0
0.3,-1.306670e-04,0.817819,5.000000e+18,2.000000e+01,0.300000,0.300000,0
0.3,-1.297528e-04,0.817819,5.000000e+18,2.000000e+01,0.300000,0.300000,0
0.3,-1.288386e-04,0.817819,5.000000e+18,2.000000e+01,0.300000,0.300000,0
0.3,-1.279244e-04,0.817819,5.000000e+18,2.000000e+01,0.300000,0.300000,0
0.3,-1.270102e-04,0.817819,5.000000e+18,2.000000e+01,0.300000,0.300000,0
0.3,-1.260960e-04,0.817819,5.000000e+18,2.000000e+01,0.300000,0.300000,0
0.3,-1.251818e-04,0.817819,5.000000e+18,2.000000e+01,0.300000,0.300000,0
0.3,-1.242676e-04,0.817819,5.000000e+18,2.000000e+01,0.300000,0.300000,0
0.3,-1.233534e-04,0.817819,5.000000e+18,2.000000e+01,0.300000,0.300000,0
0.3,-1.224392e-04,0.817819,5.000000e+18,2.000000e+01,0.300000,0.300000,0
0.3,-1.215250e-04,0.817819,5.000000e+18,2.000000e+01,0.300000,0.300000,0
0.3,-1.206108e-04,0.817819,5.000000e+18,2.000000e+01,0.300000,0.300000,0
0.3,-1.196966e-04,0.817819,5.000000e+18,2.000000e+01,0.300000,0.300000,0
0.3,-1.187824e-04,0.817819,5.000000e+18,2.000000e+01,0.300000,0.300000,0
0.3,-1.178682e-04,0.817819,5.000000e+18,2.000000e+01,0.300000,0.300000,0
0.3,-1.169540e-04,0.817819,5.000000e+18,2.000000e+01,0.300000,0.300000,0
0.3,-1.160397e-04,0.817819,5.000000e+18,2.000000e+01,0.300000,0.300000,0
0.3,-1.151255e-04,0.817819,5.000000e+18,2.000000e+01,0.300000,0.300000,0
0.3,-1.142113e-04,0.817819,5.000000e+18,2.000000e+01,0.300000,0.300000,0
0.3,-1.132971e-04,0.817819,5.000000e+18,2.000000e+01,0.300000,0.300000,0
0.3,-1.123829e-04,0.817819,5.000000e+18,2.000000e+01,0.300000,0.300000,0
0.3,-1.114687e-04,0.817819,5.000000e+18,2.000000e+01,0.300000,0.300000,0
0.3,-1.105545e-04,0.817819,5.000000e+18,2.000000e+01,0.300000,0.300000,0
0.3,-1.096403e-04,0.817819,5.000000e+18,2.000000e+01,0.300000,0.300000,0
0.3,-1.087261e-04,0.817819,5.000000e+18,2.000000e+01,0.300000,0.300000,0
0.3,-1.078119e-04,0.817819,5.000000e+18,2.000000e+01,0.300000,0.300000,0
0.3,-1.068977e-04,0.817819,5.000000e+18,2.000000e+01,0.300000,0.300000,0
0.3,-1.059835e-04,0.817819,5.000000e+18,2.000000e+01,0.300000,0.300000,0
0.3,-1.050693e-04,0.817819,5.000000e+18,2.000000e+01,0.300000,0.300000,0
0.3,-1.041551e-04,0.817819,5.000000e+18,2.000000e+01,0.300000,0.300000,0
0.3,-1.032409e-04,0.817819,5.000000e+18,2.000000e+01,0.300000,0.300000,0
0.3,-1.023267e-04,0.817819,5.000000e+18,2.000000e+01,0.300000,0.300000,0
0.3,-1.014124e-04,0.817819,5.000000e+18,2.000000e+01,0.300000,0.300000,0
0.3,-1.004982e-04,0.817819,5.000000e+18,2.000000e+01,0.300000,0.300000,0
0.3,-9.958403e-05,0.817819,5.000000e+18,2.000000e+01,0.300000,0.300000,0
0.3,-9.866983e-05,0.817819,5.000000e+18,2.000000e+01,0.300000,0.300000,0
0.3,-9.775562e-05,0.817819,5.000000e+18,2.000000e+01,0.300000,0.300000,0
0.3,-9.684141e-05,0.817819,5.000000e+18,2.000000e+01,0.300000,0.300000,0
0.3,-9.592721e-05,0.817819,5.000000e+18,2.000000e+01,0.300000,0.300000,0
0.3,-9.501300e-05,0.817819,5.000000e+18,2.000000e+01,0.300000,0.300000,0
0.3,-9.409880e-05,0.817819,5.000000e+18,2.000000e+01,0.300000,0.300000,0
0.3,-9.318459e-05,0.817819,5.000000e+18,2.000000e+01,0.300000,0.300000,0
0.3,-9.227038e-05,0.817819,5.000000e+18,2.000000e+01,0.300000,0.300000,0
0.3,-9.135618e-05,0.817819,5.000000e+18,2.000000e+01,0.300000,0.300000,0
0.3,-9.044197e-05,0.817819,5.000000e+18,2.000000e+01,0.300000,0.300000,0
0.3,-8.952776e-05,0.817819,5.000000e+18,2.000000e+01,0.300000,0.300000,0
0.3,-8.861356e-05,0.817819,5.000000e+18,2.000000e+01,0.300000,0.300000,0
0.3,-8.769935e-05,0.817819,5.000000e+18,2.000000e+01,0.300000,0.300000,0
0.3,-8.678515e-05,0.817819,5.000000e+18,2.000000e+01,0.300000,0.300000,0
0.3,-8.587094e-05,0.817819,5.000000e+18,2.000000e+01,0.300000,0.300000,0
0.3,-8.495673e-05,0.817819,5.000000e+18,2.000000e+01,0.300000,0.300000,0
0.3,-8.404253e-05,0.817819,5.000000e+18,2.000000e+01,0.300000,0.300000,0
0.3,-8.312832e-05,0.817819,5.000000e+18,2.000000e+01,0.300000,0.300000,0
0.3,-8.221412e-05,0.817819,5.000000e+18,2.000000e+01,0.300000,0.300000,0
0.3,-8.129991e-05,0.817819,5.000000e+18,2.000000e+01,0.300000,0.300000,0
0.3,-8.038570e-05,0.817819,5.000000e+18,2.000000e+01,0.300000,0.300000,0
0.3,-7.947150e-05,0.817819,5.000000e+18,2.000000e+01,0.300000,0.300000,0
0.3,-7.855729e-05,0.817819,5.000000e+18,2.000000e+01,0.300000,0.300000,0
0.3,-7.764308e-05,0.817819,5.000000e+18,2.000000e+01,0.300000,0.300000,0
0.3,-7.672888e-05,0.817819,5.000000e+18,2.000000e+01,0.300000,0.300000,0
0.3,-7.581467e-05,0.817819,5.000000e+18,2.000000e+01,0.300000,0.300000,0
0.3,-7.490047e-05,0.817819,5.000000e+18,2.000000e+01,0.300000,0.300000,0
0.3,-7.398626e-05,0.817819,5.000000e+18,2.000000e+01,0.300000,0.300000,0
0.3,-7.307205e-05,0.817819,5.000000e+18,2.000000e+01,0.300000,0.300000,0
0.3,-7.215785e-05,0.817819,5.000000e+18,2.000000e+01,0.300000,0.300000,0
0.3,-7.124364e-05,0.817819,5.000000e+18,2.000000e+01,0.300000,0.300000,0
0.3,-7.032943e-05,0.817819,5.000000e+18,2.000000e+01,0.300000,0.300000,0
0.3,-6.941523e-05,0.817819,5.000000e+18,2.000000e+01,0.300000,0.300000,0
0.3,-6.850102e-05,0.817819,5.000000e+18,2.000000e+01,0.300000,0.300000,0
0.3,-6.758682e-05,0.817819,5.000000e+18,2.000000e+01,0.300000,0.300000,0
0.3,-6.667261e-05,0.817819,5.000000e+18,2.000000e+01,0.300000,0.300000,0
0.3,-6.575840e-05,0.817819,5.000000e+18,2.000000e+01,0.300000,0.300000,0
0.3,-6.484420e-05,0.817819,5.000000e+18,2.000000e+01,0.300000,0.300000,0
0.3,-6.392999e-05,0.817819,5.000000e+18,2.000000e+01,0.300000,0.300000,0
0.3,-6.301578e-05,0.817819,5.000000e+18,2.000000e+01,0.300000,0.300000,0
0.3,-6.210158e-05,0.817819,5.000000e+18,2.000000e+01,0.300000,0.300000,0
0.3,-6.118737e-05,0.817819,5.000000e+18,2.000000e+01,0.300000,0.300000,0
0.3,-6.027317e-05,0.817819,5.000000e+18,2.000000e+01,0.300000,0.300000,0
0.3,-5.935896e-05,0.817819,5.000000e+18,2.000000e+01,0.300000,0.300000,0
0.3,-5.844475e-05,0.817819,5.000000e+18,2.000000e+01,0.300000,0.300000,0
0.3,-5.753055e-05,0.817819,5.000000e+18,2.000000e+01,0.300000,0.300000,0
0.3,-5.661634e-05,0.817819,5.000000e+18,2.000000e+01,0.300000,0.300000,0
0.3,-5.570213e-05,0.817819,5.000000e+18,2.000000e+01,0.300000,0.300000,0
0.3,-5.478793e-05,0.817819,5.000000e+18,2.000000e+01,0.300000,0.300000,0
0.3,-5.387372e-05,0.817819,5.000000e+18,2.000000e+01,0.300000,0.300000,0
0.3,-5.295952e-05,0.817819,5.000000e+18,2.000000e+01,0.300000,0.300000,0
0.3,-5.204531e-05,0.817819,5.000000e+18,2.000000e+01,0.300000,0.300000,0
0.3,-5.113110e-05,0.817819,5.000000e+18,2.000000e+01,0.300000,0.300000,0
0.3,-5.021690e-05,0.817819,5.000000e+18,2.000000e+01,0.300000,0.300000,0
0.3,-4.930269e-05,0.817819,5.000000e+18,2.000000e+01,0.300000,0.300000,0
0.3,-4.838848e-05,0.817819,5.000000e+18,2.000000e+01,0.300000,0.300000,0
0.3,-4.747428e-05,0.817819,5.000000e+18,2.000000e+01,0.300000,0.300000,0
0.3,-4.656007e-05,0.817819,5.000000e+18,2.000000e+01,0.300000,0.300000,0
0.3,-4.564587e-05,0.817819,5.000000e+18,2.000000e+01,0.300000,0.300000,0
0.3,-4.473166e-05,0.817819,5.000000e+18,2.000000e+01,0.300000,0.300000,0
0.3,-4.381745e-05,0.817819,5.000000e+18,2.000000e+01,0.300000,0.300000,0
0.3,-4.290325e-05,0.817819,5.000000e+18,2.000000e+01,0.300000,0.300000,0
0.3,-4.198904e-05,0.817819,5.000000e+18,2.000000e+01,0.300000,0.300000,0
0.3,-4.107484e-05,0.817819,5.000000e+18,2.000000e+01,0.300000,0.300000,0
0.3,-4.016063e-05,0.817819,5.000000e+18,2.000000e+01,0.300000,0.300000,0
0.3,-3.924642e-05,0.817819,5.000000e+18,2.000000e+01,0.300000,0.300000,0
0.3,-3.833222e-05,0.817819,5.000000e+18,2.000000e+01,0.300000,0.300000,0
0.3,-3.741801e-05,0.817819,5.000000e+18,2.000000e+01,0.300000,0.300000,0
0.3,-3.650380e-05,0.817819,5.000000e+18,2.000000e+01,0.300000,0.300000,0
0.3,-3.558960e-05,0.817819,5.000000e+18,2.000000e+01,0.300000,0.300000,0
0.3,-3.467539e-05,0.817819,5.000000e+18,2.000000e+01,0.300000,0.300000,0
0.3,-3.376119e-05,0.817819,5.000000e+18,2.000000e+01,0.300000,0.300000,0
0.3,-3.284698e-05,0.817819,5.000000e+18,2.000000e+01,0.300000,0.300000,0
0.3,-3.193277e-05,0.817819,5.000000e+18,2.000000e+01,0.300000,0.300000,0
0.3,-3.101857e-05,0.817819,5.000000e+18,2.000000e+01,0.300000,0.300000,0
0.3,-3.010436e-05,0.817819,5.000000e+18,2.000000e+01,0.300000,0.300000,0
0.3,-2.919015e-05,0.817819,5.000000e+18,2.000000e+01,0.300000,0.300000,0
0.3,-2.827595e-05,0.817819,5.000000e+18,2.000000e+01,0.300000,0.300000,0
0.3,-2.736174e-05,0.817819,5.000000e+18,2.000000e+01,0.300000,0.300000,0
0.3,-2.644754e-05,0.817819,5.000000e+18,2.000000e+01,0.300000,0.300000,0
0.3,-2.553333e-05,0.817819,5.000000e+18,2.000000e+01,0.300000,0.300000,0
0.3,-2.461912e-05,0.817819,5.000000e+18,2.000000e+01,0.300000,0.300000,0
0.3,-2.370492e-05,0.817819,5.000000e+18,2.000000e+01,0.300000,0.300000,0
0.3,-2.279071e-05,0.817819,5.000000e+18,2.000000e+01,0.300000,0.300000,0
0.3,-2.187650e-05,0.817819,5.000000e+18,2.000000e+01,0.300000,0.300000,0
0.3,-2.096230e-05,0.817819,5.000000e+18,2.000000e+01,0.300000,0.300000,0
0.3,-2.004809e-05,0.817819,5.000000e+18,2.000000e+01,0.300000,0.300000,0
0.3,-1.913389e-05,0.817819,5.000000e+18,2.000000e+01,0.300000,0.300000,0
0.3,-1.821968e-05,0.817819,5.000000e+18,2.000000e+01,0.300000,0.300000,0
0.3,-1.730547e-05,0.817819,5.000000e+18,2.000000e+01,0.300000,0.300000,0
0.3,-1.639127e-05,0.817819,5.000000e+18,2.000000e+01,0.300000,0.300000,0
0.3,-1.547706e-05,0.817819,5.000000e+18,2.000000e+01,0.300000,0.300000,0
0.3,-1.456285e-05,0.817819,5.000000e+18,2.000000e+01,0.300000,0.300000,0
0.3,-1.364865e-05,0.817819,5.000000e+18,2.000000e+01,0.300000,0.300000,0
0.3,-1.273444e-05,0.817819,5.000000e+18,2.000000e+01,0.300000,0.300000,0
0.3,-1.182024e-05,0.817819,5.000000e+18,2.000000e+01,0.300000,0.300000,0
0.3,-1.095190e-05,0.817819,5.000000e+18,2.000000e+01,0.300000,0.300000,0
0.3,-1.014789e-05,0.817819,5.000000e+18,2.000000e+01,0.300000,0.300000,0
0.3,-9.403430e-06,0.817819,5.000000e+18,2.000000e+01,0.300000,0.300000,0
0.3,-8.714118e-06,0.817819,5.000000e+18,2.000000e+01,0.300000,0.300000,0
0.3,-8.075866e-06,0.817819,5.000000e+18,2.000000e+01,0.300000,0.300000,0
0.3,-7.484892e-06,0.817819,5.000000e+18,2.000000e+01,0.300000,0.300000,0
0.3,-6.937693e-06,0.817819,5.000000e+18,2.000000e+01,0.300000,0.300000,0
0.3,-6.431028e-06,0.817819,5.000000e+18,2.000000e+01,0.300000,0.300000,0
0.3,-5.961894e-06,0.817819,5.000000e+18,2.000000e+01,0.300000,0.300000,0
0.3,-5.527510e-06,0.817819,5.000000e+18,2.000000e+01,0.300000,0.300000,0
0.3,-5.125303e-06,0.817819,5.000000e+18,2.000000e+01,0.300000,0.300000,0
0.3,-4.752889e-06,0.817819,5.000000e+18,2.000000e+01,0.300000,0.300000,0
0.3,-4.408061e-06,0.817819,5.000000e+18,2.000000e+01,0.300000,0.300000,0
0.3,-4.088776e-06,0.817819,5.000000e+18,2.000000e+01,0.300000,0.300000,0
0.3,-3.793142e-06,0.817819,5.000000e+18,2.000000e+01,0.300000,0.300000,0
0.3,-3.519407e-06,0.817819,4.999999e+18,2.000000e+01,0.300000,0.300000,0
0.3,-3.265948e-06,0.817819,4.999997e+18,2.000001e+01,0.300000,0.300000,0
0.3,-3.031264e-06,0.817819,4.999991e+18,2.000003e+01,0.300000,0.300000,0
0.3,-2.813964e-06,0.817818,4.999973e+18,2.000011e+01,0.300000,0.300000,0
0.3,-2.612760e-06,0.817818,4.999923e+18,2.000031e+01,0.300000,0.300000,0
0.3,-2.426461e-06,0.817818,4.999794e+18,2.000083e+01,0.300000,0.300000,0
0.3,-2.253961e-06,0.817816,4.999483e+18,2.000207e+01,0.300000,0.300000,0
0.3,-2.094239e-06,0.817812,4.998785e+18,2.000486e+01,0.300000,0.300000,0
0.3,-1.946348e-06,0.817805,4.997312e+18,2.001076e+01,0.300000,0.300000,0
0.3,-1.809413e-06,0.817790,4.994382e+18,2.002250e+01,0.300000,0.300000,0
0.3,-1.682620e-06,0.817761,4.988867e+18,2.004463e+01,0.300000,0.300000,0
0.3,-1.565220e-06,0.817710,4.979011e+18,2.008431e+01,0.300000,0.300000,0
0.3,-1.456516e-06,0.817623,4.962238e+18,2.015220e+01,0.300000,0.300000,0
0.3,-1.355864e-06,0.817480,4.934998e+18,2.026343e+01,0.300000,0.300000,0
0.3,-1.262667e-06,0.817258,4.892693e+18,2.043864e+01,0.300000,0.300000,0
0.3,-1.176375e-06,0.816923,4.829773e+18,2.070491e+01,0.300000,0.300000,0
0.3,-1.096474e-06,0.816439,4.740077e+18,2.109670e+01,0.300000,0.300000,0
0.3,-1.022492e-06,0.815761,4.617458e+18,2.165694e+01,0.300000,0.300000,0
0.3,-9.539897e-07,0.814845,4.456698e+18,2.243813e+01,0.300000,0.300000,0
0.3,-8.905619e-07,0.813645,4.254587e+18,2.350404e+01,0.300000,0.300000,0
0.3,-8.318324e-07,0.812121,4.010952e+18,2.493174e+01,0.300000,0.300000,0
0.3,-7.774533e-07,0.810239,3.729337e+18,2.681441e+01,0.300000,0.300000,0
0.3,-7.271023e-07,0.807978,3.417065e+18,2.926488e+01,0.300000,0.300000,0
0.3,-6.804810e-07,0.805331,3.084547e+18,3.241967e+01,0.300000,0.300000,0
0.3,-6.373131e-07,0.802307,2.743962e+18,3.644365e+01,0.300000,0.300000,0
0.3,-5.973428e-07,0.798926,2.407630e+18,4.153462e+01,0.300000,0.300000,0
0.3,-5.603333e-07,0.795225,2.086476e+18,4.792771e+01,0.300000,0.300000,0
0.3,-5.260653e-07,0.791248,1.788948e+18,5.589876e+01,0.300000,0.300000,0
0.3,-4.943356e-07,0.787045,1.520535e+18,6.576634e+01,0.300000,0.300000,0
0.3,-4.649562e-07,0.782671,1.283836e+18,7.789159e+01,0.300000,0.300000,0
0.3,-4.377531e-07,0.778178,1.079034e+18,9.267546e+01,0.300000,0.300000,0
0.3,-4.125651e-07,0.773618,9.045447e+17,1.105529e+02,0.300000,0.300000,0
0.3,-3.892428e-07,0.769037,7.576699e+17,1.319836e+02,0.300000,0.300000,0
0.3,-3.676481e-07,0.764478,6.351618e+17,1.574402e+02,0.300000,0.300000,0
0.3,-3.476530e-07,0.759975,5.336385e+17,1.873928e+02,0.300000,0.300000,0
0.3,-3.291391e-07,0.755560,4.498586e+17,2.222921e+02,0.300000,0.300000,0
0.3,-3.119965e-07,0.751257,3.808781e+17,2.625512e+02,0.300000,0.300000,0
0.3,-2.961238e-07,0.747086,3.241202e+17,3.085275e+02,0.300000,0.300000,0
0.3,-2.814268e-07,0.743060,2.773884e+17,3.605053e+02,0.300000,0.300000,0
0.3,-2.678185e-07,0.739193,2.388450e+17,4.186816e+02,0.300000,0.300000,0
0.3,-2.552182e-07,0.735490,2.069732e+17,4.831544e+02,0.300000,0.300000,0
0.3,-2.435512e-07,0.731957,1.805330e+17,5.539152e+02,0.300000,0.300000,0
0.3,-2.327485e-07,0.728595,1.585172e+17,6.308463e+02,0.300000,0.300000,0
0.3,-2.227460e-07,0.725404,1.401106e+17,7.137217e+02,0.300000,0.300000,0
0.3,-2.134844e-07,0.722382,1.246551e+17,8.022135e+02,0.300000,0.300000,0
0.3,-2.049088e-07,0.719527,1.116196e+17,8.959003e+02,0.300000,0.300000,0
0.3,-1.969685e-07,0.716833,1.005752e+17,9.942805e+02,0.300000,0.300000,0
0.3,-1.896164e-07,0.714297,9.117548e+16,1.096786e+03,0.300000,0.300000,0
0.3,-1.828088e-07,0.711911,8.313939e+16,1.202799e+03,0.300000,0.300000,0
0.3,-1.765055e-07,0.709671,7.623879e+16,1.311668e+03,0.300000,0.300000,0
0.3,-1.706692e-07,0.707570,7.028772e+16,1.422724e+03,0.300000,0.300000,0
0.3,-1.652651e-07,0.705602,6.513410e+16,1.535294e+03,0.300000,0.300000,0
0.3,-1.602614e-07,0.703759,6.065314e+16,1.648719e+03,0.300000,0.300000,0
0.3,-1.556283e-07,0.702036,5.674199e+16,1.762363e+03,0.300000,0.300000,0
0.3,-1.513384e-07,0.700426,5.331562e+16,1.875623e+03,0.300000,0.300000,0
0.3,-1.473662e-07,0.698922,5.030337e+16,1.987938e+03,0.300000,0.300000,0
0.3,-1.436883e-07,0.697519,4.764637e+16,2.098796e+03,0.300000,0.300000,0
0.3,-1.402828e-07,0.696211,4.529529e+16,2.207735e+03,0.300000,0.300000,0
0.3,-1.371296e-07,0.694992,4.320868e+16,2.314350e+03,0.300000,0.300000,0
0.3,-1.342100e-07,0.693856,4.135157e+16,2.418288e+03,0.300000,0.300000,0
0.3,-1.315066e-07,0.692799,3.969432e+16,2.519252e+03,0.300000,0.300000,0
0.3,-1.290035e-07,0.691815,3.821172e+16,2.616998e+03,0.300000,0.300000,0
0.3,-1.266858e-07,0.690899,3.688224e+16,2.711332e+03,0.300000,0.300000,0
0.3,-1.245398e-07,0.690048,3.568745e+16,2.802105e+03,0.300000,0.300000,0
0.3,-1.225527e-07,0.689256,3.461148e+16,2.889215e+03,0.300000,0.300000,0
0.3,-1.207128e-07,0.688521,3.364064e+16,2.972595e+03,0.300000,0.300000,0
0.3,-1.190093e-07,0.687838,3.276307e+16,3.052217e+03,0.300000,0.300000,0
0.3,-1.174319e-07,0.687203,3.196847e+16,3.128082e+03,0.300000,0.300000,0
0.3,-1.159713e-07,0.686613,3.124787e+16,3.200218e+03,0.300000,0.300000,0
0.3,-1.146190e-07,0.686066,3.059340e+16,3.268679e+03,0.300000,0.300000,0
0.3,-1.133668e-07,0.685558,2.999819e+16,3.333534e+03,0.300000,0.300000,0
0.3,-1.122074e-07,0.685087,2.945617e+16,3.394874e+03,0.300000,0.300000,0
0.3,-1.111338e-07,0.684650,2.896201e+16,3.452799e+03,0.300000,0.300000,0
0.3,-1.101398e-07,0.684244,2.851097e+16,3.507421e+03,0.300000,0.300000,0
0.3,-1.092194e-07,0.683867,2.809888e+16,3.558861e+03,0.300000,0.300000,0
0.3,-1.083672e-07,0.683518,2.772200e+16,3.607244e+03,0.300000,0.300000,0
0.3,-1.075781e-07,0.683195,2.737701e+16,3.652699e+03,0.300000,0.300000,0
0.3,-1.068474e-07,0.682894,2.706097e+16,3.695359e+03,0.300000,0.300000,0
0.3,-1.061709e-07,0.682616,2.677121e+16,3.735356e+03,0.300000,0.300000,0
0.3,-1.055445e-07,0.682358,2.650536e+16,3.772822e+03,0.300000,0.300000,0
0.3,-1.049645e-07,0.682119,2.626128e+16,3.807887e+03,0.300000,0.300000,0
0.3,-1.044275e-07,0.681897,2.603706e+16,3.840680e+03,0.300000,0.300000,0
0.3,-1.039302e-07,0.681692,2.583095e+16,3.871325e+03,0.300000,0.300000,0
0.3,-1.034698e-07,0.681501,2.564140e+16,3.899944e+03,0.300000,0.300000,0
0.3,-1.030435e-07,0.681325,2.546698e+16,3.926653e+03,0.300000,0.300000,0
0.3,-1.026487e-07,0.681161,2.530642e+16,3.951566e+03,0.300000,0.300000,0
0.3,-1.022832e-07,0.681010,2.515856e+16,3.974791e+03,0.300000,0.300000,0
0.3,-1.019448e-07,0.680870,2.502232e+16,3.996431e+03,0.300000,0.300000,0
0.3,-1.016315e-07,0.680740,2.489677e+16,4.016586e+03,0.300000,0.300000,0
0.3,-1.013413e-07,0.680619,2.478101e+16,4.035349e+03,0.300000,0.300000,0
0.3,-1.010727e-07,0.680507,2.467424e+16,4.052809e+03,0.300000,0.300000,0
0.3,-1.008239e-07,0.680404,2.457575e+16,4.069051e+03,0.300000,0.300000,0
0.3,-1.005936e-07,0.680308,2.448487e+16,4.084155e+03,0.300000,0.300000,0
0.3,-1.003803e-07,0.680220,2.440098e+16,4.098195e+03,0.300000,0.300000,0
0.3,-1.001828e-07,0.680137,2.432354e+16,4.111244e+03,0.300000,0.300000,0
0.3,-9.285714e-08,0.670927,0.000000e+00,0.000000e+00,nan,nan,1
0.3,-8.571429e-08,0.661947,0.000000e+00,0.000000e+00,nan,nan,1
0.3,-7.857143e-08,0.652967,0.000000e+00,0.000000e+00,nan,nan,1
0.3,-7.142857e-08,0.643987,0.000000e+00,0.000000e+00,nan,nan,1
0.3,-6.428571e-08,0.635007,0.000000e+00,0.000000e+00,nan,nan,1
0.3,-5.714286e-08,0.626027,0.000000e+00,0.000000e+00,nan,nan,1
0.3,-5.000000e-08,0.617047,0.000000e+00,0.000000e+00,nan,nan,1
0.3,-4.285714e-08,0.608067,0.000000e+00,0.000000e+00,nan,nan,1
0.3,-3.571429e-08,0.599087,0.000000e+00,0.000000e+00,nan,nan,1
0.3,-2.857143e-08,0.590107,0.000000e+00,0.000000e+00,nan,nan,1
0.3,-2.142857e-08,0.581127,0.000000e+00,0.000000e+00,nan,nan,1
0.3,-1.428571e-08,0.572147,0.000000e+00,0.000000e+00,nan,nan,1
0.3,-7.142857e-09,0.563167,0.000000e+00,0.000000e+00,nan,nan,1
0.3,-0.000000e+00,0.554187,2.041391e+19,4.898621e+00,0.000000,0.000000,0
0.3,4.088455e-09,0.552546,1.915850e+19,5.219615e+00,0.000000,0.000000,0
0.3,8.503985e-09,0.550829,1.792779e+19,5.577932e+00,0.000000,0.000000,0
0.3,1.327276e-08,0.549036,1.672653e+19,5.978526e+00,0.000000,0.000000,0
0.3,1.842303e-08,0.547166,1.555915e+19,6.427085e+00,0.000000,0.000000,0
0.3,2.398533e-08,0.545218,1.442971e+19,6.930145e+00,0.000000,0.000000,0
0.3,2.999261e-08,0.543191,1.334181e+19,7.495234e+00,0.000000,0.000000,0
0.3,3.648048e-08,0.541087,1.229857e+19,8.131026e+00,0.000000,0.000000,0
0.3,4.348737e-08,0.538903,1.130258e+19,8.847537e+00,0.000000,0.000000,0
0.3,5.105481e-08,0.536642,1.035589e+19,9.656344e+00,0.000000,0.000000,0
0.3,5.922765e-08,0.534303,9.459975e+18,1.057085e+01,0.000000,0.000000,0
0.3,6.805432e-08,0.531886,8.615785e+18,1.160660e+01,0.000000,0.000000,0
0.3,7.758712e-08,0.529393,7.823720e+18,1.278164e+01,0.000000,0.000000,0
0.3,8.788254e-08,0.526824,7.083676e+18,1.411696e+01,0.000000,0.000000,0
0.3,9.900160e-08,0.524181,6.395079e+18,1.563702e+01,0.000000,0.000000,0
0.3,1.110102e-07,0.521463,5.756931e+18,1.737037e+01,0.000000,0.000000,0
0.3,1.239795e-07,0.518672,5.167859e+18,1.935037e+01,0.000000,0.000000,0
0.3,1.379863e-07,0.515810,4.626168e+18,2.161616e+01,0.000000,0.000000,0
0.3,1.531136e-07,0.512876,4.129899e+18,2.421367e+01,0.000000,0.000000,0
0.3,1.694512e-07,0.509872,3.676881e+18,2.719697e+01,0.000000,0.000000,0
0.3,1.870957e-07,0.506799,3.264786e+18,3.062988e+01,0.000000,0.000000,0
0.3,2.061518e-07,0.503658,2.891180e+18,3.458796e+01,0.000000,0.000000,0
0.3,2.267324e-07,0.500447,2.553569e+18,3.916088e+01,0.000000,0.000000,0
0.3,2.489595e-07,0.497169,2.249441e+18,4.445550e+01,0.000000,0.000000,0
0.3,2.729647e-07,0.493823,1.976301e+18,5.059957e+01,-0.000000,-0.000000,0
0.3,2.988903e-07,0.490407,1.731707e+18,5.774649e+01,0.000000,0.000000,0
0.3,3.268900e-07,0.486922,1.513288e+18,6.608127e+01,0.000000,0.000000,0
0.3,3.571296e-07,0.483365,1.318772e+18,7.582812e+01,0.000000,0.000000,0
0.3,3.897885e-07,0.479734,1.145997e+18,8.726025e+01,-0.000000,-0.000000,0
0.3,4.250600e-07,0.476028,9.929254e+17,1.007125e+02,0.000000,0.000000,0
0.3,4.631533e-07,0.472242,8.576489e+17,1.165978e+02,0.000000,0.000000,0
0.3,5.042940e-07,0.468371,7.383938e+17,1.354291e+02,0.000000,0.000000,0
0.3,5.487259e-07,0.464411,6.335216e+17,1.578478e+02,0.000000,0.000000,0
0.3,5.967125e-07,0.460355,5.415270e+17,1.846630e+02,-0.000000,-0.000000,0
0.3,6.485379e-07,0.456195,4.610348e+17,2.169034e+02,0.000000,0.000000,0
0.3,7.045094e-07,0.451922,3.907945e+17,2.558890e+02,0.000000,0.000000,0
0.3,7.649586e-07,0.447525,3.296738e+17,3.033301e+02,0.000000,0.000000,0
0.3,8.302438e-07,0.442992,2.766519e+17,3.614651e+02,-0.000000,-0.000000,0
0.3,9.007517e-07,0.438308,2.308107e+17,4.332554e+02,-0.000000,-0.000000,0
0.3,9.769003e-07,0.433458,1.913277e+17,5.226635e+02,0.000000,0.000000,0
0.3,1.059141e-06,0.428423,1.574665e+17,6.350556e+02,0.000000,0.000000,0
0.3,1.147961e-06,0.423182,1.285692e+17,7.777914e+02,0.000000,0.000000,0
0.3,1.243886e-06,0.417711,1.040475e+17,9.610998e+02,0.000000,0.000000,0
0.3,1.347485e-06,0.411985,8.337507e+16,1.199399e+03,0.000000,0.000000,0
0.3,1.459372e-06,0.405974,6.607998e+16,1.513318e+03,0.000000,0.000000,0
0.3,1.580211e-06,0.399649,5.173753e+16,1.932833e+03,0.000000,0.000000,0
0.3,1.710716e-06,0.392974,3.996420e+16,2.502239e+03,0.000000,0.000000,0
0.3,1.851662e-06,0.385913,3.041229e+16,3.288144e+03,0.000000,0.000000,0
0.3,2.003883e-06,0.378426,2.276566e+16,4.392581e+03,0.000000,0.000000,0
0.3,2.168282e-06,0.370473,1.673653e+16,5.974954e+03,0.000000,0.000000,0
0.3,2.345833e-06,0.362008,1.206341e+16,8.289528e+03,0.000000,0.000000,0
0.3,2.537588e-06,0.352988,8.509990e+15,1.175089e+04,0.000000,0.000000,0
0.3,2.744684e-06,0.343363,5.864768e+15,1.705097e+04,0.000000,0.000000,0
0.3,2.968347e-06,0.333088,3.941160e+15,2.537324e+04,0.000000,0.000000,0
0.3,3.209903e-06,0.322111,2.577640e+15,3.879518e+04,0.000000,0.000000,0
0.3,3.470784e-06,0.310383,1.637609e+15,6.106466e+04,0.000000,0.000000,0
0.3,3.752535e-06,0.297855,1.008668e+15,9.914064e+04,0.000000,0.000000,0
0.3,4.056826e-06,0.284477,6.011735e+14,1.663413e+05,0.000000,0.000000,0
0.3,4.385461e-06,0.270199,3.460478e+14,2.889774e+05,0.000000,0.000000,0
0.3,4.740386e-06,0.254972,1.920189e+14,5.207821e+05,0.000000,0.000000,0
0.3,5.123706e-06,0.238751,1.025263e+14,9.753595e+05,0.000000,0.000000,0
0.3,5.537690e-06,0.221489,5.258450e+13,1.901701e+06,0.000000,0.000000,0
0.3,5.984794e-06,0.203146,2.586484e+13,3.866253e+06,0.000000,0.000000,0
0.3,6.467666e-06,0.183684,1.218312e+13,8.208075e+06,0.000000,0.000000,0
0.3,6.989168e-06,0.163071,5.488632e+12,1.821948e+07,0.000000,0.000000,0
0.3,7.552390e-06,0.141280,2.362691e+12,4.232462e+07,0.000000,0.000000,0
0.3,8.160669e-06,0.118298,9.712357e+11,1.029616e+08,0.000000,0.000000,0
0.3,8.817611e-06,0.094120,3.812014e+11,2.623285e+08,0.000000,0.000000,0
0.3,9.527109e-06,0.068758,1.429175e+11,6.997042e+08,0.000000,0.000000,0
0.3,1.029337e-05,0.042241,5.124145e+10,1.951545e+09,0.000000,0.000000,0
0.3,1.112092e-05,0.014623,1.760576e+10,5.679960e+09,0.000000,0.000000,0
0.3,1.201469e-05,-0.014015,5.815091e+09,1.719664e+10,-0.000000,0.000000,0
0.3,1.297995e-05,-0.043557,1.854734e+09,5.391608e+10,0.000000,0.000000,0
0.3,1.402243e-05,-0.073843,5.747714e+08,1.739822e+11,0.000000,0.000000,0
0.3,1.514832e-05,-0.104664,1.744696e+08,5.731656e+11,0.000000,0.000000,0
0.3,1.636427e-05,-0.135749,5.242189e+07,1.907600e+12,0.000000,0.000000,0
0.3,1.767750e-05,-0.166753,1.580041e+07,6.328950e+12,0.000000,0.000000,0
0.3,1.909579e-05,-0.197244,4.857938e+06,2.058487e+13,0.000000,0.000000,0
0.3,2.062754e-05,-0.226686,1.555390e+06,6.429254e+13,-0.000000,-0.000000,0
0.3,2.228183e-05,-0.254435,5.317255e+05,1.880670e+14,0.000000,0.000000,0
0.3,2.406847e-05,-0.279738,1.998043e+05,5.004897e+14,0.000000,0.000000,0
0.3,2.599803e-05,-0.301799,8.511496e+04,1.174882e+15,0.000000,0.000000,0
0.3,2.808196e-05,-0.319916,4.223249e+04,2.367845e+15,0.000000,0.000000,0
0.3,3.033261e-05,-0.333725,2.475503e+04,4.039584e+15,0.000000,0.000000,0
0.3,3.276331e-05,-0.343394,1.703057e+04,5.871795e+15,0.000000,0.000000,0
0.3,3.538846e-05,-0.349600,1.339609e+04,7.464862e+15,0.000000,0.000000,0
0.3,3.822363e-05,-0.353267,1.162442e+04,8.602582e+15,0.000000,0.000000,0
0.3,4.128560e-05,-0.355277,1.075512e+04,9.297894e+15,0.000000,0.000000,0
0.3,4.459254e-05,-0.356303,1.033640e+04,9.674549e+15,0.000000,0.000000,0
0.3,4.816403e-05,-0.356794,1.014214e+04,9.859850e+15,0.000000,0.000000,0
0.3,5.202124e-05,-0.357013,1.005653e+04,9.943792e+15,0.000000,0.000000,0
0.3,5.618703e-05,-0.357104,1.002102e+04,9.979021e+15,0.000000,0.000000,0
0.3,6.068608e-05,-0.357140,1.000727e+04,9.992731e+15,0.000000,0.000000,0
0.3,6.554506e-05,-0.357153,1.000233e+04,9.997671e+15,0.000000,0.000000,0
0.3,7.079275e-05,-0.357157,1.000069e+04,9.999313e+15,0.000000,0.000000,0
0.3,7.646026e-05,-0.357158,1.000019e+04,9.999814e+15,0.000000,0.000000,0
0.3,8.258117e-05,-0.357158,1.000005e+04,9.999954e+15,0.000000,0.000000,0
0.3,8.919175e-05,-0.357159,1.000001e+04,9.999990e+15,0.000000,0.000000,0
0.3,9.633118e-05,-0.357159,1.000000e+04,9.999998e+15,0.000000,0.000000,0
0.3,1.040418e-04,-0.357159,1.000000e+04,1.000000e+16,0.000000,0.000000,0
0.3,1.123692e-04,-0.357159,1.000000e+04,1.000000e+16,0.000000,0.000000,0
0.3,1.213628e-04,-0.357159,1.000000e+04,1.000000e+16,0.000000,0.000000,0
0.3,1.310759e-04,-0.357159,1.000000e+04,1.000000e+16,0.000000,0.000000,0
0.3,1.415661e-04,-0.357159,1.000000e+04,1.000000e+16,0.000000,0.000000,0
0.3,1.528955e-04,-0.357159,1.000000e+04,1.000000e+16,0.000000,0.000000,0
0.3,1.651312e-04,-0.357159,1.000000e+04,1.000000e+16,0.000000,0.000000,0
0.3,1.783458e-04,-0.357159,1.000000e+04,1.000000e+16,0.000000,0.000000,0
0.3,1.926175e-04,-0.357159,1.000000e+04,1.000000e+16,0.000000,0.000000,0
0.3,2.000000e-04,-0.357159,1.000000e+04,1.000000e+16,0.000000,0.000000,0
0.6,-2.001000e-04,1.117819,5.000000e+18,2.000000e+01,0.600000,0.600000,0
0.6,-1.992325e-04,1.117819,5.000000e+18,2.000000e+01,0.600000,0.600000,0
0.6,-1.983183e-04,1.117819,5.000000e+18,2.000000e+01,0.600000,0.600000,0
0.6,-1.974041e-04,1.117819,5.000000e+18,2.000000e+01,0.600000,0.600000,0
0.6,-1.964899e-04,1.117819,5.000000e+18,2.000000e+01,0.600000,0.600000,0
0.6,-1.955757e-04,1.117819,5.000000e+18,2.000000e+01,0.600000,0.600000,0
0.6,-1.946615e-04,1.117819,5.000000e+18,2.000000e+01,0.600000,0.600000,0
0.6,-1.937473e-04,1.117819,5.000000e+18,2.000000e+01,0.600000,0.600000,0
0.6,-1.928331e-04,1.117819,5.000000e+18,2.000000e+01,0.600000,0.600000,0
0.6,-1.919189e-04,1.117819,5.000000e+18,2.000000e+01,0.600000,0.600000,0
0.6,-1.910047e-04,1.117819,5.000000e+18,2.000000e+01,0.600000,0.600000,0
0.6,-1.900904e-04,1.117819,5.000000e+18,2.000000e+01,0.600000,0.600000,0
0.6,-1.891762e-04,1.117819,5.000000e+18,2.000000e+01,0.600000,0.600000,0
0.6,-1.882620e-04,1.117819,5.000000e+18,2.000000e+01,0.600000,0.600000,0
0.6,-1.873478e-04,1.117819,5.000000e+18,2.000000e+01,0.600000,0.600000,0
0.6,-1.864336e-04,1.117819,5.000000e+18,2.000000e+01,0.600000,0.600000,0
0.6,-1.855194e-04,1.117819,5.000000e+18,2.000000e+01,0.600000,0.600000,0
0.6,-1.846052e-04,1.117819,5.000000e+18,2.000000e+01,0.600000,0.600000,0
0.6,-1.836910e-04,1.117819,5.000000e+18,2.000000e+01,0.600000,0.600000,0
0.6,-1.827768e-04,1.117819,5.000000e+18,2.000000e+01,0.600000,0.600000,0
0.6,-1.818626e-04,1.117819,5.000000e+18,2.000000e+01,0.600000,0.600000,0
0.6,-1.809484e-04,1.117819,5.000000e+18,2.000000e+01,0.600000,0.600000,0
0.6,-1.800342e-04,1.117819,5.000000e+18,2.000000e+01,0.600000,0.600000,0
0.6,-1.791200e-04,1.117819,5.000000e+18,2.000000e+01,0.600000,0.600000,0
0.6,-1.782058e-04,1.117819,5.000000e+18,2.000000e+01,0.600000,0.600000,0
0.6,-1.772916e-04,1.117819,5.000000e+18,2.000000e+01,0.600000,0.600000,0
0.6,-1.763774e-04,1.117819,5.000000e+18,2.000000e+01,0.600000,0.600000,0
0.6,-1.754631e-04,1.117819,5.000000e+18,2.000000e+01,0.600000,0.600000,0
0.6,-1.745489e-04,1.117819,5.000000e+18,2.000000e+01,0.600000,0.600000,0
0.6,-1.736347e-04,1.117819,5.000000e+18,2.000000e+01,0.600000,0.600000,0
0.6,-1.727205e-04,1.117819,5.000000e+18,2.000000e+01,0.600000,0.600000,0
0.6,-1.718063e-04,1.117819,5.000000e+18,2.000000e+01,0.600000,0.600000,0
0.6,-1.708921e-04,1.117819,5.000000e+18,2.000000e+01,0.600000,0.600000,0
0.6,-1.699779e-04,1.117819,5.000000e+18,2.000000e+01,0.600000,0.600000,0
0.6,-1.690637e-04,1.117819,5.000000e+18,2.000000e+01,0.600000,0.600000,0
0.6,-1.681495e-04,1.117819,5.000000e+18,2.000000e+01,0.600000,0.600000,0
0.6,-1.672353e-04,1.117819,5.000000e+18,2.000000e+01,0.600000,0.600000,0
0.6,-1.663211e-04,1.117819,5.000000e+18,2.000000e+01,0.600000,0.600000,0
0.6,-1.654069e-04,1.117819,5.000000e+18,2.000000e+01,0.600000,0.600000,0
0.6,-1.644927e-04,1.117819,5.000000e+18,2.000000e+01,0.600000,0.600000,0
0.6,-1.635785e-04,1.117819,5.000000e+18,2.000000e+01,0.600000,0.600000,0
0.6,-1.626643e-04,1.117819,5.000000e+18,2.000000e+01,0.600000,0.600000,0
0.6,-1.617501e-04,1.117819,5.000000e+18,2.000000e+01,0.600000,0.600000,0
0.6,-1.608359e-04,1.117819,5.000000e+18,2.000000e+01,0.600000,0.600000,0
0.6,-1.599216e-04,1.117819,5.000000e+18,2.000000e+01,0.600000,0.600000,0
0.6,-1.590074e-04,1.117819,5.000000e+18,2.000000e+01,0.600000,0.600000,0
0.6,-1.580932e-04,1.117819,5.000000e+18,2.000000e+01,0.600000,0.600000,0
0.6,-1.571790e-04,1.117819,5.000000e+18,2.000000e+01,0.600000,0.600000,0
0.6,-1.562648e-04,1.117819,5.000000e+18,2.000000e+01,0.600000,0.600000,0
0.6,-1.553506e-04,1.117819,5.000000e+18,2.000000e+01,0.600000,0.600000,0
0.6,-1.544364e-04,1.117819,5.000000e+18,2.000000e+01,0.600000,0.600000,0
0.6,-1.535222e-04,1.117819,5.000000e+18,2.000000e+01,0.600000,0.600000,0
0.6,-1.526080e-04,1.117819,5.000000e+18,2.000000e+01,0.600000,0.600000,0
0.6,-1.516938e-04,1.117819,5.000000e+18,2.000000e+01,0.600000,0.600000,0
0.6,-1.507796e-04,1.117819,5.000000e+18,2.000000e+01,0.600000,0.600000,0
0.6,-1.498654e-04,1.117819,5.000000e+18,2.000000e+01,0.600000,0.600000,0
0.6,-1.489512e-04,1.117819,5.000000e+18,2.000000e+01,0.600000,0.600000,0
0.6,-1.480370e-04,1.117819,5.000000e+18,2.000000e+01,0.600000,0.600000,0
0.6,-1.471228e-04,1.117819,5.000000e+18,2.000000e+01,0.600000,0.600000,0
0.6,-1.462086e-04,1.117819,5.000000e+18,2.000000e+01,0.600000,0.600000,0
0.6,-1.452943e-04,1.117819,5.000000e+18,2.000000e+01,0.600000,0.600000,0
0.6,-1.443801e-04,1.117819,5.000000e+18,2.000000e+01,0.600000,0.600000,0
0.6,-1.434659e-04,1.117819,5.000000e+18,2.000000e+01,0.600000,0.600000,0
0.6,-1.425517e-04,1.117819,5.000000e+18,2.000000e+01,0.600000,0.600000,0
0.6,-1.416375e-04,1.117819,5.000000e+18,2.000000e+01,0.600000,0.600000,0
0.6,-1.407233e-04,1.117819,5.000000e+18,2.000000e+01,0.600000,0.600000,0
0.6,-1.398091e-04,1.117819,5.000000e+18,2.000000e+01,0.600000,0.600000,0
0.6,-1.388949e-04,1.117819,5.000000e+18,2.000000e+01,0.600000,0.600000,0
0.6,-1.379807e-04,1.117819,5.000000e+18,2.000000e+01,0.600000,0.600000,0
0.6,-1.370665e-04,1.117819,5.000000e+18,2.000000e+01,0.600000,0.600000,0
0.6,-1.361523e-04,1.117819,5.000000e+18,2.000000e+01,0.600000,0.600000,0
0.6,-1.352381e-04,1.117819,5.000000e+18,2.000000e+01,0.600000,0.600000,0
0.6,-1.343239e-04,1.117819,5.000000e+18,2.000000e+01,0.600000,0.600000,0
0.6,-1.334097e-04,1.117819,5.000000e+18,2.000000e+01,0.600000,0.600000,0
0.6,-1.324955e-04,1.117819,5.000000e+18,2.000000e+01,0.600000,0.600000,0
0.6,-1.315813e-04,1.117819,5.000000e+18,2.000000e+01,0.600000,0.600000,0
0.6,-1.306670e-04,1.117819,5.000000e+18,2.000000e+01,0.600000,0.600000,0
0.6,-1.297528e-04,1.117819,5.000000e+18,2.000000e+01,0.600000,0.600000,0
0.6,-1.288386e-04,1.117819,5.000000e+18,2.000000e+01,0.600000,0.600000,0
0.6,-1.279244e-04,1.117819,5.000000e+18,2.000000e+01,0.600000,0.600000,0
0.6,-1.270102e-04,1.117819,5.000000e+18,2.000000e+01,0.600000,0.600000,0
0.6,-1.260960e-04,1.117819,5.000000e+18,2.000000e+01,0.600000,0.600000,0
0.6,-1.251818e-04,1.117819,5.000000e+18,2.000000e+01,0.600000,0.600000,0
0.6,-1.242676e-04,1.117819,5.000000e+18,2.000000e+01,0.600000,0.600000,0
0.6,-1.233534e-04,1.117819,5.000000e+18,2.000000e+01,0.600000,0.600000,0
0.6,-1.224392e-04,1.117819,5.000000e+18,2.000000e+01,0.600000,0.600000,0
0.6,-1.215250e-04,1.117819,5.000000e+18,2.000000e+01,0.600000,0.600000,0
0.6,-1.206108e-04,1.117819,5.000000e+18,2.000000e+01,0.600000,0.600000,0
0.6,-1.196966e-04,1.117819,5.000000e+18,2.000000e+01,0.600000,0.600000,0
0.6,-1.187824e-04,1.117819,5.000000e+18,2.000000e+01,0.600000,0.600000,0
0.6,-1.178682e-04,1.117819,5.000000e+18,2.000000e+01,0.600000,0.600000,0
0.6,-1.169540e-04,1.117819,5.000000e+18,2.000000e+01,0.600000,0.600000,0
0.6,-1.160397e-04,1.117819,5.000000e+18,2.000000e+01,0.600000,0.600000,0
0.6,-1.151255e-04,1.117819,5.000000e+18,2.000000e+01,0.600000,0.600000,0
0.6,-1.142113e-04,1.117819,5.000000e+18,2.000000e+01,0.600000,0.600000,0
0.6,-1.132971e-04,1.117819,5.000000e+18,2.000000e+01,0.600000,0.600000,0
0.6,-1.123829e-04,1.117819,5.000000e+18,2.000000e+01,0.600000,0.600000,0
0.6,-1.114687e-04,1.117819,5.000000e+18,2.000000e+01,0.600000,0.600000,0
0.6,-1.105545e-04,1.117819,5.000000e+18,2.000000e+01,0.600000,0.600000,0
0.6,-1.096403e-04,1.117819,5.000000e+18,2.000000e+01,0.600000,0.600000,0
0.6,-1.087261e-04,1.117819,5.000000e+18,2.000000e+01,0.600000,0.600000,0
0.6,-1.078119e-04,1.117819,5.000000e+18,2.000000e+01,0.600000,0.600000,0
0.6,-1.068977e-04,1.117819,5.000000e+18,2.000000e+01,0.600000,0.600000,0
0.6,-1.059835e-04,1.117819,5.000000e+18,2.000000e+01,0.600000,0.600000,0
0.6,-1.050693e-04,1.117819,5.000000e+18,2.000000e+01,0.600000,0.600000,0
0.6,-1.041551e-04,1.117819,5.000000e+18,2.000000e+01,0.600000,0.600000,0
0.6,-1.032409e-04,1.117819,5.000000e+18,2.000000e+01,0.600000,0.600000,0
0.6,-1.023267e-04,1.117819,5.000000e+18,2.000000e+01,0.600000,0.600000,0
0.6,-1.014124e-04,1.117819,5.000000e+18,2.000000e+01,0.600000,0.600000,0
0.6,-1.004982e-04,1.117819,5.000000e+18,2.000000e+01,0.600000,0.600000,0
0.6,-9.958403e-05,1.117819,5.000000e+18,2.000000e+01,0.600000,0.600000,0
0.6,-9.866983e-05,1.117819,5.000000e+18,2.000000e+01,0.600000,0.600000,0
0.6,-9.775562e-05,1.117819,5.000000e+18,2.000000e+01,0.600000,0.600000,0
0.6,-9.684141e-05,1.117819,5.000000e+18,2.000000e+01,0.600000,0.600000,0
0.6,-9.592721e-05,1.117819,5.000000e+18,2.000000e+01,0.600000,0.600000,0
0.6,-9.501300e-05,1.117819,5.000000e+18,2.000000e+01,0.600000,0.600000,0
0.6,-9.409880e-05,1.117819,5.000000e+18,2.000000e+01,0.600000,0.600000,0
0.6,-9.318459e-05,1.117819,5.000000e+18,2.000000e+01,0.600000,0.600000,0
0.6,-9.227038e-05,1.117819,5.000000e+18,2.000000e+01,0.600000,0.600000,0
0.6,-9.135618e-05,1.117819,5.000000e+18,2.000000e+01,0.600000,0.600000,0
0.6,-9.044197e-05,1.117819,5.000000e+18,2.000000e+01,0.600000,0.600000,0
0.6,-8.952776e-05,1.117819,5.000000e+18,2.000000e+01,0.600000,0.600000,0
0.6,-8.861356e-05,1.117819,5.000000e+18,2.000000e+01,0.600000,0.600000,0
0.6,-8.769935e-05,1.117819,5.000000e+18,2.000000e+01,0.600000,0.600000,0
0.6,-8.678515e-05,1.117819,5.000000e+18,2.000000e+01,0.600000,0.600000,0
0.6,-8.587094e-05,1.117819,5.000000e+18,2.000000e+01,0.600000,0.600000,0
0.6,-8.495673e-05,1.117819,5.000000e+18,2.000000e+01,0.600000,0.600000,0
0.6,-8.404253e-05,1.117819,5.000000e+18,2.000000e+01,0.600000,0.600000,0
0.6,-8.312832e-05,1.117819,5.000000e+18,2.000000e+01,0.600000,0.600000,0
0.6,-8.221412e-05,1.117819,5.000000e+18,2.000000e+01,0.600000,0.600000,0
0.6,-8.129991e-05,1.117819,5.000000e+18,2.000000e+01,0.600000,0.600000,0
0.6,-8.038570e-05,1.117819,5.000000e+18,2.000000e+01,0.600000,0.600000,0
0.6,-7.947150e-05,1.117819,5.000000e+18,2.000000e+01,0.600000,0.600000,0
0.6,-7.855729e-05,1.117819,5.000000e+18,2.000000e+01,0.600000,0.600000,0
0.6,-7.764308e-05,1.117819,5.000000e+18,2.000000e+01,0.600000,0.600000,0
0.6,-7.672888e-05,1.117819,5.000000e+18,2.000000e+01,0.600000,0.600000,0
0.6,-7.581467e-05,1.117819,5.000000e+18,2.000000e+01,0.600000,0.600000,0
0.6,-7.490047e-05,1.117819,5.000000e+18,2.000000e+01,0.600000,0.600000,0
0.6,-7.398626e-05,1.117819,5.000000e+18,2.000000e+01,0.600000,0.600000,0
0.6,-7.307205e-05,1.117819,5.000000e+18,2.000000e+01,0.600000,0.600000,0
0.6,-7.215785e-05,1.117819,5.000000e+18,2.000000e+01,0.600000,0.600000,0
0.6,-7.124364e-05,1.117819,5.000000e+18,2.000000e+01,0.600000,0.600000,0
0.6,-7.032943e-05,1.117819,5.000000e+18,2.000000e+01,0.600000,0.600000,0
0.6,-6.941523e-05,1.117819,5.000000e+18,2.000000e+01,0.600000,0.600000,0
0.6,-6.850102e-05,1.117819,5.000000e+18,2.000000e+01,0.600000,0.600000,0
0.6,-6.758682e-05,1.117819,5.000000e+18,2.000000e+01,0.600000,0.600000,0
0.6,-6.667261e-05,1.117819,5.000000e+18,2.000000e+01,0.600000,0.600000,0
0.6,-6.575840e-05,1.117819,5.000000e+18,2.000000e+01,0.600000,0.600000,0
0.6,-6.484420e-05,1.117819,5.000000e+18,2.000000e+01,0.600000,0.600000,0
0.6,-6.392999e-05,1.117819,5.000000e+18,2.000000e+01,0.600000,0.600000,0
0.6,-6.301578e-05,1.117819,5.000000e+18,2.000000e+01,0.600000,0.600000,0
0.6,-6.210158e-05,1.117819,5.000000e+18,2.000000e+01,0.600000,0.600000,0
0.6,-6.118737e-05,1.117819,5.000000e+18,2.000000e+01,0.600000,0.600000,0
0.6,-6.027317e-05,1.117819,5.000000e+18,2.000000e+01,0.600000,0.600000,0
0.6,-5.935896e-05,1.117819,5.000000e+18,2.000000e+01,0.600000,0.600000,0
0.6,-5.844475e-05,1.117819,5.000000e+18,2.000000e+01,0.600000,0.600000,0
0.6,-5.753055e-05,1.117819,5.000000e+18,2.000000e+01,0.600000,0.600000,0
0.6,-5.661634e-05,1.117819,5.000000e+18,2.000000e+01,0.600000,0.600000,0
0.6,-5.570213e-05,1.117819,5.000000e+18,2.000000e+01,0.600000,0.600000,0
0.6,-5.478793e-05,1.117819,5.000000e+18,2.000000e+01,0.600000,0.600000,0
0.6,-5.387372e-05,1.117819,5.000000e+18,2.000000e+01,0.600000,0.600000,0
0.6,-5.295952e-05,1.117819,5.000000e+18,2.000000e+01,0.600000,0.600000,0
0.6,-5.204531e-05,1.117819,5.000000e+18,2.000000e+01,0.600000,0.600000,0
0.6,-5.113110e-05,1.117819,5.000000e+18,2.000000e+01,0.600000,0.600000,0
0.6,-5.021690e-05,1.117819,5.000000e+18,2.000000e+01,0.600000,0.600000,0
0.6,-4.930269e-05,1.117819,5.000000e+18,2.000000e+01,0.600000,0.600000,0
0.6,-4.838848e-05,1.117819,5.000000e+18,2.000000e+01,0.600000,0.600000,0
0.6,-4.747428e-05,1.117819,5.000000e+18,2.000000e+01,0.600000,0.600000,0
0.6,-4.656007e-05,1.117819,5.000000e+18,2.000000e+01,0.600000,0.600000,0
0.6,-4.564587e-05,1.117819,5.000000e+18,2.000000e+01,0.600000,0.600000,0
0.6,-4.473166e-05,1.117819,5.000000e+18,2.000000e+01,0.600000,0.600000,0
0.6,-4.381745e-05,1.117819,5.000000e+18,2.000000e+01,0.600000,0.600000,0
0.6,-4.290325e-05,1.117819,5.000000e+18,2.000000e+01,0.600000,0.600000,0
0.6,-4.198904e-05,1.117819,5.000000e+18,2.000000e+01,0.600000,0.600000,0
0.6,-4.107484e-05,1.117819,5.000000e+18,2.000000e+01,0.600000,0.600000,0
0.6,-4.016063e-05,1.117819,5.000000e+18,2.000000e+01,0.600000,0.600000,0
0.6,-3.924642e-05,1.117819,5.000000e+18,2.000000e+01,0.600000,0.600000,0
0.6,-3.833222e-05,1.117819,5.000000e+18,2.000000e+01,0.600000,0.600000,0
0.6,-3.741801e-05,1.117819,5.000000e+18,2.000000e+01,0.600000,0.600000,0
0.6,-3.650380e-05,1.117819,5.000000e+18,2.000000e+01,0.600000,0.600000,0
0.6,-3.558960e-05,1.117819,5.000000e+18,2.000000e+01,0.600000,0.600000,0
0.6,-3.467539e-05,1.117819,5.000000e+18,2.000000e+01,0.600000,0.600000,0
0.6,-3.376119e-05,1.117819,5.000000e+18,2.000000e+01,0.600000,0.600000,0
0.6,-3.284698e-05,1.117819,5.000000e+18,2.000000e+01,0.600000,0.600000,0
0.6,-3.193277e-05,1.117819,5.000000e+18,2.000000e+01,0.600000,0.600000,0
0.6,-3.101857e-05,1.117819,5.000000e+18,2.000000e+01,0.600000,0.600000,0
0.6,-3.010436e-05,1.117819,5.000000e+18,2.000000e+01,0.600000,0.600000,0
0.6,-2.919015e-05,1.117819,5.000000e+18,2.000000e+01,0.600000,0.600000,0
0.6,-2.827595e-05,1.117819,5.000000e+18,2.000000e+01,0.600000,0.600000,0
0.6,-2.736174e-05,1.117819,5.000000e+18,2.000000e+01,0.600000,0.600000,0
0.6,-2.644754e-05,1.117819,5.000000e+18,2.000000e+01,0.600000,0.600000,0
0.6,-2.553333e-05,1.117819,5.000000e+18,2.000000e+01,0.600000,0.600000,0
0.6,-2.461912e-05,1.117819,5.000000e+18,2.000000e+01,0.600000,0.600000,0
0.6,-2.370492e-05,1.117819,5.000000e+18,2.000000e+01,0.600000,0.600000,0
0.6,-2.279071e-05,1.117819,5.000000e+18,2.000000e+01,0.600000,0.600000,0
0.6,-2.187650e-05,1.117819,5.000000e+18,2.000000e+01,0.600000,0.600000,0
0.6,-2.096230e-05,1.117819,5.000000e+18,2.000000e+01,0.600000,0.600000,0
0.6,-2.004809e-05,1.117819,5.000000e+18,2.000000e+01,0.600000,0.600000,0
0.6,-1.913389e-05,1.117819,5.000000e+18,2.000000e+01,0.600000,0.600000,0
0.6,-1.821968e-05,1.117819,5.000000e+18,2.000000e+01,0.600000,0.600000,0
0.6,-1.730547e-05,1.117819,5.000000e+18,2.000000e+01,0.600000,0.600000,0
0.6,-1.639127e-05,1.117819,5.000000e+18,2.000000e+01,0.600000,0.600000,0
0.6,-1.547706e-05,1.117819,5.000000e+18,2.000000e+01,0.600000,0.600000,0
0.6,-1.456285e-05,1.117819,5.000000e+18,2.000000e+01,0.600000,0.600000,0
0.6,-1.364865e-05,1.117819,5.000000e+18,2.000000e+01,0.600000,0.600000,0
0.6,-1.273444e-05,1.117819,5.000000e+18,2.000000e+01,0.600000,0.600000,0
0.6,-1.182024e-05,1.117819,5.000000e+18,2.000000e+01,0.600000,0.600000,0
0.6,-1.095190e-05,1.117819,5.000000e+18,2.000000e+01,0.600000,0.600000,0
0.6,-1.014789e-05,1.117819,5.000000e+18,2.000000e+01,0.600000,0.600000,0
0.6,-9.403430e-06,1.117819,5.000000e+18,2.000000e+01,0.600000,0.600000,0
0.6,-8.714118e-06,1.117819,5.000000e+18,2.000000e+01,0.600000,0.600000,0
0.6,-8.075866e-06,1.117819,5.000000e+18,2.000000e+01,0.600000,0.600000,0
0.6,-7.484892e-06,1.117819,5.000000e+18,2.000000e+01,0.600000,0.600000,0
0.6,-6.937693e-06,1.117819,5.000000e+18,2.000000e+01,0.600000,0.600000,0
0.6,-6.431028e-06,1.117819,5.000000e+18,2.000000e+01,0.600000,0.600000,0
0.6,-5.961894e-06,1.117819,5.000000e+18,2.000000e+01,0.600000,0.600000,0
0.6,-5.527510e-06,1.117819,5.000000e+18,2.000000e+01,0.600000,0.600000,0
0.6,-5.125303e-06,1.117819,5.000000e+18,2.000000e+01,0.600000,0.600000,0
0.6,-4.752889e-06,1.117819,5.000000e+18,2.000000e+01,0.600000,0.600000,0
0.6,-4.408061e-06,1.117819,5.000000e+18,2.000000e+01,0.600000,0.600000,0
0.6,-4.088776e-06,1.117819,5.000000e+18,2.000000e+01,0.600000,0.600000,0
0.6,-3.793142e-06,1.117819,4.999999e+18,2.000000e+01,0.600000,0.600000,0
0.6,-3.519407e-06,1.117819,4.999995e+18,2.000002e+01,0.600000,0.600000,0
0.6,-3.265948e-06,1.117819,4.999983e+18,2.000007e+01,0.600000,0.600000,0
0.6,-3.031264e-06,1.117818,4.999942e+18,2.000023e+01,0.600000,0.600000,0
0.6,-2.813964e-06,1.117818,4.999820e+18,2.000072e+01,0.600000,0.600000,0
0.6,-2.612760e-06,1.117816,4.999481e+18,2.000208e+01,0.600000,0.600000,0
0.6,-2.426461e-06,1.117811,4.998606e+18,2.000558e+01,0.600000,0.600000,0
0.6,-2.253961e-06,1.117801,4.996506e+18,2.001399e+01,0.600000,0.600000,0
0.6,-2.094239e-06,1.117776,4.991793e+18,2.003288e+01,0.600000,0.600000,0
0.6,-1.946348e-06,1.117725,4.981865e+18,2.007280e+01,0.600000,0.600000,0
0.6,-1.809413e-06,1.117622,4.962181e+18,2.015243e+01,0.600000,0.600000,0
0.6,-1.682620e-06,1.117430,4.925358e+18,2.030309e+01,0.600000,0.600000,0
0.6,-1.565220e-06,1.117086,4.860297e+18,2.057488e+01,0.600000,0.600000,0
0.6,-1.456516e-06,1.116502,4.751764e+18,2.104482e+01,0.600000,0.600000,0
0.6,-1.355864e-06,1.115557,4.581189e+18,2.182839e+01,0.600000,0.600000,0
0.6,-1.262667e-06,1.114097,4.329607e+18,2.309679e+01,0.600000,0.600000,0
0.6,-1.176375e-06,1.111942,3.983335e+18,2.510459e+01,0.600000,0.600000,0
0.6,-1.096474e-06,1.108903,3.541512e+18,2.823652e+01,0.600000,0.600000,0
0.6,-1.022492e-06,1.104805,3.022334e+18,3.308701e+01,0.600000,0.600000,0
0.6,-9.539897e-07,1.099517,2.463315e+18,4.059570e+01,0.600000,0.600000,0
0.6,-8.905619e-07,1.092980,1.912939e+18,5.227557e+01,0.600000,0.600000,0
0.6,-8.318324e-07,1.085215,1.416596e+18,7.059174e+01,0.600000,0.600000,0
0.6,-7.774533e-07,1.076320,1.004204e+18,9.958137e+01,0.600000,0.600000,0
0.6,-7.271023e-07,1.066455,6.856355e+17,1.458501e+02,0.600000,0.600000,0
0.6,-6.804810e-07,1.055812,4.542576e+17,2.201394e+02,0.600000,0.600000,0
0.6,-6.373131e-07,1.044595,2.943512e+17,3.397302e+02,0.600000,0.600000,0
0.6,-5.973428e-07,1.033000,1.879637e+17,5.320177e+02,0.600000,0.600000,0
0.6,-5.603333e-07,1.021203,1.190972e+17,8.396506e+02,0.600000,0.600000,0
0.6,-5.260653e-07,1.009359,7.532184e+16,1.327636e+03,0.600000,0.600000,0
0.6,-4.943356e-07,0.997594,4.778402e+16,2.092750e+03,0.600000,0.600000,0
0.6,-4.649562e-07,0.986013,3.053053e+16,3.275410e+03,0.600000,0.600000,0
0.6,-4.377531e-07,0.974699,1.970880e+16,5.073876e+03,0.600000,0.600000,0
0.6,-4.125651e-07,0.963714,1.288629e+16,7.760187e+03,0.600000,0.600000,0
0.6,-3.892428e-07,0.953107,8.549383e+15,1.169675e+04,0.600000,0.600000,0
0.6,-3.676481e-07,0.942911,5.763040e+15,1.735195e+04,0.600000,0.600000,0
0.6,-3.476530e-07,0.933149,3.950580e+15,2.531274e+04,0.600000,0.600000,0
0.6,-3.291391e-07,0.923835,2.755436e+15,3.629190e+04,0.600000,0.600000,0
0.6,-3.119965e-07,0.914975,1.955879e+15,5.112790e+04,0.600000,0.600000,0
0.6,-2.961238e-07,0.906568,1.412918e+15,7.077551e+04,0.600000,0.600000,0
0.6,-2.814268e-07,0.898611,1.038570e+15,9.628626e+04,0.600000,0.600000,0
0.6,-2.678185e-07,0.891093,7.765246e+14,1.287789e+05,0.600000,0.600000,0
0.6,-2.552182e-07,0.884006,5.903155e+14,1.694009e+05,0.600000,0.600000,0
0.6,-2.435512e-07,0.877333,4.560311e+14,2.192833e+05,0.600000,0.600000,0
0.6,-2.327485e-07,0.871061,3.577924e+14,2.794917e+05,0.600000,0.600000,0
0.6,-2.227460e-07,0.865174,2.849187e+14,3.509773e+05,0.600000,0.600000,0
0.6,-2.134844e-07,0.859653,2.301328e+14,4.345317e+05,0.600000,0.600000,0
0.6,-2.049088e-07,0.854482,1.884137e+14,5.307470e+05,0.600000,0.600000,0
0.6,-1.969685e-07,0.849644,1.562533e+14,6.399866e+05,0.600000,0.600000,0
0.6,-1.896164e-07,0.845120,1.311706e+14,7.623660e+05,0.600000,0.600000,0
0.6,-1.828088e-07,0.840894,1.113902e+14,8.977453e+05,0.600000,0.600000,0
0.6,-1.765055e-07,0.836950,9.562665e+13,1.045734e+06,0.600000,0.600000,0
0.6,-1.706692e-07,0.833270,8.293914e+13,1.205703e+06,0.600000,0.600000,0
0.6,-1.652651e-07,0.829839,7.263147e+13,1.376814e+06,0.600000,0.600000,0
0.6,-1.602614e-07,0.826642,6.418316e+13,1.558041e+06,0.600000,0.600000,0
0.6,-1.556283e-07,0.823665,5.720123e+13,1.748214e+06,0.600000,0.600000,0
0.6,-1.513384e-07,0.820893,5.138613e+13,1.946050e+06,0.600000,0.600000,0
0.6,-1.473662e-07,0.818314,4.650741e+13,2.150195e+06,0.600000,0.600000,0
0.6,-1.436883e-07,0.815916,4.238623e+13,2.359257e+06,0.600000,0.600000,0
0.6,-1.402828e-07,0.813685,3.888264e+13,2.571842e+06,0.600000,0.600000,0
0.6,-1.371296e-07,0.811612,3.588623e+13,2.786584e+06,0.600000,0.600000,0
0.6,-1.342100e-07,0.809686,3.330923e+13,3.002171e+06,0.600000,0.600000,0
0.6,-1.315066e-07,0.807896,3.108135e+13,3.217363e+06,0.600000,0.600000,0
0.6,-1.290035e-07,0.806234,2.914591e+13,3.431013e+06,0.600000,0.600000,0
0.6,-1.266858e-07,0.804691,2.745687e+13,3.642076e+06,0.600000,0.600000,0
0.6,-1.245398e-07,0.803258,2.597662e+13,3.849615e+06,0.600000,0.600000,0
0.6,-1.225527e-07,0.801928,2.467425e+13,4.052809e+06,0.600000,0.600000,0
0.6,-1.207128e-07,0.800694,2.352416e+13,4.250949e+06,0.600000,0.600000,0
0.6,-1.190093e-07,0.799549,2.250508e+13,4.443441e+06,0.600000,0.600000,0
0.6,-1.174319e-07,0.798487,2.159923e+13,4.629796e+06,0.600000,0.600000,0
0.6,-1.159713e-07,0.797502,2.079163e+13,4.809627e+06,0.600000,0.600000,0
0.6,-1.146190e-07,0.796588,2.006967e+13,4.982643e+06,0.600000,0.600000,0
0.6,-1.133668e-07,0.795741,1.942261e+13,5.148639e+06,0.600000,0.600000,0
0.6,-1.122074e-07,0.794956,1.884131e+13,5.307487e+06,0.600000,0.600000,0
0.6,-1.111338e-07,0.794227,1.831793e+13,5.459131e+06,0.600000,0.600000,0
0.6,-1.101398e-07,0.793552,1.784575e+13,5.603575e+06,0.600000,0.600000,0
0.6,-1.092194e-07,0.792926,1.741894e+13,5.740876e+06,0.600000,0.600000,0
0.6,-1.083672e-07,0.792346,1.703247e+13,5.871138e+06,0.600000,0.600000,0
0.6,-1.075781e-07,0.791809,1.668196e+13,5.994500e+06,0.600000,0.600000,0
0.6,-1.068474e-07,0.791311,1.636357e+13,6.111135e+06,0.600000,0.600000,0
0.6,-1.061709e-07,0.790849,1.607396e+13,6.221243e+06,0.600000,0.600000,0
0.6,-1.055445e-07,0.790421,1.581018e+13,6.325039e+06,0.600000,0.600000,0
0.6,-1.049645e-07,0.790025,1.556964e+13,6.422757e+06,0.600000,0.600000,0
0.6,-1.044275e-07,0.789658,1.535004e+13,6.514641e+06,0.600000,0.600000,0
0.6,-1.039302e-07,0.789318,1.514935e+13,6.600942e+06,0.600000,0.600000,0
0.6,-1.034698e-07,0.789002,1.496578e+13,6.681912e+06,0.600000,0.600000,0
0.6,-1.030435e-07,0.788710,1.479770e+13,6.757809e+06,0.600000,0.600000,0
0.6,-1.026487e-07,0.788440,1.464368e+13,6.828885e+06,0.600000,0.600000,0
0.6,-1.022832e-07,0.788189,1.450244e+13,6.895391e+06,0.600000,0.600000,0
0.6,-1.019448e-07,0.787957,1.437283e+13,6.957572e+06,0.600000,0.600000,0
0.6,-1.016315e-07,0.787742,1.425381e+13,7.015670e+06,0.600000,0.600000,0
0.6,-1.013413e-07,0.787543,1.414444e+13,7.069914e+06,0.600000,0.600000,0
0.6,-1.010727e-07,0.787359,1.404390e+13,7.120531e+06,0.600000,0.600000,0
0.6,-1.008239e-07,0.787188,1.395141e+13,7.167734e+06,0.600000,0.600000,0
0.6,-1.005936e-07,0.787030,1.386629e+13,7.211733e+06,0.600000,0.600000,0
0.6,-1.003803e-07,0.786883,1.378793e+13,7.252723e+06,0.600000,0.600000,0
0.6,-1.001828e-07,0.786747,1.371574e+13,7.290893e+06,0.600000,0.600000,0
0.6,-9.285714e-08,0.771581,0.000000e+00,0.000000e+00,nan,nan,1
0.6,-8.571429e-08,0.756793,0.000000e+00,0.000000e+00,nan,nan,1
0.6,-7.857143e-08,0.742005,0.000000e+00,0.000000e+00,nan,nan,1
0.6,-7.142857e-08,0.727217,0.000000e+00,0.000000e+00,nan,nan,1
0.6,-6.428571e-08,0.712429,0.000000e+00,0.000000e+00,nan,nan,1
0.6,-5.714286e-08,0.697641,0.000000e+00,0.000000e+00,nan,nan,1
0.6,-5.000000e-08,0.682853,0.000000e+00,0.000000e+00,nan,nan,1
0.6,-4.285714e-08,0.668065,0.000000e+00,0.000000e+00,nan,nan,1
0.6,-3.571429e-08,0.653277,0.000000e+00,0.000000e+00,nan,nan,1
0.6,-2.857143e-08,0.638489,0.000000e+00,0.000000e+00,nan,nan,1
0.6,-2.142857e-08,0.623701,0.000000e+00,0.000000e+00,nan,nan,1
0.6,-1.428571e-08,0.608913,0.000000e+00,0.000000e+00,nan,nan,1
0.6,-7.142857e-09,0.594126,0.000000e+00,0.000000e+00,nan,nan,1
0.6,-0.000000e+00,0.579338,5.400610e+19,1.851643e+00,0.000000,0.000000,0
0.6,4.088455e-09,0.576708,4.878278e+19,2.049904e+00,0.000000,0.000000,0
0.6,8.503985e-09,0.574010,4.394771e+19,2.275431e+00,0.000000,0.000000,0
0.6,1.327276e-08,0.571244,3.948941e+19,2.532325e+00,0.000000,0.000000,0
0.6,1.842303e-08,0.568414,3.539402e+19,2.825336e+00,0.000000,0.000000,0
0.6,2.398533e-08,0.565520,3.164577e+19,3.159980e+00,0.000000,0.000000,0
0.6,2.999261e-08,0.562565,2.822737e+19,3.542661e+00,0.000000,0.000000,0
0.6,3.648048e-08,0.559550,2.512044e+19,3.980822e+00,0.000000,0.000000,0
0.6,4.348737e-08,0.556478,2.230589e+19,4.483120e+00,0.000000,0.000000,0
0.6,5.105481e-08,0.553351,1.976427e+19,5.059636e+00,0.000000,0.000000,0
0.6,5.922765e-08,0.550170,1.747605e+19,5.722117e+00,0.000000,0.000000,0
0.6,6.805432e-08,0.546937,1.542195e+19,6.484263e+00,0.000000,0.000000,0
0.6,7.758712e-08,0.543655,1.358313e+19,7.362075e+00,0.000000,0.000000,0
0.6,8.788254e-08,0.540325,1.194136e+19,8.374255e+00,0.000000,0.000000,0
0.6,9.900160e-08,0.536948,1.047922e+19,9.542694e+00,0.000000,0.000000,0
0.6,1.110102e-07,0.533526,9.180169e+18,1.089305e+01,0.000000,0.000000,0
0.6,1.239795e-07,0.530062,8.028632e+18,1.245542e+01,0.000000,0.000000,0
0.6,1.379863e-07,0.526554,7.010057e+18,1.426522e+01,0.000000,0.000000,0
0.6,1.531136e-07,0.523006,6.110927e+18,1.636413e+01,0.000000,0.000000,0
0.6,1.694512e-07,0.519416,5.318769e+18,1.880134e+01,0.000000,0.000000,0
0.6,1.870957e-07,0.515787,4.622130e+18,2.163504e+01,0.000000,0.000000,0
0.6,2.061518e-07,0.512118,4.010553e+18,2.493422e+01,0.000000,0.000000,0
0.6,2.267324e-07,0.508409,3.474528e+18,2.878088e+01,0.000000,0.000000,0
0.6,2.489595e-07,0.504660,3.005453e+18,3.327285e+01,0.000000,0.000000,0
0.6,2.729647e-07,0.500869,2.595569e+18,3.852719e+01,0.000000,0.000000,0
0.6,2.988903e-07,0.497036,2.237911e+18,4.468454e+01,-0.000000,-0.000000,0
0.6,3.268900e-07,0.493159,1.926242e+18,5.191455e+01,0.000000,0.000000,0
0.6,3.571296e-07,0.489236,1.655001e+18,6.042291e+01,0.000000,0.000000,0
0.6,3.897885e-07,0.485263,1.419240e+18,7.046022e+01,-0.000000,-0.000000,0
0.6,4.250600e-07,0.481237,1.214571e+18,8.233361e+01,0.000000,0.000000,0
0.6,4.631533e-07,0.477153,1.037110e+18,9.642176e+01,0.000000,0.000000,0
0.6,5.042940e-07,0.473007,8.834325e+17,1.131948e+02,0.000000,0.000000,0
0.6,5.487259e-07,0.468792,7.505206e+17,1.332408e+02,-0.000000,-0.000000,0
0.6,5.967125e-07,0.464501,6.357239e+17,1.573010e+02,0.000000,0.000000,0
0.6,6.485379e-07,0.460124,5.367179e+17,1.863176e+02,0.000000,0.000000,0
0.6,7.045094e-07,0.455653,4.514681e+17,2.214996e+02,0.000000,0.000000,0
0.6,7.649586e-07,0.451074,3.781964e+17,2.644129e+02,0.000000,0.000000,0
0.6,8.302438e-07,0.446376,3.153513e+17,3.171067e+02,0.000000,0.000000,0
0.6,9.007517e-07,0.441544,2.615801e+17,3.822921e+02,0.000000,0.000000,0
0.6,9.769003e-07,0.436558,2.157047e+17,4.635968e+02,0.000000,0.000000,0
0.6,1.059141e-06,0.431402,1.766990e+17,5.659341e+02,0.000000,0.000000,0
0.6,1.147961e-06,0.426052,1.436692e+17,6.960433e+02,-0.000000,-0.000000,0
0.6,1.243886e-06,0.420485,1.158354e+17,8.632938e+02,0.000000,0.000000,0
0.6,1.347485e-06,0.414674,9.251589e+16,1.080895e+03,0.000000,0.000000,0
0.6,1.459372e-06,0.408589,7.311259e+16,1.367753e+03,0.000000,0.000000,0
0.6,1.580211e-06,0.402198,5.709873e+16,1.751352e+03,0.000000,0.000000,0
0.6,1.710716e-06,0.395466,4.400790e+16,2.272319e+03,0.000000,0.000000,0
0.6,1.851662e-06,0.388355,3.342501e+16,2.991772e+03,0.000000,0.000000,0
0.6,2.003883e-06,0.380825,2.497889e+16,4.003380e+03,0.000000,0.000000,0
0.6,2.168282e-06,0.372833,1.833666e+16,5.453557e+03,0.000000,0.000000,0
0.6,2.345833e-06,0.364335,1.319964e+16,7.575967e+03,0.000000,0.000000,0
0.6,2.537588e-06,0.355285,9.300736e+15,1.075184e+04,0.000000,0.000000,0
0.6,2.744684e-06,0.345633,6.402951e+15,1.561780e+04,0.000000,0.000000,0
0.6,2.968347e-06,0.335332,4.298580e+15,2.326350e+04,0.000000,0.000000,0
0.6,3.209903e-06,0.324331,2.808749e+15,3.560304e+04,0.000000,0.000000,0
0.6,3.470784e-06,0.312579,1.782776e+15,5.609229e+04,0.000000,0.000000,0
0.6,3.752535e-06,0.300027,1.097053e+15,9.115328e+04,0.000000,0.000000,0
0.6,4.056826e-06,0.286623,6.532205e+14,1.530877e+05,0.000000,0.000000,0
0.6,4.385461e-06,0.272319,3.756272e+14,2.662214e+05,0.000000,0.000000,0
0.6,4.740386e-06,0.257065,2.082093e+14,4.802858e+05,0.000000,0.000000,0
0.6,5.123706e-06,0.240814,1.110441e+14,9.005429e+05,0.000000,0.000000,0
0.6,5.537690e-06,0.223521,5.688347e+13,1.757980e+06,-0.000000,-0.000000,0
0.6,5.984794e-06,0.205144,2.794253e+13,3.578775e+06,0.000000,0.000000,0
0.6,6.467666e-06,0.185645,1.314309e+13,7.608560e+06,0.000000,0.000000,0
0.6,6.989168e-06,0.164992,5.912039e+12,1.691464e+07,0.000000,0.000000,0
0.6,7.552390e-06,0.143159,2.540748e+12,3.935849e+07,0.000000,0.000000,0
0.6,8.160669e-06,0.120130,1.042565e+12,9.591725e+07,0.000000,0.000000,0
0.6,8.817611e-06,0.095903,4.084089e+11,2.448527e+08,0.000000,0.000000,0
0.6,9.527109e-06,0.070487,1.527993e+11,6.544533e+08,0.000000,0.000000,0
0.6,1.029337e-05,0.043911,5.466129e+10,1.829448e+09,0.000000,0.000000,0
0.6,1.112092e-05,0.016230,1.873517e+10,5.337554e+09,0.000000,0.000000,0
0.6,1.201469e-05,-0.012476,6.171910e+09,1.620244e+10,-0.000000,0.000000,0
0.6,1.297995e-05,-0.042090,1.962970e+09,5.094321e+10,0.000000,0.000000,0
0.6,1.402243e-05,-0.072456,6.064535e+08,1.648931e+11,0.000000,0.000000,0
0.6,1.514832e-05,-0.103363,1.834790e+08,5.450216e+11,0.000000,0.000000,0
0.6,1.636427e-05,-0.134540,5.493238e+07,1.820420e+12,0.000000,0.000000,0
0.6,1.767750e-05,-0.165644,1.649338e+07,6.063039e+12,0.000000,0.000000,0
0.6,1.909579e-05,-0.196242,5.049941e+06,1.980221e+13,0.000000,0.000000,0
0.6,2.062754e-05,-0.225800,1.609633e+06,6.212598e+13,0.000000,0.000000,0
0.6,2.228183e-05,-0.253673,5.476297e+05,1.826051e+14,0.000000,0.000000,0
0.6,2.406847e-05,-0.279108,2.047354e+05,4.884352e+14,0.000000,0.000000,0
0.6,2.599803e-05,-0.301304,8.675972e+04,1.152609e+15,0.000000,0.000000,0
0.6,2.808196e-05,-0.319553,4.282950e+04,2.334839e+15,0.000000,0.000000,0
0.6,3.033261e-05,-0.333480,2.499106e+04,4.001430e+15,0.000000,0.000000,0
0.6,3.276331e-05,-0.343242,1.713095e+04,5.837387e+15,0.000000,0.000000,0
0.6,3.538846e-05,-0.349514,1.344093e+04,7.439961e+15,0.000000,0.000000,0
0.6,3.822363e-05,-0.353222,1.164485e+04,8.587490e+15,0.000000,0.000000,0
0.6,4.128560e-05,-0.355254,1.076436e+04,9.289914e+15,0.000000,0.000000,0
0.6,4.459254e-05,-0.356293,1.034046e+04,9.670754e+15,0.000000,0.000000,0
0.6,4.816403e-05,-0.356789,1.014384e+04,9.858195e+15,0.000000,0.000000,0
0.6,5.202124e-05,-0.357011,1.005720e+04,9.943125e+15,0.000000,0.000000,0
0.6,5.618703e-05,-0.357104,1.002127e+04,9.978771e+15,0.000000,0.000000,0
0.6,6.068608e-05,-0.357140,1.000736e+04,9.992645e+15,0.000000,0.000000,0
0.6,6.554506e-05,-0.357152,1.000236e+04,9.997643e+15,0.000000,0.000000,0
0.6,7.079275e-05,-0.357157,1.000070e+04,9.999304e+15,0.000000,0.000000,0
0.6,7.646026e-05,-0.357158,1.000019e+04,9.999812e+15,0.000000,0.000000,0
0.6,8.258117e-05,-0.357158,1.000005e+04,9.999954e+15,0.000000,0.000000,0
0.6,8.919175e-05,-0.357159,1.000001e+04,9.999990e+15,0.000000,0.000000,0
0.6,9.633118e-05,-0.357159,1.000000e+04,9.999998e+15,0.000000,0.000000,0
0.6,1.040418e-04,-0.357159,1.000000e+04,1.000000e+16,0.000000,0.000000,0
0.6,1.123692e-04,-0.357159,1.000000e+04,1.000000e+16,0.000000,0.000000,0
0.6,1.213628e-04,-0.357159,1.000000e+04,1.000000e+16,0.000000,0.000000,0
0.6,1.310759e-04,-0.357159,1.000000e+04,1.000000e+16,0.000000,0.000000,0
0.6,1.415661e-04,-0.357159,1.000000e+04,1.000000e+16,0.000000,0.000000,0
0.6,1.528955e-04,-0.357159,1.000000e+04,1.000000e+16,0.000000,0.000000,0
0.6,1.651312e-04,-0.357159,1.000000e+04,1.000000e+16,0.000000,0.000000,0
0.6,1.783458e-04,-0.357159,1.000000e+04,1.000000e+16,0.000000,0.000000,0
0.6,1.926175e-04,-0.357159,1.000000e+04,1.000000e+16,0.000000,0.000000,0
0.6,2.000000e-04,-0.357159,1.000000e+04,1.000000e+16,0.000000,0.000000,0
0.9,-2.001000e-04,1.417819,5.000000e+18,2.000000e+01,0.900000,0.900000,0
0.9,-1.992325e-04,1.417819,5.000000e+18,2.000000e+01,0.900000,0.900000,0
0.9,-1.983183e-04,1.417819,5.000000e+18,2.000000e+01,0.900000,0.900000,0
0.9,-1.974041e-04,1.417819,5.000000e+18,2.000000e+01,0.900000,0.900000,0
0.9,-1.964899e-04,1.417819,5.000000e+18,2.000000e+01,0.900000,0.900000,0
0.9,-1.955757e-04,1.417819,5.000000e+18,2.000000e+01,0.900000,0.900000,0
0.9,-1.946615e-04,1.417819,5.000000e+18,2.000000e+01,0.900000,0.900000,0
0.9,-1.937473e-04,1.417819,5.000000e+18,2.000000e+01,0.900000,0.900000,0
0.9,-1.928331e-04,1.417819,5.000000e+18,2.000000e+01,0.900000,0.900000,0
0.9,-1.919189e-04,1.417819,5.000000e+18,2.000000e+01,0.900000,0.900000,0
0.9,-1.910047e-04,1.417819,5.000000e+18,2.000000e+01,0.900000,0.900000,0
0.9,-1.900904e-04,1.417819,5.000000e+18,2.000000e+01,0.900000,0.900000,0
0.9,-1.891762e-04,1.417819,5.000000e+18,2.000000e+01,0.900000,0.900000,0
0.9,-1.882620e-04,1.417819,5.000000e+18,2.000000e+01,0.900000,0.900000,0
0.9,-1.873478e-04,1.417819,5.000000e+18,2.000000e+01,0.900000,0.900000,0
0.9,-1.864336e-04,1.417819,5.000000e+18,2.000000e+01,0.900000,0.900000,0
0.9,-1.855194e-04,1.417819,5.000000e+18,2.000000e+01,0.900000,0.900000,0
0.9,-1.846052e-04,1.417819,5.000000e+18,2.000000e+01,0.900000,0.900000,0
0.9,-1.836910e-04,1.417819,5.000000e+18,2.000000e+01,0.900000,0.900000,0
0.9,-1.827768e-04,1.417819,5.000000e+18,2.000000e+01,0.900000,0.900000,0
0.9,-1.818626e-04,1.417819,5.000000e+18,2.000000e+01,0.900000,0.900000,0
0.9,-1.809484e-04,1.417819,5.000000e+18,2.000000e+01,0.900000,0.900000,0
0.9,-1.800342e-04,1.417819,5.000000e+18,2.000000e+01,0.900000,0.900000,0
0.9,-1.791200e-04,1.417819,5.000000e+18,2.000000e+01,0.900000,0.900000,0
0.9,-1.782058e-04,1.417819,5.000000e+18,2.000000e+01,0.900000,0.900000,0
0.9,-1.772916e-04,1.417819,5.000000e+18,2.000000e+01,0.900000,0.900000,0
0.9,-1.763774e-04,1.417819,5.000000e+18,2.000000e+01,0.900000,0.900000,0
0.9,-1.754631e-04,1.417819,5.000000e+18,2.000000e+01,0.900000,0.900000,0
0.9,-1.745489e-04,1.417819,5.000000e+18,2.000000e+01,0.900000,0.900000,0
0.9,-1.736347e-04,1.417819,5.000000e+18,2.000000e+01,0.900000,0.900000,0
0.9,-1.727205e-04,1.417819,5.000000e+18,2.000000e+01,0.900000,0.900000,0
0.9,-1.718063e-04,1.417819,5.000000e+18,2.000000e+01,0.900000,0.900000,0
0.9,-1.708921e-04,1.417819,5.000000e+18,2.000000e+01,0.900000,0.900000,0
0.9,-1.699779e-04,1.417819,5.000000e+18,2.000000e+01,0.900000,0.900000,0
0.9,-1.690637e-04,1.417819,5.000000e+18,2.000000e+01,0.900000,0.900000,0
0.9,-1.681495e-04,1.417819,5.000000e+18,2.000000e+01,0.900000,0.900000,0
0.9,-1.672353e-04,1.417819,5.000000e+18,2.000000e+01,0.900000,0.900000,0
0.9,-1.663211e-04,1.417819,5.000000e+18,2.000000e+01,0.900000,0.900000,0
0.9,-1.654069e-04,1.417819,5.000000e+18,2.000000e+01,0.900000,0.900000,0
0.9,-1.644927e-04,1.417819,5.000000e+18,2.000000e+01,0.900000,0.900000,0
0.9,-1.635785e-04,1.417819,5.000000e+18,2.000000e+01,0.900000,0.900000,0
0.9,-1.626643e-04,1.417819,5.000000e+18,2.000000e+01,0.900000,0.900000,0
0.9,-1.617501e-04,1.417819,5.000000e+18,2.000000e+01,0.900000,0.900000,0
0.9,-1.608359e-04,1.417819,5.000000e+18,2.000000e+01,0.900000,0.900000,0
0.9,-1.599216e-04,1.417819,5.000000e+18,2.000000e+01,0.900000,0.900000,0
0.9,-1.590074e-04,1.417819,5.000000e+18,2.000000e+01,0.900000,0.900000,0
0.9,-1.580932e-04,1.417819,5.000000e+18,2.000000e+01,0.900000,0.900000,0
0.9,-1.571790e-04,1.417819,5.000000e+18,2.000000e+01,0.900000,0.900000,0
0.9,-1.562648e-04,1.417819,5.000000e+18,2.000000e+01,0.900000,0.900000,0
0.9,-1.553506e-04,1.417819,5.000000e+18,2.000000e+01,0.900000,0.900000,0
0.9,-1.544364e-04,1.417819,5.000000e+18,2.000000e+01,0.900000,0.900000,0
0.9,-1.535222e-04,1.417819,5.000000e+18,2.000000e+01,0.900000,0.900000,0
0.9,-1.526080e-04,1.417819,5.000000e+18,2.000000e+01,0.900000,0.900000,0
0.9,-1.516938e-04,1.417819,5.000000e+18,2.000000e+01,0.900000,0.900000,0
0.9,-1.507796e-04,1.417819,5.000000e+18,2.000000e+01,0.900000,0.900000,0
0.9,-1.498654e-04,1.417819,5.000000e+18,2.000000e+01,0.900000,0.900000,0
0.9,-1.489512e-04,1.417819,5.000000e+18,2.000000e+01,0.900000,0.900000,0
0.9,-1.480370e-04,1.417819,5.000000e+18,2.000000e+01,0.900000,0.900000,0
0.9,-1.471228e-04,1.417819,5.000000e+18,2.000000e+01,0.900000,0.900000,0
0.9,-1.462086e-04,1.417819,5.000000e+18,2.000000e+01,0.900000,0.900000,0
0.9,-1.452943e-04,1.417819,5.000000e+18,2.000000e+01,0.900000,0.900000,0
0.9,-1.443801e-04,1.417819,5.000000e+18,2.000000e+01,0.900000,0.900000,0
0.9,-1.434659e-04,1.417819,5.000000e+18,2.000000e+01,0.900000,0.900000,0
0.9,-1.425517e-04,1.417819,5.000000e+18,2.000000e+01,0.900000,0.900000,0
0.9,-1.416375e-04,1.417819,5.000000e+18,2.000000e+01,0.900000,0.900000,0
0.9,-1.407233e-04,1.417819,5.000000e+18,2.000000e+01,0.900000,0.900000,0
0.9,-1.398091e-04,1.417819,5.000000e+18,2.000000e+01,0.900000,0.900000,0
0.9,-1.388949e-04,1.417819,5.000000e+18,2.000000e+01,0.900000,0.900000,0
0.9,-1.379807e-04,1.417819,5.000000e+18,2.000000e+01,0.900000,0.900000,0
0.9,-1.370665e-04,1.417819,5.000000e+18,2.000000e+01,0.900000,0.900000,0
0.9,-1.361523e-04,1.417819,5.000000e+18,2.000000e+01,0.900000,0.900000,0
0.9,-1.352381e-04,1.417819,5.000000e+18,2.000000e+01,0.900000,0.900000,0
0.9,-1.343239e-04,1.417819,5.000000e+18,2.000000e+01,0.900000,0.900000,0
0.9,-1.334097e-04,1.417819,5.000000e+18,2.000000e+01,0.900000,0.900000,0
0.9,-1.324955e-04,1.417819,5.000000e+18,2.000000e+01,0.900000,0.900000,0
0.9,-1.315813e-04,1.417819,5.000000e+18,2.000000e+01,0.900000,0.900000,0
0.9,-1.306670e-04,1.417819,5.000000e+18,2.000000e+01,0.900000,0.900000,0
0.9,-1.297528e-04,1.417819,5.000000e+18,2.000000e+01,0.900000,0.900000,0
0.9,-1.288386e-04,1.417819,5.000000e+18,2.000000e+01,0.900000,0.900000,0
0.9,-1.279244e-04,1.417819,5.000000e+18,2.000000e+01,0.900000,0.900000,0
0.9,-1.270102e-04,1.417819,5.000000e+18,2.000000e+01,0.900000,0.900000,0
0.9,-1.260960e-04,1.417819,5.000000e+18,2.000000e+01,0.900000,0.900000,0
0.9,-1.251818e-04,1.417819,5.000000e+18,2.000000e+01,0.900000,0.900000,0
0.9,-1.242676e-04,1.417819,5.000000e+18,2.000000e+01,0.900000,0.900000,0
0.9,-1.233534e-04,1.417819,5.000000e+18,2.000000e+01,0.900000,0.900000,0
0.9,-1.224392e-04,1.417819,5.000000e+18,2.000000e+01,0.900000,0.900000,0
0.9,-1.215250e-04,1.417819,5.000000e+18,2.000000e+01,0.900000,0.900000,0
0.9,-1.206108e-04,1.417819,5.000000e+18,2.000000e+01,0.900000,0.900000,0
0.9,-1.196966e-04,1.417819,5.000000e+18,2.000000e+01,0.900000,0.900000,0
0.9,-1.187824e-04,1.417819,5.000000e+18,2.000000e+01,0.900000,0.900000,0
0.9,-1.178682e-04,1.417819,5.000000e+18,2.000000e+01,0.900000,0.900000,0
0.9,-1.169540e-04,1.417819,5.000000e+18,2.000000e+01,0.900000,0.900000,0
0.9,-1.160397e-04,1.417819,5.000000e+18,2.000000e+01,0.900000,0.900000,0
0.9,-1.151255e-04,1.417819,5.000000e+18,2.000000e+01,0.900000,0.900000,0
0.9,-1.142113e-04,1.417819,5.000000e+18,2.000000e+01,0.900000,0.900000,0
0.9,-1.132971e-04,1.417819,5.000000e+18,2.000000e+01,0.900000,0.900000,0
0.9,-1.123829e-04,1.417819,5.000000e+18,2.000000e+01,0.900000,0.900000,0
0.9,-1.114687e-04,1.417819,5.000000e+18,2.000000e+01,0.900000,0.900000,0
0.9,-1.105545e-04,1.417819,5.000000e+18,2.000000e+01,0.900000,0.900000,0
0.9,-1.096403e-04,1.417819,5.000000e+18,2.000000e+01,0.900000,0.900000,0
0.9,-1.087261e-04,1.417819,5.000000e+18,2.000000e+01,0.900000,0.900000,0
0.9,-1.078119e-04,1.417819,5.000000e+18,2.000000e+01,0.900000,0.900000,0
0.9,-1.068977e-04,1.417819,5.000000e+18,2.000000e+01,0.900000,0.900000,0
0.9,-1.059835e-04,1.417819,5.000000e+18,2.000000e+01,0.900000,0.900000,0
0.9,-1.050693e-04,1.417819,5.000000e+18,2.000000e+01,0.900000,0.900000,0
0.9,-1.041551e-04,1.417819,5.000000e+18,2.000000e+01,0.900000,0.900000,0
0.9,-1.032409e-04,1.417819,5.000000e+18,2.000000e+01,0.900000,0.900000,0
0.9,-1.023267e-04,1.417819,5.000000e+18,2.000000e+01,0.900000,0.900000,0
0.9,-1.014124e-04,1.417819,5.000000e+18,2.000000e+01,0.900000,0.900000,0
0.9,-1.004982e-04,1.417819,5.000000e+18,2.000000e+01,0.900000,0.900000,0
0.9,-9.958403e-05,1.417819,5.000000e+18,2.000000e+01,0.900000,0.900000,0
0.9,-9.866983e-05,1.417819,5.000000e+18,2.000000e+01,0.900000,0.900000,0
0.9,-9.775562e-05,1.417819,5.000000e+18,2.000000e+01,0.900000,0.900000,0
0.9,-9.684141e-05,1.417819,5.000000e+18,2.000000e+01,0.900000,0.900000,0
0.9,-9.592721e-05,1.417819,5.000000e+18,2.000000e+01,0.900000,0.900000,0
0.9,-9.501300e-05,1.417819,5.000000e+18,2.000000e+01,0.900000,0.900000,0
0.9,-9.409880e-05,1.417819,5.000000e+18,2.000000e+01,0.900000,0.900000,0
0.9,-9.318459e-05,1.417819,5.000000e+18,2.000000e+01,0.900000,0.900000,0
0.9,-9.227038e-05,1.417819,5.000000e+18,2.000000e+01,0.900000,0.900000,0
0.9,-9.135618e-05,1.417819,5.000000e+18,2.000000e+01,0.900000,0.900000,0
0.9,-9.044197e-05,1.417819,5.000000e+18,2.000000e+01,0.900000,0.900000,0
0.9,-8.952776e-05,1.417819,5.000000e+18,2.000000e+01,0.900000,0.900000,0
0.9,-8.861356e-05,1.417819,5.000000e+18,2.000000e+01,0.900000,0.900000,0
0.9,-8.769935e-05,1.417819,5.000000e+18,2.000000e+01,0.900000,0.900000,0
0.9,-8.678515e-05,1.417819,5.000000e+18,2.000000e+01,0.900000,0.900000,0
0.9,-8.587094e-05,1.417819,5.000000e+18,2.000000e+01,0.900000,0.900000,0
0.9,-8.495673e-05,1.417819,5.000000e+18,2.000000e+01,0.900000,0.900000,0
0.9,-8.404253e-05,1.417819,5.000000e+18,2.000000e+01,0.900000,0.900000,0
0.9,-8.312832e-05,1.417819,5.000000e+18,2.000000e+01,0.900000,0.900000,0
0.9,-8.221412e-05,1.417819,5.000000e+18,2.000000e+01,0.900000,0.900000,0
0.9,-8.129991e-05,1.417819,5.000000e+18,2.000000e+01,0.900000,0.900000,0
0.9,-8.038570e-05,1.417819,5.000000e+18,2.000000e+01,0.900000,0.900000,0
0.9,-7.947150e-05,1.417819,5.000000e+18,2.000000e+01,0.900000,0.900000,0
0.9,-7.855729e-05,1.417819,5.000000e+18,2.000000e+01,0.900000,0.900000,0
0.9,-7.764308e-05,1.417819,5.000000e+18,2.000000e+01,0.900000,0.900000,0
0.9,-7.672888e-05,1.417819,5.000000e+18,2.000000e+01,0.900000,0.900000,0
0.9,-7.581467e-05,1.417819,5.000000e+18,2.000000e+01,0.900000,0.900000,0
0.9,-7.490047e-05,1.417819,5.000000e+18,2.000000e+01,0.900000,0.900000,0
0.9,-7.398626e-05,1.417819,5.000000e+18,2.000000e+01,0.900000,0.900000,0
0.9,-7.307205e-05,1.417819,5.000000e+18,2.000000e+01,0.900000,0.900000,0
0.9,-7.215785e-05,1.417819,5.000000e+18,2.000000e+01,0.900000,0.900000,0
0.9,-7.124364e-05,1.417819,5.000000e+18,2.000000e+01,0.900000,0.900000,0
0.9,-7.032943e-05,1.417819,5.000000e+18,2.000000e+01,0.900000,0.900000,0
0.9,-6.941523e-05,1.417819,5.000000e+18,2.000000e+01,0.900000,0.900000,0
0.9,-6.850102e-05,1.417819,5.000000e+18,2.000000e+01,0.900000,0.900000,0
0.9,-6.758682e-05,1.417819,5.000000e+18,2.000000e+01,0.900000,0.900000,0
0.9,-6.667261e-05,1.417819,5.000000e+18,2.000000e+01,0.900000,0.900000,0
0.9,-6.575840e-05,1.417819,5.000000e+18,2.000000e+01,0.900000,0.900000,0
0.9,-6.484420e-05,1.417819,5.000000e+18,2.000000e+01,0.900000,0.900000,0
0.9,-6.392999e-05,1.417819,5.000000e+18,2.000000e+01,0.900000,0.900000,0
0.9,-6.301578e-05,1.417819,5.000000e+18,2.000000e+01,0.900000,0.900000,0
0.9,-6.210158e-05,1.417819,5.000000e+18,2.000000e+01,0.900000,0.900000,0
0.9,-6.118737e-05,1.417819,5.000000e+18,2.000000e+01,0.900000,0.900000,0
0.9,-6.027317e-05,1.417819,5.000000e+18,2.000000e+01,0.900000,0.900000,0
0.9,-5.935896e-05,1.417819,5.000000e+18,2.000000e+01,0.900000,0.900000,0
0.9,-5.844475e-05,1.417819,5.000000e+18,2.000000e+01,0.900000,0.900000,0
0.9,-5.753055e-05,1.417819,5.000000e+18,2.000000e+01,0.900000,0.900000,0
0.9,-5.661634e-05,1.417819,5.000000e+18,2.000000e+01,0.900000,0.900000,0
0.9,-5.570213e-05,1.417819,5.000000e+18,2.000000e+01,0.900000,0.900000,0
0.9,-5.478793e-05,1.417819,5.000000e+18,2.000000e+01,0.900000,0.900000,0
0.9,-5.387372e-05,1.417819,5.000000e+18,2.000000e+01,0.900000,0.900000,0
0.9,-5.295952e-05,1.417819,5.000000e+18,2.000000e+01,0.900000,0.900000,0
0.9,-5.204531e-05,1.417819,5.000000e+18,2.000000e+01,0.900000,0.900000,0
0.9,-5.113110e-05,1.417819,5.000000e+18,2.000000e+01,0.900000,0.900000,0
0.9,-5.021690e-05,1.417819,5.000000e+18,2.000000e+01,0.900000,0.900000,0
0.9,-4.930269e-05,1.417819,5.000000e+18,2.000000e+01,0.900000,0.900000,0
0.9,-4.838848e-05,1.417819,5.000000e+18,2.000000e+01,0.900000,0.900000,0
0.9,-4.747428e-05,1.417819,5.000000e+18,2.000000e+01,0.900000,0.900000,0
0.9,-4.656007e-05,1.417819,5.000000e+18,2.000000e+01,0.900000,0.900000,0
0.9,-4.564587e-05,1.417819,5.000000e+18,2.000000e+01,0.900000,0.900000,0
0.9,-4.473166e-05,1.417819,5.000000e+18,2.000000e+01,0.900000,0.900000,0
0.9,-4.381745e-05,1.417819,5.000000e+18,2.000000e+01,0.900000,0.900000,0
0.9,-4.290325e-05,1.417819,5.000000e+18,2.000000e+01,0.900000,0.900000,0
0.9,-4.198904e-05,1.417819,5.000000e+18,2.000000e+01,0.900000,0.900000,0
0.9,-4.107484e-05,1.417819,5.000000e+18,2.000000e+01,0.900000,0.900000,0
0.9,-4.016063e-05,1.417819,5.000000e+18,2.000000e+01,0.900000,0.900000,0
0.9,-3.924642e-05,1.417819,5.000000e+18,2.000000e+01,0.900000,0.900000,0
0.9,-3.833222e-05,1.417819,5.000000e+18,2.000000e+01,0.900000,0.900000,0
0.9,-3.741801e-05,1.417819,5.000000e+18,2.000000e+01,0.900000,0.900000,0
0.9,-3.650380e-05,1.417819,5.000000e+18,2.000000e+01,0.900000,0.900000,0
0.9,-3.558960e-05,1.417819,5.000000e+18,2.000000e+01,0.900000,0.900000,0
0.9,-3.467539e-05,1.417819,5.000000e+18,2.000000e+01,0.900000,0.900000,0
0.9,-3.376119e-05,1.417819,5.000000e+18,2.000000e+01,0.900000,0.900000,0
0.9,-3.284698e-05,1.417819,5.000000e+18,2.000000e+01,0.900000,0.900000,0
0.9,-3.193277e-05,1.417819,5.000000e+18,2.000000e+01,0.900000,0.900000,0
0.9,-3.101857e-05,1.417819,5.000000e+18,2.000000e+01,0.900000,0.900000,0
0.9,-3.010436e-05,1.417819,5.000000e+18,2.000000e+01,0.900000,0.900000,0
0.9,-2.919015e-05,1.417819,5.000000e+18,2.000000e+01,0.900000,0.900000,0
0.9,-2.827595e-05,1.417819,5.000000e+18,2.000000e+01,0.900000,0.900000,0
0.9,-2.736174e-05,1.417819,5.000000e+18,2.000000e+01,0.900000,0.900000,0
0.9,-2.644754e-05,1.417819,5.000000e+18,2.000000e+01,0.900000,0.900000,0
0.9,-2.553333e-05,1.417819,5.000000e+18,2.000000e+01,0.900000,0.900000,0
0.9,-2.461912e-05,1.417819,5.000000e+18,2.000000e+01,0.900000,0.900000,0
0.9,-2.370492e-05,1.417819,5.000000e+18,2.000000e+01,0.900000,0.900000,0
0.9,-2.279071e-05,1.417819,5.000000e+18,2.000000e+01,0.900000,0.900000,0
0.9,-2.187650e-05,1.417819,5.000000e+18,2.000000e+01,0.900000,0.900000,0
0.9,-2.096230e-05,1.417819,5.000000e+18,2.000000e+01,0.900000,0.900000,0
0.9,-2.004809e-05,1.417819,5.000000e+18,2.000000e+01,0.900000,0.900000,0
0.9,-1.913389e-05,1.417819,5.000000e+18,2.000000e+01,0.900000,0.900000,0
0.9,-1.821968e-05,1.417819,5.000000e+18,2.000000e+01,0.900000,0.900000,0
0.9,-1.730547e-05,1.417819,5.000000e+18,2.000000e+01,0.900000,0.900000,0
0.9,-1.639127e-05,1.417819,5.000000e+18,2.000000e+01,0.900000,0.900000,0
0.9,-1.547706e-05,1.417819,5.000000e+18,2.000000e+01,0.900000,0.900000,0
0.9,-1.456285e-05,1.417819,5.000000e+18,2.000000e+01,0.900000,0.900000,0
0.9,-1.364865e-05,1.417819,5.000000e+18,2.000000e+01,0.900000,0.900000,0
0.9,-1.273444e-05,1.417819,5.000000e+18,2.000000e+01,0.900000,0.900000,0
0.9,-1.182024e-05,1.417819,5.000000e+18,2.000000e+01,0.900000,0.900000,0
0.9,-1.095190e-05,1.417819,5.000000e+18,2.000000e+01,0.900000,0.900000,0
0.9,-1.014789e-05,1.417819,5.000000e+18,2.000000e+01,0.900000,0.900000,0
0.9,-9.403430e-06,1.417819,5.000000e+18,2.000000e+01,0.900000,0.900000,0
0.9,-8.714118e-06,1.417819,5.000000e+18,2.000000e+01,0.900000,0.900000,0
0.9,-8.075866e-06,1.417819,5.000000e+18,2.000000e+01,0.900000,0.900000,0
0.9,-7.484892e-06,1.417819,5.000000e+18,2.000000e+01,0.900000,0.900000,0
0.9,-6.937693e-06,1.417819,5.000000e+18,2.000000e+01,0.900000,0.900000,0
0.9,-6.431028e-06,1.417819,5.000000e+18,2.000000e+01,0.900000,0.900000,0
0.9,-5.961894e-06,1.417819,5.000000e+18,2.000000e+01,0.900000,0.900000,0
0.9,-5.527510e-06,1.417819,5.000000e+18,2.000000e+01,0.900000,0.900000,0
0.9,-5.125303e-06,1.417819,5.000000e+18,2.000000e+01,0.900000,0.900000,0
0.9,-4.752889e-06,1.417819,5.000000e+18,2.000000e+01,0.900000,0.900000,0
0.9,-4.408061e-06,1.417819,5.000000e+18,2.000000e+01,0.900000,0.900000,0
0.9,-4.088776e-06,1.417819,4.999999e+18,2.000000e+01,0.900000,0.900000,0
0.9,-3.793142e-06,1.417819,4.999995e+18,2.000002e+01,0.900000,0.900000,0
0.9,-3.519407e-06,1.417819,4.999979e+18,2.000008e+01,0.900000,0.900000,0
0.9,-3.265948e-06,1.417818,4.999923e+18,2.000031e+01,0.900000,0.900000,0
0.9,-3.031264e-06,1.417817,4.999738e+18,2.000105e+01,0.900000,0.900000,0
0.9,-2.813964e-06,1.417814,4.999182e+18,2.000327e+01,0.900000,0.900000,0
0.9,-2.612760e-06,1.417806,4.997638e+18,2.000945e+01,0.900000,0.900000,0
0.9,-2.426461e-06,1.417786,4.993662e+18,2.002539e+01,0.900000,0.900000,0
0.9,-2.253961e-06,1.417736,4.984130e+18,2.006368e+01,0.900000,0.900000,0
0.9,-2.094239e-06,1.417626,4.962804e+18,2.014990e+01,0.900000,0.900000,0
0.9,-1.946348e-06,1.417392,4.918182e+18,2.033272e+01,0.900000,0.900000,0
0.9,-1.809413e-06,1.416929,4.830890e+18,2.070012e+01,0.900000,0.900000,0
0.9,-1.682620e-06,1.416063,4.671751e+18,2.140525e+01,0.900000,0.900000,0
0.9,-1.565220e-06,1.414534,4.403368e+18,2.270989e+01,0.900000,0.900000,0
0.9,-1.456516e-06,1.411983,3.989729e+18,2.506436e+01,0.900000,0.900000,0
0.9,-1.355864e-06,1.407976,3.416802e+18,2.926713e+01,0.900000,0.900000,0
0.9,-1.262667e-06,1.402053,2.717234e+18,3.680213e+01,0.900000,0.900000,0
0.9,-1.176375e-06,1.393836,1.977300e+18,5.057402e+01,0.900000,0.900000,0
0.9,-1.096474e-06,1.383123,1.306476e+18,7.654179e+01,0.900000,0.900000,0
0.9,-1.022492e-06,1.369951,7.849392e+17,1.273984e+02,0.900000,0.900000,0
0.9,-9.539897e-07,1.354574,4.330274e+17,2.309323e+02,0.900000,0.900000,0
0.9,-8.905619e-07,1.337381,2.226810e+17,4.490728e+02,0.900000,0.900000,0
0.9,-8.318324e-07,1.318811,1.085730e+17,9.210390e+02,0.900000,0.900000,0
0.9,-7.774533e-07,1.299290,5.102523e+16,1.959815e+03,0.900000,0.900000,0
0.9,-7.271023e-07,1.279197,2.345509e+16,4.263467e+03,0.900000,0.900000,0
0.9,-6.804810e-07,1.258853,1.067739e+16,9.365586e+03,0.900000,0.900000,0
0.9,-6.373131e-07,1.238520,4.862805e+15,2.056426e+04,0.900000,0.900000,0
0.9,-5.973428e-07,1.218410,2.233815e+15,4.476646e+04,0.900000,0.900000,0
0.9,-5.603333e-07,1.198688,1.041683e+15,9.599845e+04,0.900000,0.900000,0
0.9,-5.260653e-07,1.179483,4.955687e+14,2.017884e+05,0.900000,0.900000,0
0.9,-4.943356e-07,1.160891,2.414182e+14,4.142189e+05,0.900000,0.900000,0
0.9,-4.649562e-07,1.142982,1.207567e+14,8.281116e+05,0.900000,0.900000,0
0.9,-4.377531e-07,1.125804,6.213560e+13,1.609383e+06,0.900000,0.900000,0
0.9,-4.125651e-07,1.109389,3.292866e+13,3.036868e+06,0.900000,0.900000,0
0.9,-3.892428e-07,1.093752,1.798399e+13,5.560502e+06,0.900000,0.900000,0
0.9,-3.676481e-07,1.078898,1.012409e+13,9.877428e+06,0.900000,0.900000,0
0.9,-3.476530e-07,1.064823,5.873654e+12,1.702518e+07,0.900000,0.900000,0
0.9,-3.291391e-07,1.051515,3.510301e+12,2.848758e+07,0.900000,0.900000,0
0.9,-3.119965e-07,1.038957,2.159585e+12,4.630518e+07,0.900000,0.900000,0
0.9,-2.961238e-07,1.027126,1.366533e+12,7.317787e+07,0.900000,0.900000,0
0.9,-2.814268e-07,1.015998,8.885340e+11,1.125449e+08,0.900000,0.900000,0
0.9,-2.678185e-07,1.005545,5.930260e+11,1.686267e+08,0.900000,0.900000,0
0.9,-2.552182e-07,0.995738,4.058223e+11,2.464133e+08,0.900000,0.900000,0
0.9,-2.435512e-07,0.986549,2.844211e+11,3.515913e+08,0.900000,0.900000,0
0.9,-2.327485e-07,0.977947,2.039136e+11,4.904037e+08,0.900000,0.900000,0
0.9,-2.227460e-07,0.969901,1.493770e+11,6.694470e+08,0.900000,0.900000,0
0.9,-2.134844e-07,0.962382,1.116798e+11,8.954174e+08,0.900000,0.900000,0
0.9,-2.049088e-07,0.955361,8.511926e+10,1.174822e+09,0.900000,0.900000,0
0.9,-1.969685e-07,0.948810,6.606420e+10,1.513679e+09,0.900000,0.900000,0
0.9,-1.896164e-07,0.942700,5.215872e+10,1.917225e+09,0.900000,0.900000,0
0.9,-1.828088e-07,0.937005,4.184702e+10,2.389657e+09,0.900000,0.900000,0
0.9,-1.765055e-07,0.931701,3.408406e+10,2.933922e+09,0.900000,0.900000,0
0.9,-1.706692e-07,0.926762,2.815652e+10,3.551575e+09,0.900000,0.900000,0
0.9,-1.652651e-07,0.922165,2.356993e+10,4.242695e+09,0.900000,0.900000,0
0.9,-1.602614e-07,0.917889,1.997649e+10,5.005884e+09,0.900000,0.900000,0
0.9,-1.556283e-07,0.913912,1.712819e+10,5.838327e+09,0.900000,0.900000,0
0.9,-1.513384e-07,0.910215,1.484581e+10,6.735906e+09,0.900000,0.900000,0
0.9,-1.473662e-07,0.906779,1.299822e+10,7.693362e+09,0.900000,0.900000,0
0.9,-1.436883e-07,0.903587,1.148832e+10,8.704493e+09,0.900000,0.900000,0
0.9,-1.402828e-07,0.900622,1.024342e+10,9.762367e+09,0.900000,0.900000,0
0.9,-1.371296e-07,0.897868,9.208495e+09,1.085954e+10,0.900000,0.900000,0
0.9,-1.342100e-07,0.895312,8.341491e+09,1.198826e+10,0.900000,0.900000,0
0.9,-1.315066e-07,0.892939,7.609937e+09,1.314071e+10,0.900000,0.900000,0
0.9,-1.290035e-07,0.890737,6.988542e+09,1.430914e+10,0.900000,0.900000,0
0.9,-1.266858e-07,0.888694,6.457432e+09,1.548603e+10,0.900000,0.900000,0
0.9,-1.245398e-07,0.886798,6.000862e+09,1.666427e+10,0.900000,0.900000,0
0.9,-1.225527e-07,0.885039,5.606257e+09,1.783721e+10,0.900000,0.900000,0
0.9,-1.207128e-07,0.883408,5.263503e+09,1.899875e+10,0.900000,0.900000,0
0.9,-1.190093e-07,0.881896,4.964403e+09,2.014341e+10,0.900000,0.900000,0
0.9,-1.174319e-07,0.880494,4.702271e+09,2.126632e+10,0.900000,0.900000,0
0.9,-1.159713e-07,0.879193,4.471617e+09,2.236328e+10,0.900000,0.900000,0
0.9,-1.146190e-07,0.877988,4.267905e+09,2.343070e+10,0.900000,0.900000,0
0.9,-1.133668e-07,0.876871,4.087368e+09,2.446562e+10,0.900000,0.900000,0
0.9,-1.122074e-07,0.875835,3.926857e+09,2.546566e+10,0.900000,0.900000,0
0.9,-1.111338e-07,0.874875,3.783725e+09,2.642898e+10,0.900000,0.900000,0
0.9,-1.101398e-07,0.873985,3.655740e+09,2.735425e+10,0.900000,0.900000,0
0.9,-1.092194e-07,0.873161,3.541004e+09,2.824058e+10,0.900000,0.900000,0
0.9,-1.083672e-07,0.872397,3.437903e+09,2.908750e+10,0.900000,0.900000,0
0.9,-1.075781e-07,0.871689,3.345053e+09,2.989489e+10,0.900000,0.900000,0
0.9,-1.068474e-07,0.871034,3.261264e+09,3.066295e+10,0.900000,0.900000,0
0.9,-1.061709e-07,0.870426,3.185509e+09,3.139216e+10,0.900000,0.900000,0
0.9,-1.055445e-07,0.869863,3.116897e+09,3.208319e+10,0.900000,0.900000,0
0.9,-1.049645e-07,0.869342,3.054654e+09,3.273693e+10,0.900000,0.900000,0
0.9,-1.044275e-07,0.868859,2.998104e+09,3.335442e+10,0.900000,0.900000,0
0.9,-1.039302e-07,0.868411,2.946653e+09,3.393681e+10,0.900000,0.900000,0
0.9,-1.034698e-07,0.867997,2.899782e+09,3.448535e+10,0.900000,0.900000,0
0.9,-1.030435e-07,0.867613,2.857032e+09,3.500135e+10,0.900000,0.900000,0
0.9,-1.026487e-07,0.867257,2.817997e+09,3.548619e+10,0.900000,0.900000,0
0.9,-1.022832e-07,0.866928,2.782318e+09,3.594125e+10,0.900000,0.900000,0
0.9,-1.019448e-07,0.866622,2.749675e+09,3.636794e+10,0.900000,0.900000,0
0.9,-1.016315e-07,0.866340,2.719783e+09,3.676764e+10,0.900000,0.900000,0
0.9,-1.013413e-07,0.866078,2.692388e+09,3.714175e+10,0.900000,0.900000,0
0.9,-1.010727e-07,0.865836,2.667262e+09,3.749163e+10,0.900000,0.900000,0
0.9,-1.008239e-07,0.865611,2.644202e+09,3.781859e+10,0.900000,0.900000,0
0.9,-1.005936e-07,0.865403,2.623023e+09,3.812395e+10,0.900000,0.900000,0
0.9,-1.003803e-07,0.865211,2.603561e+09,3.840894e+10,0.900000,0.900000,0
0.9,-1.001828e-07,0.865033,2.585666e+09,3.867476e+10,0.900000,0.900000,0
0.9,-9.285714e-08,0.845125,0.000000e+00,0.000000e+00,nan,nan,1
0.9,-8.571429e-08,0.825714,0.000000e+00,0.000000e+00,nan,nan,1
0.9,-7.857143e-08,0.806303,0.000000e+00,0.000000e+00,nan,nan,1
0.9,-7.142857e-08,0.786891,0.000000e+00,0.000000e+00,nan,nan,1
0.9,-6.428571e-08,0.767480,0.000000e+00,0.000000e+00,nan,nan,1
0.9,-5.714286e-08,0.748069,0.000000e+00,0.000000e+00,nan,nan,1
0.9,-5.000000e-08,0.728658,0.000000e+00,0.000000e+00,nan,nan,1
0.9,-4.285714e-08,0.709247,0.000000e+00,0.000000e+00,nan,nan,1
0.9,-3.571429e-08,0.689836,0.000000e+00,0.000000e+00,nan,nan,1
0.9,-2.857143e-08,0.670425,0.000000e+00,0.000000e+00,nan,nan,1
0.9,-2.142857e-08,0.651014,0.000000e+00,0.000000e+00,nan,nan,1
0.9,-1.428571e-08,0.631603,0.000000e+00,0.000000e+00,nan,nan,1
0.9,-7.142857e-09,0.612192,0.000000e+00,0.000000e+00,nan,nan,1
0.9,-0.000000e+00,0.592781,9.084131e+19,1.100821e+00,0.000000,0.000000,0
0.9,4.088455e-09,0.589400,7.970516e+19,1.254624e+00,0.000000,0.000000,0
0.9,8.503985e-09,0.585980,6.982874e+19,1.432075e+00,0.000000,0.000000,0
0.9,1.327276e-08,0.582523,6.108850e+19,1.636969e+00,0.000000,0.000000,0
0.9,1.842303e-08,0.579031,5.336954e+19,1.873728e+00,0.000000,0.000000,0
0.9,2.398533e-08,0.575505,4.656571e+19,2.147503e+00,0.000000,0.000000,0
0.9,2.999261e-08,0.571948,4.057944e+19,2.464302e+00,0.000000,0.000000,0
0.9,3.648048e-08,0.568361,3.532154e+19,2.831134e+00,0.000000,0.000000,0
0.9,4.348737e-08,0.564745,3.071085e+19,3.256178e+00,0.000000,0.000000,0
0.9,5.105481e-08,0.561101,2.667385e+19,3.748990e+00,0.000000,0.000000,0
0.9,5.922765e-08,0.557432,2.314422e+19,4.320733e+00,0.000000,0.000000,0
0.9,6.805432e-08,0.553738,2.006233e+19,4.984467e+00,0.000000,0.000000,0
0.9,7.758712e-08,0.550019,1.737476e+19,5.755475e+00,0.000000,0.000000,0
0.9,8.788254e-08,0.546278,1.503383e+19,6.651665e+00,0.000000,0.000000,0
0.9,9.900160e-08,0.542515,1.299708e+19,7.694034e+00,0.000000,0.000000,0
0.9,1.110102e-07,0.538729,1.122683e+19,8.907234e+00,0.000000,0.000000,0
0.9,1.239795e-07,0.534923,9.689695e+18,1.032024e+01,0.000000,0.000000,0
0.9,1.379863e-07,0.531095,8.356193e+18,1.196717e+01,0.000000,0.000000,0
0.9,1.531136e-07,0.527247,7.200333e+18,1.388825e+01,0.000000,0.000000,0
0.9,1.694512e-07,0.523377,6.199253e+18,1.613098e+01,0.000000,0.000000,0
0.9,1.870957e-07,0.519485,5.332878e+18,1.875160e+01,0.000000,0.000000,0
0.9,2.061518e-07,0.515571,4.583612e+18,2.181685e+01,0.000000,0.000000,0
0.9,2.267324e-07,0.511633,3.936061e+18,2.540611e+01,0.000000,0.000000,0
0.9,2.489595e-07,0.507671,3.376771e+18,2.961409e+01,0.000000,0.000000,0
0.9,2.729647e-07,0.503683,2.894006e+18,3.455418e+01,0.000000,0.000000,0
0.9,2.988903e-07,0.499666,2.477539e+18,4.036263e+01,-0.000000,-0.000000,0
0.9,3.268900e-07,0.495618,2.118471e+18,4.720385e+01,-0.000000,-0.000000,0
0.9,3.571296e-07,0.491537,1.809066e+18,5.527713e+01,0.000000,0.000000,0
0.9,3.897885e-07,0.487418,1.542607e+18,6.482534e+01,0.000000,0.000000,0
0.9,4.250600e-07,0.483257,1.313266e+18,7.614605e+01,0.000000,0.000000,0
0.9,4.631533e-07,0.479049,1.115994e+18,8.960619e+01,0.000000,0.000000,0
0.9,5.042940e-07,0.474788,9.464209e+17,1.056612e+02,-0.000000,-0.000000,0
0.9,5.487259e-07,0.470467,8.007640e+17,1.248807e+02,0.000000,0.000000,0
0.9,5.967125e-07,0.466079,6.757551e+17,1.479826e+02,0.000000,0.000000,0
0.9,6.485379e-07,0.461615,5.685715e+17,1.758794e+02,0.000000,0.000000,0
0.9,7.045094e-07,0.457063,4.767771e+17,2.097416e+02,-0.000000,-0.000000,0
0.9,7.649586e-07,0.452411,3.982708e+17,2.510855e+02,0.000000,0.000000,0
0.9,8.302438e-07,0.447647,3.312411e+17,3.018949e+02,0.000000,0.000000,0
0.9,9.007517e-07,0.442755,2.741268e+17,3.647947e+02,0.000000,0.000000,0
0.9,9.769003e-07,0.437716,2.255825e+17,4.432968e+02,0.000000,0.000000,0
0.9,1.059141e-06,0.432512,1.844481e+17,5.421579e+02,0.000000,0.000000,0
0.9,1.147961e-06,0.427119,1.497223e+17,6.679033e+02,-0.000000,-0.000000,0
0.9,1.243886e-06,0.421514,1.205393e+17,8.296049e+02,0.000000,0.000000,0
0.9,1.347485e-06,0.415670,9.614876e+16,1.040055e+03,0.000000,0.000000,0
0.9,1.459372e-06,0.409555,7.589770e+16,1.317563e+03,0.000000,0.000000,0
0.9,1.580211e-06,0.403139,5.921536e+16,1.688751e+03,0.000000,0.000000,0
0.9,1.710716e-06,0.396384,4.560013e+16,2.192976e+03,0.000000,0.000000,0
0.9,1.851662e-06,0.389254,3.460857e+16,2.889457e+03,0.000000,0.000000,0
0.9,2.003883e-06,0.381708,2.584669e+16,3.868968e+03,0.000000,0.000000,0
0.9,2.168282e-06,0.373701,1.896303e+16,5.273419e+03,0.000000,0.000000,0
0.9,2.345833e-06,0.365191,1.364379e+16,7.329340e+03,0.000000,0.000000,0
0.9,2.537588e-06,0.356129,9.609479e+15,1.040639e+04,0.000000,0.000000,0
0.9,2.744684e-06,0.346467,6.612870e+15,1.512203e+04,0.000000,0.000000,0
0.9,2.968347e-06,0.336156,4.437870e+15,2.253333e+04,0.000000,0.000000,0
0.9,3.209903e-06,0.325146,2.898742e+15,3.449772e+04,0.000000,0.000000,0
0.9,3.470784e-06,0.313385,1.839263e+15,5.436960e+04,0.000000,0.000000,0
0.9,3.752535e-06,0.300824,1.131421e+15,8.838442e+04,0.000000,0.000000,0
0.9,4.056826e-06,0.287412,6.734446e+14,1.484903e+05,0.000000,0.000000,0
0.9,4.385461e-06,0.273098,3.871130e+14,2.583225e+05,0.000000,0.000000,0
0.9,4.740386e-06,0.257833,2.144916e+14,4.662188e+05,0.000000,0.000000,0
0.9,5.123706e-06,0.241572,1.143467e+14,8.745336e+05,-0.000000,-0.000000,0
0.9,5.537690e-06,0.224267,5.854891e+13,1.707974e+06,0.000000,0.000000,0
0.9,5.984794e-06,0.205877,2.874673e+13,3.478657e+06,0.000000,0.000000,0
0.9,6.467666e-06,0.186365,1.351431e+13,7.399562e+06,0.000000,0.000000,0
0.9,6.989168e-06,0.165697,6.075606e+12,1.645926e+07,0.000000,0.000000,0
0.9,7.552390e-06,0.143849,2.609458e+12,3.832214e+07,0.000000,0.000000,0
0.9,8.160669e-06,0.120803,1.070058e+12,9.345285e+07,0.000000,0.000000,0
0.9,8.817611e-06,0.096557,4.188823e+11,2.387306e+08,0.000000,0.000000,0
0.9,9.527109e-06,0.071121,1.565980e+11,6.385777e+08,0.000000,0.000000,0
0.9,1.029337e-05,0.044525,5.597400e+10,1.786544e+09,0.000000,0.000000,0
0.9,1.112092e-05,0.016821,1.916801e+10,5.217025e+09,0.000000,0.000000,0
0.9,1.201469e-05,-0.011910,6.308424e+09,1.585182e+10,0.000000,0.000000,0
0.9,1.297995e-05,-0.041552,2.004303e+09,4.989265e+10,0.000000,0.000000,0
0.9,1.402243e-05,-0.071946,6.185283e+08,1.616741e+11,0.000000,0.000000,0
0.9,1.514832e-05,-0.102884,1.869054e+08,5.350301e+11,0.000000,0.000000,0
0.9,1.636427e-05,-0.134095,5.588498e+07,1.789389e+12,0.000000,0.000000,0
0.9,1.767750e-05,-0.165236,1.675569e+07,5.968123e+12,0.000000,0.000000,0
0.9,1.909579e-05,-0.195873,5.122432e+06,1.952198e+13,0.000000,0.000000,0
0.9,2.062754e-05,-0.225474,1.630056e+06,6.134759e+13,0.000000,0.000000,0
0.9,2.228183e-05,-0.253392,5.536009e+05,1.806355e+14,0.000000,0.000000,0
0.9,2.406847e-05,-0.278876,2.065815e+05,4.840706e+14,0.000000,0.000000,0
0.9,2.599803e-05,-0.301122,8.737370e+04,1.144509e+15,0.000000,0.000000,0
0.9,2.808196e-05,-0.319419,4.305177e+04,2.322785e+15,0.000000,0.000000,0
0.9,3.033261e-05,-0.333389,2.507874e+04,3.987441e+15,0.000000,0.000000,0
0.9,3.276331e-05,-0.343186,1.716817e+04,5.824731e+15,0.000000,0.000000,0
0.9,3.538846e-05,-0.349482,1.345753e+04,7.430782e+15,0.000000,0.000000,0
0.9,3.822363e-05,-0.353205,1.165241e+04,8.581919e+15,0.000000,0.000000,0
0.9,4.128560e-05,-0.355246,1.076778e+04,9.286966e+15,0.000000,0.000000,0
0.9,4.459254e-05,-0.356289,1.034196e+04,9.669351e+15,0.000000,0.000000,0
0.9,4.816403e-05,-0.356788,1.014447e+04,9.857583e+15,0.000000,0.000000,0
0.9,5.202124e-05,-0.357010,1.005745e+04,9.942878e+15,0.000000,0.000000,0
0.9,5.618703e-05,-0.357103,1.002137e+04,9.978679e+15,0.000000,0.000000,0
0.9,6.068608e-05,-0.357139,1.000739e+04,9.992613e+15,0.000000,0.000000,0
0.9,6.554506e-05,-0.357152,1.000237e+04,9.997633e+15,0.000000,0.000000,0
0.9,7.079275e-05,-0.357157,1.000070e+04,9.999301e+15,0.000000,0.000000,0
0.9,7.646026e-05,-0.357158,1.000019e+04,9.999811e+15,0.000000,0.000000,0
0.9,8.258117e-05,-0.357158,1.000005e+04,9.999953e+15,0.000000,0.000000,0
0.9,8.919175e-05,-0.357159,1.000001e+04,9.999990e+15,0.000000,0.000000,0
0.9,9.633118e-05,-0.357159,1.000000e+04,9.999998e+15,0.000000,0.000000,0
0.9,1.040418e-04,-0.357159,1.000000e+04,1.000000e+16,0.000000,0.000000,0
0.9,1.123692e-04,-0.357159,1.000000e+04,1.000000e+16,0.000000,0.000000,0
0.9,1.213628e-04,-0.357159,1.000000e+04,1.000000e+16,0.000000,0.000000,0
0.9,1.310759e-04,-0.357159,1.000000e+04,1.000000e+16,0.000000,0.000000,0
0.9,1.415661e-04,-0.357159,1.000000e+04,1.000000e+16,0.000000,0.000000,0
0.9,1.528955e-04,-0.357159,1.000000e+04,1.000000e+16,0.000000,0.000000,0
0.9,1.651312e-04,-0.357159,1.000000e+04,1.000000e+16,0.000000,0.000000,0
0.9,1.783458e-04,-0.357159,1.000000e+04,1.000000e+16,0.000000,0.000000,0
0.9,1.926175e-04,-0.357159,1.000000e+04,1.000000e+16,0.000000,0.000000,0
0.9,2.000000e-04,-0.357159,1.000000e+04,1.000000e+16,0.000000,0.000000,0
