Va,x_cm,psi_V,n_cm-3,p_cm-3,phin_V,phip_V
0.448276,-9.340798e-04,0.031591,1.000000e+03,1.000000e+17,0.448276,0.448276
0.448276,-9.225255e-04,0.031591,7.183571e+06,1.000000e+17,0.218722,0.448276
0.448276,-9.038439e-04,0.031591,4.748545e+07,1.000000e+17,0.169897,0.448276
0.448276,-8.851623e-04,0.031591,9.745154e+07,1.000000e+17,0.151311,0.448276
0.448276,-8.664807e-04,0.031591,1.497251e+08,1.000000e+17,0.140209,0.448276
0.448276,-8.477992e-04,0.031591,2.038676e+08,1.000000e+17,0.132229,0.448276
0.448276,-8.291176e-04,0.031591,2.601989e+08,1.000000e+17,0.125922,0.448276
0.448276,-8.104360e-04,0.031591,3.192059e+08,1.000000e+17,0.120638,0.448276
0.448276,-7.917544e-04,0.031591,3.814457e+08,1.000000e+17,0.116033,0.448276
0.448276,-7.730728e-04,0.031591,4.475240e+08,1.000000e+17,0.111903,0.448276
0.448276,-7.543912e-04,0.031591,5.180919e+08,1.000000e+17,0.108117,0.448276
0.448276,-7.357096e-04,0.031591,5.938491e+08,1.000000e+17,0.104589,0.448276
0.448276,-7.170280e-04,0.031591,6.755492e+08,1.000000e+17,0.101257,0.448276
0.448276,-6.983464e-04,0.031591,7.640063e+08,1.000000e+17,0.098076,0.448276
0.448276,-6.796648e-04,0.031591,8.601026e+08,1.000000e+17,0.095013,0.448276
0.448276,-6.609832e-04,0.031591,9.647971e+08,1.000000e+17,0.092044,0.448276
0.448276,-6.423016e-04,0.031591,1.079135e+09,1.000000e+17,0.089148,0.448276
0.448276,-6.236200e-04,0.031591,1.204258e+09,1.000000e+17,0.086312,0.448276
0.448276,-6.049384e-04,0.031591,1.341417e+09,1.000000e+17,0.083524,0.448276
0.448276,-5.862568e-04,0.031591,1.491980e+09,1.000000e+17,0.080774,0.448276
0.448276,-5.675752e-04,0.031591,1.657453e+09,1.000000e+17,0.078054,0.448276
0.448276,-5.488936e-04,0.031591,1.839487e+09,1.000000e+17,0.075361,0.448276
0.448276,-5.302120e-04,0.031591,2.039903e+09,1.000000e+17,0.072687,0.448276
0.448276,-5.115304e-04,0.031591,2.260702e+09,1.000000e+17,0.070030,0.448276
0.448276,-4.928488e-04,0.031590,2.504090e+09,1.000000e+17,0.067387,0.448275
0.448276,-4.741672e-04,0.031590,2.772498e+09,1.000000e+17,0.064754,0.448275
0.448276,-4.554857e-04,0.031590,3.068610e+09,1.000000e+17,0.062131,0.448275
0.448276,-4.368041e-04,0.031590,3.395382e+09,1.000000e+17,0.059515,0.448275
0.448276,-4.181225e-04,0.031590,3.756081e+09,1.000000e+17,0.056905,0.448275
0.448276,-3.994409e-04,0.031590,4.154309e+09,1.000000e+17,0.054300,0.448275
0.448276,-3.807593e-04,0.031590,4.594047e+09,1.000000e+17,0.051699,0.448275
0.448276,-3.620777e-04,0.031590,5.079687e+09,1.000000e+17,0.049101,0.448275
0.448276,-3.433961e-04,0.031590,5.616081e+09,1.000000e+17,0.046506,0.448275
0.448276,-3.247145e-04,0.031590,6.208590e+09,1.000000e+17,0.043913,0.448275
0.448276,-3.063338e-04,0.031590,6.852116e+09,1.000000e+17,0.041363,0.448275
0.448276,-2.889936e-04,0.031590,7.520031e+09,1.000000e+17,0.038959,0.448275
0.448276,-2.726348e-04,0.031590,8.209544e+09,1.000000e+17,0.036691,0.448275
0.448276,-2.572020e-04,0.031590,8.917746e+09,1.000000e+17,0.034551,0.448275
0.448276,-2.426428e-04,0.031590,9.641662e+09,1.000000e+17,0.032534,0.448275
0.448276,-2.289077e-04,0.031590,1.037830e+10,1.000000e+17,0.030630,0.448275
0.448276,-2.159501e-04,0.031590,1.112468e+10,1.000000e+17,0.028835,0.448275
0.448276,-2.037259e-04,0.031590,1.187788e+10,1.000000e+17,0.027141,0.448275
0.448276,-1.921936e-04,0.031590,1.263509e+10,1.000000e+17,0.025544,0.448275
0.448276,-1.813141e-04,0.031590,1.339358e+10,1.000000e+17,0.024037,0.448275
0.448276,-1.710504e-04,0.031590,1.415079e+10,1.000000e+17,0.022615,0.448275
0.448276,-1.613677e-04,0.031590,1.490431e+10,1.000000e+17,0.021274,0.448275
0.448276,-1.522331e-04,0.031590,1.565188e+10,1.000000e+17,0.020008,0.448275
0.448276,-1.436155e-04,0.031590,1.639146e+10,1.000000e+17,0.018815,0.448275
0.448276,-1.354857e-04,0.031590,1.712115e+10,1.000000e+17,0.017689,0.448275
0.448276,-1.278161e-04,0.031590,1.783927e+10,1.000000e+17,0.016627,0.448275
0.448276,-1.205806e-04,0.031590,1.854432e+10,1.000000e+17,0.015625,0.448275
0.448276,-1.137547e-04,0.031590,1.923496e+10,1.000000e+17,0.014679,0.448275
0.448276,-1.073152e-04,0.031590,1.991005e+10,1.000000e+17,0.013787,0.448275
0.448276,-1.012401e-04,0.031590,2.056862e+10,1.000000e+17,0.012946,0.448275
0.448276,-9.550892e-05,0.031590,2.120986e+10,1.000000e+17,0.012153,0.448275
0.448276,-9.010214e-05,0.031590,2.183310e+10,1.000000e+17,0.011404,0.448275
0.448276,-8.500141e-05,0.031590,2.243783e+10,1.000000e+17,0.010698,0.448275
0.448276,-8.018940e-05,0.031590,2.302367e+10,1.000000e+17,0.010031,0.448275
0.448276,-7.564977e-05,0.031590,2.359036e+10,1.000000e+17,0.009403,0.448275
0.448276,-7.136710e-05,0.031590,2.413774e+10,1.000000e+17,0.008810,0.448275
0.448276,-6.732684e-05,0.031590,2.466576e+10,1.000000e+17,0.008250,0.448275
0.448276,-6.351528e-05,0.031590,2.517448e+10,1.000000e+17,0.007722,0.448275
0.448276,-5.991946e-05,0.031590,2.566401e+10,1.000000e+17,0.007225,0.448275
0.448276,-5.652718e-05,0.031590,2.613455e+10,1.000000e+17,0.006755,0.448275
0.448276,-5.332692e-05,0.031590,2.658635e+10,1.000000e+17,0.006312,0.448275
0.448276,-5.030781e-05,0.031590,2.701973e+10,1.000000e+17,0.005894,0.448275
0.448276,-4.745959e-05,0.031590,2.743505e+10,1.000000e+17,0.005499,0.448275
0.448276,-4.477258e-05,0.031590,2.783271e+10,1.000000e+17,0.005127,0.448275
0.448276,-4.223768e-05,0.031590,2.821314e+10,1.000000e+17,0.004776,0.448275
0.448276,-3.984626e-05,0.031590,2.857680e+10,1.000000e+17,0.004445,0.448275
0.448276,-3.759020e-05,0.031590,2.892416e+10,1.000000e+17,0.004133,0.448275
0.448276,-3.546184e-05,0.031590,2.925573e+10,1.000000e+17,0.003838,0.448275
0.448276,-3.345396e-05,0.031590,2.957202e+10,1.000000e+17,0.003560,0.448275
0.448276,-3.155973e-05,0.031590,2.987353e+10,1.000000e+17,0.003298,0.448275
0.448276,-2.977272e-05,0.031590,3.016079e+10,1.000000e+17,0.003051,0.448275
0.448276,-2.808686e-05,0.031590,3.043433e+10,1.000000e+17,0.002817,0.448275
0.448276,-2.649643e-05,0.031590,3.069466e+10,9.999999e+16,0.002597,0.448275
0.448276,-2.499602e-05,0.031590,3.094231e+10,9.999990e+16,0.002389,0.448275
0.448276,-2.358054e-05,0.031590,3.117783e+10,9.999965e+16,0.002193,0.448275
0.448276,-2.224518e-05,0.031590,3.140179e+10,9.999899e+16,0.002008,0.448275
0.448276,-2.098541e-05,0.031591,3.161486e+10,9.999735e+16,0.001834,0.448275
0.448276,-1.979695e-05,0.031592,3.181793e+10,9.999348e+16,0.001670,0.448275
0.448276,-1.867576e-05,0.031594,3.201232e+10,9.998475e+16,0.001514,0.448275
0.448276,-1.761803e-05,0.031599,3.220016e+10,9.996597e+16,0.001368,0.448275
0.448276,-1.662017e-05,0.031609,3.238510e+10,9.992738e+16,0.001230,0.448275
0.448276,-1.567880e-05,0.031629,3.257337e+10,9.985137e+16,0.001100,0.448275
0.448276,-1.479071e-05,0.031666,3.277548e+10,9.970765e+16,0.000977,0.448275
0.448276,-1.395289e-05,0.031734,3.300873e+10,9.944640e+16,0.000862,0.448275
0.448276,-1.316249e-05,0.031853,3.330069e+10,9.898938e+16,0.000753,0.448275
0.448276,-1.241684e-05,0.032055,3.369415e+10,9.821947e+16,0.000651,0.448275
0.448276,-1.171339e-05,0.032385,3.425378e+10,9.697072e+16,0.000556,0.448275
0.448276,-1.104975e-05,0.032910,3.507547e+10,9.502281e+16,0.000468,0.448275
0.448276,-1.042369e-05,0.033716,3.629956e+10,9.210713e+16,0.000387,0.448275
0.448276,-9.833057e-06,0.034914,3.813079e+10,8.793391e+16,0.000313,0.448275
0.448276,-9.275859e-06,0.036642,4.086973e+10,8.224967e+16,0.000247,0.448275
0.448276,-8.750201e-06,0.039053,4.496438e+10,7.492542e+16,0.000190,0.448275
0.448276,-8.254297e-06,0.042310,5.109713e+10,6.605642e+16,0.000142,0.448275
0.448276,-7.786462e-06,0.046566,6.033360e+10,5.602948e+16,0.000102,0.448275
0.448276,-7.345109e-06,0.051946,7.437937e+10,4.550342e+16,0.000071,0.448275
0.448276,-6.928739e-06,0.058526,9.602475e+10,3.527797e+16,0.000048,0.448275
0.448276,-6.535936e-06,0.066324,1.299182e+11,2.609132e+16,0.000031,0.448275
0.448276,-6.165367e-06,0.075298,1.839136e+11,1.843926e+16,0.000020,0.448275
0.448276,-5.815775e-06,0.085351,2.714151e+11,1.249824e+16,0.000012,0.448275
0.448276,-5.485970e-06,0.096352,4.154499e+11,8.166647e+15,0.000008,0.448275
0.448276,-5.174833e-06,0.108147,6.556965e+11,5.174980e+15,0.000005,0.448275
0.448276,-4.881309e-06,0.120575,1.060513e+12,3.199818e+15,0.000003,0.448275
0.448276,-4.604398e-06,0.133482,1.747282e+12,1.942209e+15,0.000002,0.448275
0.448276,-4.343162e-06,0.146724,2.916341e+12,1.163674e+15,0.000001,0.448275
0.448276,-4.096713e-06,0.160173,4.906617e+12,6.916619e+14,0.000001,0.448275
0.448276,-3.864214e-06,0.173717,8.285170e+12,4.096174e+14,0.000001,0.448275
0.448276,-3.644875e-06,0.187256,1.398827e+13,2.426152e+14,0.000000,0.448275
0.448276,-3.437951e-06,0.200710,2.353871e+13,1.441784e+14,0.000000,0.448275
0.448276,-3.242740e-06,0.214009,3.937252e+13,8.619656e+13,0.000000,0.448275
0.448276,-3.058579e-06,0.227095,6.531746e+13,5.195811e+13,0.000000,0.448275
0.448276,-2.884842e-06,0.239921,1.072754e+14,3.163598e+13,0.000000,0.448275
0.448276,-2.720939e-06,0.252450,1.741684e+14,1.948548e+13,0.000000,0.448275
0.448276,-2.566314e-06,0.264651,2.792113e+14,1.215475e+13,0.000000,0.448274
0.448276,-2.420441e-06,0.276501,4.415750e+14,7.685523e+12,0.000000,0.448274
0.448276,-2.282825e-06,0.287983,6.884902e+14,4.929227e+12,0.000000,0.448274
0.448276,-2.152999e-06,0.299085,1.057825e+15,3.208201e+12,0.000000,0.448274
0.448276,-2.030521e-06,0.309801,1.601140e+15,2.119557e+12,0.000000,0.448274
0.448276,-1.914976e-06,0.320126,2.387179e+15,1.421636e+12,0.000000,0.448274
0.448276,-1.805971e-06,0.330061,3.505726e+15,9.680424e+11,0.000000,0.448274
0.448276,-1.703137e-06,0.339607,5.071697e+15,6.691416e+11,0.000000,0.448274
0.448276,-1.606123e-06,0.348771,7.229317e+15,4.694326e+11,0.000000,0.448274
0.448276,-1.514600e-06,0.357559,1.015619e+16,3.341479e+11,0.000000,0.448274
0.448276,-1.428258e-06,0.365981,1.406714e+16,2.412477e+11,0.000000,0.448274
0.448276,-1.346804e-06,0.374046,1.921754e+16,1.765918e+11,0.000000,0.448274
0.448276,-1.269960e-06,0.381767,2.590625e+16,1.309975e+11,0.000000,0.448274
0.448276,-1.197465e-06,0.389156,3.447784e+16,9.842990e+10,0.000000,0.448274
0.448276,-1.129075e-06,0.396228,4.532442e+16,7.487455e+10,0.000000,0.448274
0.448276,-1.064555e-06,0.402995,5.888698e+16,5.762974e+10,0.000000,0.448274
0.448276,-1.003687e-06,0.409473,7.565655e+16,4.485583e+10,0.000000,0.448274
0.448276,-9.462648e-07,0.415677,9.617535e+16,3.528591e+10,0.000000,0.448274
0.448276,-8.920928e-07,0.421621,1.210382e+17,2.803768e+10,0.000000,0.448274
0.448276,-8.409871e-07,0.427321,1.508946e+17,2.249005e+10,0.000000,0.448274
0.448276,-7.927742e-07,0.432791,1.864515e+17,1.820111e+10,0.000000,0.448274
0.448276,-7.472904e-07,0.438046,2.284770e+17,1.485323e+10,0.000000,0.448274
0.448276,-7.043810e-07,0.443099,2.778054e+17,1.221582e+10,0.000000,0.448273
0.448276,-6.639006e-07,0.447966,3.353437e+17,1.011982e+10,0.000000,0.448273
0.448276,-6.257114e-07,0.452658,4.020790e+17,8.440169e+09,0.000000,0.448273
0.448276,-5.896840e-07,0.457188,4.790877e+17,7.083490e+09,0.000000,0.448273
0.448276,-5.556958e-07,0.461568,5.675461e+17,5.979445e+09,0.000000,0.448273
0.448276,-5.236314e-07,0.465810,6.687421e+17,5.074616e+09,0.000000,0.448273
0.448276,-4.933821e-07,0.469923,7.840885e+17,4.328092e+09,0.000000,0.448273
0.448276,-4.648449e-07,0.473919,9.151381e+17,3.708299e+09,0.000000,0.448273
0.448276,-4.379231e-07,0.477805,1.063599e+18,3.190680e+09,0.000000,0.448273
0.448276,-4.125252e-07,0.481592,1.231351e+18,2.755999e+09,0.000000,0.448273
0.448276,-3.885648e-07,0.485285,1.420467e+18,2.389074e+09,0.000000,0.448273
0.448276,-3.659607e-07,0.488893,1.633229e+18,2.077846e+09,0.000000,0.448273
0.448276,-3.446361e-07,0.492423,1.872153e+18,1.812671e+09,0.000000,0.448273
0.448276,-3.245186e-07,0.495880,2.140007e+18,1.585787e+09,0.000000,0.448273
0.448276,-3.055398e-07,0.499270,2.439838e+18,1.390909e+09,0.000000,0.448273
0.448276,-2.876352e-07,0.502597,2.774996e+18,1.222917e+09,0.000000,0.448273
0.448276,-2.707441e-07,0.505867,3.149159e+18,1.077617e+09,0.000000,0.448273
0.448276,-2.548091e-07,0.509083,3.566361e+18,9.515543e+08,0.000000,0.448273
0.448276,-2.397761e-07,0.512250,4.031021e+18,8.418671e+08,0.000000,0.448273
0.448276,-2.255940e-07,0.515369,4.547970e+18,7.461751e+08,0.000000,0.448273
0.448276,-2.122147e-07,0.518444,5.122483e+18,6.624873e+08,0.000000,0.448273
0.448276,-1.995927e-07,0.521478,5.760308e+18,5.891313e+08,0.000000,0.448273
0.448276,-1.876852e-07,0.524472,6.467698e+18,5.246960e+08,0.000000,0.448273
0.448276,-1.764516e-07,0.527429,7.251441e+18,4.679860e+08,0.000000,0.448273
0.448276,-1.658539e-07,0.530351,8.118889e+18,4.179845e+08,0.000000,0.448273
0.448276,-1.558561e-07,0.533237,9.077990e+18,3.738236e+08,0.000000,0.448273
0.448276,-1.464242e-07,0.536090,1.013731e+19,3.347597e+08,0.000000,0.448273
0.448276,-1.375262e-07,0.538911,1.130608e+19,3.001537e+08,0.000000,0.448273
0.448276,-1.291319e-07,0.541701,1.259417e+19,2.694547e+08,0.000000,0.448273
0.448276,-1.212127e-07,0.544459,1.401217e+19,2.421863e+08,0.000000,0.448273
0.448276,-1.137417e-07,0.547186,1.557134e+19,2.179357e+08,0.000000,0.448273
0.448276,-1.066937e-07,0.549884,1.728369e+19,1.963439e+08,0.000000,0.448273
0.448276,-1.000445e-07,0.552550,1.916192e+19,1.770983e+08,0.000000,0.448273
0.448276,-9.377180e-08,0.555187,2.121943e+19,1.599261e+08,0.000000,0.448273
0.448276,-8.785411e-08,0.557794,2.347032e+19,1.445884e+08,0.000000,0.448273
0.448276,-8.227138e-08,0.560369,2.592937e+19,1.308760e+08,0.000000,0.448273
0.448276,-7.700466e-08,0.562915,2.861195e+19,1.186052e+08,0.000000,0.448273
0.448276,-7.203606e-08,0.565428,3.153406e+19,1.076145e+08,0.000000,0.448273
0.448276,-6.734869e-08,0.567911,3.471217e+19,9.776163e+07,0.000000,0.448273
0.448276,-6.292665e-08,0.570361,3.816320e+19,8.892108e+07,0.000000,0.448273
0.448276,-5.875492e-08,0.572779,4.190443e+19,8.098208e+07,0.000000,0.448273
0.448276,-5.481932e-08,0.575163,4.595335e+19,7.384668e+07,0.000000,0.448273
0.448276,-5.110649e-08,0.577514,5.032757e+19,6.742819e+07,0.000000,0.448273
0.448276,-4.760382e-08,0.579830,5.504466e+19,6.164978e+07,0.000000,0.448273
0.448276,-4.429941e-08,0.582111,6.012200e+19,5.644333e+07,0.000000,0.448272
0.448276,-4.118205e-08,0.584356,6.557658e+19,5.174834e+07,0.000000,0.448272
0.448276,-3.824114e-08,0.586564,7.142487e+19,4.751109e+07,0.000000,0.448272
0.448276,-3.546669e-08,0.588736,7.768255e+19,4.368378e+07,0.000000,0.448272
0.448276,-3.284929e-08,0.590869,8.436434e+19,4.022388e+07,0.000000,0.448272
0.448276,-3.038005e-08,0.592963,9.148378e+19,3.709350e+07,0.000000,0.448272
0.448276,-2.805057e-08,0.595018,9.905301e+19,3.425890e+07,0.000000,0.448272
0.448276,-2.585295e-08,0.597033,1.070825e+20,3.168996e+07,0.000000,0.448272
0.448276,-2.377973e-08,0.599008,1.155809e+20,2.935980e+07,0.000000,0.448272
0.448276,-2.182386e-08,0.600941,1.245549e+20,2.724443e+07,0.000000,0.448272
0.448276,-1.997869e-08,0.602832,1.340086e+20,2.532239e+07,0.000000,0.448272
0.448276,-1.823797e-08,0.604681,1.439441e+20,2.357451e+07,0.000000,0.448272
0.448276,-1.659579e-08,0.606487,1.543606e+20,2.198362e+07,0.000000,0.448272
0.448276,-1.504655e-08,0.608250,1.652546e+20,2.053436e+07,0.000000,0.448272
0.448276,-1.358501e-08,0.609970,1.766198e+20,1.921296e+07,0.000000,0.448272
0.448276,-1.220620e-08,0.611645,1.884470e+20,1.800708e+07,0.000000,0.448272
0.448276,-1.090543e-08,0.613277,2.007241e+20,1.690566e+07,0.000000,0.448272
0.448276,-9.678290e-09,0.614864,2.134360e+20,1.589875e+07,0.000000,0.448272
0.448276,-8.520612e-09,0.616408,2.265646e+20,1.497744e+07,0.000000,0.448271
0.448276,-7.428463e-09,0.617907,2.400891e+20,1.413371e+07,0.000000,0.448271
0.448276,-6.398133e-09,0.619361,2.539862e+20,1.336034e+07,0.000000,0.448271
0.448276,-5.426124e-09,0.620772,2.682296e+20,1.265086e+07,0.000000,0.448271
0.448276,-4.509135e-09,0.622138,2.827912e+20,1.199941e+07,0.000000,0.448271
0.448276,-3.644050e-09,0.623461,2.976406e+20,1.140073e+07,0.000000,0.448271
0.448276,-2.827933e-09,0.624741,3.127454e+20,1.085008e+07,0.000000,0.448271
0.448276,-2.058011e-09,0.625978,3.280719e+20,1.034317e+07,0.000000,0.448271
0.448276,-1.331669e-09,0.627173,3.435852e+20,9.876146e+06,0.000000,0.448271
0.448276,-6.464414e-10,0.628325,3.592492e+20,9.445504e+06,0.000000,0.448271
0.448276,0.000000e+00,0.629436,3.750276e+20,9.048088e+06,0.000000,0.448271
0.448276,6.464414e-10,0.630507,3.908877e+20,8.680946e+06,0.000000,0.448271
0.448276,1.331669e-09,0.631599,4.077539e+20,8.321851e+06,0.000000,0.448271
0.448276,2.058011e-09,0.632710,4.256534e+20,7.971879e+06,0.000000,0.448271
0.448276,2.827933e-09,0.633836,4.446047e+20,7.632054e+06,0.000000,0.448271
0.448276,3.644050e-09,0.634974,4.646150e+20,7.303329e+06,0.000000,0.448271
0.448276,4.509135e-09,0.636120,4.856775e+20,6.986578e+06,0.000000,0.448270
0.448276,5.426124e-09,0.637270,5.077690e+20,6.682585e+06,0.000000,0.448270
0.448276,6.398133e-09,0.638419,5.308470e+20,6.392038e+06,0.000000,0.448270
0.448276,7.428463e-09,0.639562,5.548471e+20,6.115517e+06,0.000000,0.448270
0.448276,8.520612e-09,0.640694,5.796810e+20,5.853492e+06,0.000000,0.448270
0.448276,9.678290e-09,0.641809,6.052343e+20,5.606320e+06,0.000000,0.448270
0.448276,1.090543e-08,0.642902,6.313662e+20,5.374241e+06,0.000000,0.448270
0.448276,1.220620e-08,0.643967,6.579091e+20,5.157382e+06,0.000000,0.448269
0.448276,1.358501e-08,0.644998,6.846704e+20,4.955757e+06,0.000000,0.448269
0.448276,1.504655e-08,0.645989,7.114358e+20,4.769270e+06,0.000000,0.448269
0.448276,1.659579e-08,0.646936,7.379731e+20,4.597722e+06,0.000000,0.448269
0.448276,1.823797e-08,0.647833,7.640393e+20,4.440816e+06,0.000000,0.448268
0.448276,1.997869e-08,0.648677,7.893876e+20,4.298163e+06,0.000000,0.448268
0.448276,2.182386e-08,0.649463,8.137763e+20,4.169292e+06,0.000000,0.448268
0.448276,2.377973e-08,0.650190,8.369783e+20,4.053656e+06,0.000000,0.448267
0.448276,2.585295e-08,0.650855,8.587897e+20,3.950640e+06,0.000000,0.448267
0.448276,2.805057e-08,0.651458,8.790389e+20,3.859568e+06,0.000000,0.448267
0.448276,3.038005e-08,0.651998,8.975931e+20,3.779717e+06,0.000000,0.448266
0.448276,3.284929e-08,0.652476,9.143634e+20,3.710318e+06,0.000000,0.448266
0.448276,3.546669e-08,0.652895,9.293073e+20,3.650575e+06,0.000000,0.448265
0.448276,3.824114e-08,0.653258,9.424288e+20,3.599664e+06,0.000000,0.448264
0.448276,4.118205e-08,0.653567,9.537751e+20,3.556752e+06,0.000000,0.448264
0.448276,4.429941e-08,0.653828,9.634323e+20,3.521006e+06,0.000000,0.448263
0.448276,4.760382e-08,0.654044,9.715180e+20,3.491601e+06,0.000000,0.448262
0.448276,5.110649e-08,0.654220,9.781739e+20,3.467736e+06,0.000000,0.448262
0.448276,5.481932e-08,0.654362,9.835572e+20,3.448644e+06,0.000000,0.448261
0.448276,5.875492e-08,0.654474,9.878323e+20,3.433599e+06,0.000000,0.448260
0.448276,6.292665e-08,0.654561,9.911633e+20,3.421933e+06,0.000000,0.448259
0.448276,6.734869e-08,0.654628,9.937077e+20,3.413037e+06,0.000000,0.448258
0.448276,7.203606e-08,0.654677,9.956115e+20,3.406368e+06,0.000000,0.448257
0.448276,7.700466e-08,0.654713,9.970054e+20,3.401454e+06,0.000000,0.448256
0.448276,8.227138e-08,0.654739,9.980031e+20,3.397893e+06,0.000000,0.448254
0.448276,8.785411e-08,0.654757,9.987003e+20,3.395351e+06,0.000000,0.448253
0.448276,9.377180e-08,0.654769,9.991754e+20,3.393557e+06,0.000000,0.448252
0.448276,1.000445e-07,0.654778,9.994908e+20,3.392295e+06,0.000000,0.448250
0.448276,1.066937e-07,0.654783,9.996944e+20,3.391401e+06,0.000000,0.448249
0.448276,1.137417e-07,0.654786,9.998220e+20,3.390754e+06,0.000000,0.448247
0.448276,1.212127e-07,0.654788,9.998996e+20,3.390264e+06,0.000000,0.448245
0.448276,1.291319e-07,0.654789,9.999452e+20,3.389868e+06,0.000000,0.448243
0.448276,1.375262e-07,0.654790,9.999712e+20,3.389524e+06,0.000000,0.448242
0.448276,1.464242e-07,0.654790,9.999854e+20,3.389205e+06,0.000000,0.448239
0.448276,1.558561e-07,0.654791,9.999929e+20,3.388893e+06,0.000000,0.448237
0.448276,1.658539e-07,0.654791,9.999967e+20,3.388576e+06,0.000000,0.448235
0.448276,1.764516e-07,0.654791,9.999985e+20,3.388247e+06,0.000000,0.448232
0.448276,1.876852e-07,0.654791,9.999994e+20,3.387902e+06,0.000000,0.448230
0.448276,1.995927e-07,0.654791,9.999997e+20,3.387539e+06,0.000000,0.448227
0.448276,2.122147e-07,0.654791,9.999999e+20,3.387154e+06,0.000000,0.448224
0.448276,2.255940e-07,0.654791,1.000000e+21,3.386747e+06,0.000000,0.448221
0.448276,2.397761e-07,0.654791,1.000000e+21,3.386316e+06,0.000000,0.448218
0.448276,2.548091e-07,0.654791,1.000000e+21,3.385859e+06,0.000000,0.448214
0.448276,2.707441e-07,0.654791,1.000000e+21,3.385374e+06,0.000000,0.448211
0.448276,2.876352e-07,0.654791,1.000000e+21,3.384861e+06,0.000000,0.448207
0.448276,3.055398e-07,0.654791,1.000000e+21,3.384317e+06,0.000000,0.448203
0.448276,3.245186e-07,0.654791,1.000000e+21,3.383740e+06,0.000000,0.448198
0.448276,3.446361e-07,0.654791,1.000000e+21,3.383129e+06,0.000000,0.448193
0.448276,3.659607e-07,0.654791,1.000000e+21,3.382481e+06,0.000000,0.448188
0.448276,3.885648e-07,0.654791,1.000000e+21,3.381794e+06,0.000000,0.448183
0.448276,4.125252e-07,0.654791,1.000000e+21,3.381067e+06,0.000000,0.448178
0.448276,4.379231e-07,0.654791,1.000000e+21,3.380296e+06,0.000000,0.448172
0.448276,4.648449e-07,0.654791,1.000000e+21,3.379478e+06,0.000000,0.448166
0.448276,4.933821e-07,0.654791,1.000000e+21,3.378612e+06,0.000000,0.448159
0.448276,5.236314e-07,0.654791,1.000000e+21,3.377695e+06,0.000000,0.448152
0.448276,5.556958e-07,0.654791,1.000000e+21,3.376722e+06,0.000000,0.448144
0.448276,5.896840e-07,0.654791,1.000000e+21,3.375692e+06,0.000000,0.448137
0.448276,6.257114e-07,0.654791,1.000000e+21,3.374600e+06,0.000000,0.448128
0.448276,6.639006e-07,0.654791,1.000000e+21,3.373443e+06,0.000000,0.448119
0.448276,7.043810e-07,0.654791,1.000000e+21,3.372217e+06,0.000000,0.448110
0.448276,7.472904e-07,0.654791,1.000000e+21,3.370918e+06,0.000000,0.448100
0.448276,7.927742e-07,0.654791,1.000000e+21,3.369541e+06,0.000000,0.448089
0.448276,8.409871e-07,0.654791,1.000000e+21,3.368082e+06,0.000000,0.448078
0.448276,8.920928e-07,0.654791,1.000000e+21,3.366537e+06,0.000000,0.448066
0.448276,9.462648e-07,0.654791,1.000000e+21,3.364900e+06,0.000000,0.448054
0.448276,1.003687e-06,0.654791,1.000000e+21,3.363165e+06,0.000000,0.448040
0.448276,1.064555e-06,0.654791,1.000000e+21,3.361327e+06,0.000000,0.448026
0.448276,1.129075e-06,0.654791,1.000000e+21,3.359380e+06,0.000000,0.448011
0.448276,1.197465e-06,0.654791,1.000000e+21,3.357317e+06,0.000000,0.447995
0.448276,1.269960e-06,0.654791,1.000000e+21,3.355133e+06,0.000000,0.447979
0.448276,1.346804e-06,0.654791,1.000000e+21,3.352818e+06,0.000000,0.447961
0.448276,1.428258e-06,0.654791,1.000000e+21,3.350366e+06,0.000000,0.447942
0.448276,1.514600e-06,0.654791,1.000000e+21,3.347770e+06,0.000000,0.447922
0.448276,1.606123e-06,0.654791,1.000000e+21,3.345019e+06,0.000000,0.447901
0.448276,1.703137e-06,0.654791,1.000000e+21,3.342106e+06,0.000000,0.447878
0.448276,1.805971e-06,0.654791,1.000000e+21,3.339021e+06,0.000000,0.447854
0.448276,1.914976e-06,0.654791,1.000000e+21,3.335754e+06,0.000000,0.447829
0.448276,2.030521e-06,0.654791,1.000000e+21,3.332295e+06,0.000000,0.447802
0.448276,2.152999e-06,0.654791,1.000000e+21,3.328632e+06,0.000000,0.447774
0.448276,2.282825e-06,0.654791,1.000000e+21,3.324753e+06,0.000000,0.447743
0.448276,2.420441e-06,0.654791,1.000000e+21,3.320647e+06,0.000000,0.447712
0.448276,2.566314e-06,0.654791,1.000000e+21,3.316300e+06,0.000000,0.447678
0.448276,2.720939e-06,0.654791,1.000000e+21,3.311698e+06,0.000000,0.447642
0.448276,2.884842e-06,0.654791,1.000000e+21,3.306827e+06,0.000000,0.447604
0.448276,3.058579e-06,0.654791,1.000000e+21,3.301672e+06,0.000000,0.447563
0.448276,3.242740e-06,0.654791,1.000000e+21,3.296216e+06,0.000000,0.447521
0.448276,3.437951e-06,0.654791,1.000000e+21,3.290442e+06,0.000000,0.447475
0.448276,3.644875e-06,0.654791,1.000000e+21,3.284334e+06,0.000000,0.447427
0.448276,3.864214e-06,0.654791,1.000000e+21,3.277871e+06,0.000000,0.447376
0.448276,4.096713e-06,0.654791,1.000000e+21,3.271034e+06,0.000000,0.447322
0.448276,4.343162e-06,0.654791,1.000000e+21,3.263802e+06,0.000000,0.447265
0.448276,4.604398e-06,0.654791,1.000000e+21,3.256154e+06,0.000000,0.447205
0.448276,4.881309e-06,0.654791,1.000000e+21,3.248067e+06,0.000000,0.447140
0.448276,5.174833e-06,0.654791,1.000000e+21,3.239517e+06,0.000000,0.447072
0.448276,5.485970e-06,0.654791,1.000000e+21,3.230477e+06,0.000000,0.447000
0.448276,5.815775e-06,0.654791,1.000000e+21,3.220924e+06,0.000000,0.446923
0.448276,6.165367e-06,0.654791,1.000000e+21,3.210827e+06,0.000000,0.446842
0.448276,6.535936e-06,0.654791,1.000000e+21,3.200160e+06,0.000000,0.446756
0.448276,6.928739e-06,0.654791,1.000000e+21,3.188891e+06,0.000000,0.446665
0.448276,7.345109e-06,0.654791,1.000000e+21,3.176989e+06,0.000000,0.446568
0.448276,7.786462e-06,0.654791,1.000000e+21,3.164422e+06,0.000000,0.446466
0.448276,8.254297e-06,0.654791,1.000000e+21,3.151154e+06,0.000000,0.446357
0.448276,8.750201e-06,0.654791,1.000000e+21,3.137152e+06,0.000000,0.446242
0.448276,9.275859e-06,0.654791,1.000000e+21,3.122377e+06,0.000000,0.446120
0.448276,9.833057e-06,0.654791,1.000000e+21,3.106791e+06,0.000000,0.445991
0.448276,1.042369e-05,0.654791,1.000000e+21,3.090356e+06,0.000000,0.445853
0.448276,1.104975e-05,0.654791,1.000000e+21,3.073029e+06,0.000000,0.445708
0.448276,1.171339e-05,0.654791,1.000000e+21,3.054768e+06,0.000000,0.445554
0.448276,1.241684e-05,0.654791,1.000000e+21,3.035530e+06,0.000000,0.445391
0.448276,1.316249e-05,0.654791,1.000000e+21,3.015270e+06,0.000000,0.445218
0.448276,1.395289e-05,0.654791,1.000000e+21,2.993942e+06,0.000000,0.445034
0.448276,1.479071e-05,0.654791,1.000000e+21,2.971499e+06,0.000000,0.444840
0.448276,1.567880e-05,0.654791,1.000000e+21,2.947893e+06,0.000000,0.444633
0.448276,1.662017e-05,0.654791,1.000000e+21,2.923075e+06,0.000000,0.444415
0.448276,1.761803e-05,0.654791,1.000000e+21,2.896995e+06,0.000000,0.444183
0.448276,1.867576e-05,0.654791,1.000000e+21,2.869605e+06,0.000000,0.443938
0.448276,1.979695e-05,0.654791,1.000000e+21,2.840854e+06,0.000000,0.443677
0.448276,2.098541e-05,0.654791,1.000000e+21,2.810693e+06,0.000000,0.443401
0.448276,2.224518e-05,0.654791,1.000000e+21,2.779070e+06,0.000000,0.443109
0.448276,2.358054e-05,0.654791,1.000000e+21,2.745939e+06,0.000000,0.442799
0.448276,2.499602e-05,0.654791,1.000000e+21,2.711250e+06,0.000000,0.442470
0.448276,2.649643e-05,0.654791,1.000000e+21,2.674959e+06,0.000000,0.442122
0.448276,2.808686e-05,0.654791,1.000000e+21,2.637019e+06,0.000000,0.441752
0.448276,2.977272e-05,0.654791,1.000000e+21,2.597390e+06,0.000000,0.441361
0.448276,3.155973e-05,0.654791,1.000000e+21,2.556033e+06,0.000000,0.440946
0.448276,3.345396e-05,0.654791,1.000000e+21,2.512913e+06,0.000000,0.440506
0.448276,3.546184e-05,0.654791,1.000000e+21,2.467999e+06,0.000000,0.440040
0.448276,3.759020e-05,0.654791,1.000000e+21,2.421266e+06,0.000000,0.439546
0.448276,3.984626e-05,0.654791,1.000000e+21,2.372694e+06,0.000000,0.439022
0.448276,4.223768e-05,0.654791,1.000000e+21,2.322271e+06,0.000000,0.438466
0.448276,4.477258e-05,0.654791,1.000000e+21,2.269991e+06,0.000000,0.437878
0.448276,4.745959e-05,0.654791,1.000000e+21,2.215857e+06,0.000000,0.437254
0.448276,5.030781e-05,0.654791,1.000000e+21,2.159884e+06,0.000000,0.436592
0.448276,5.332692e-05,0.654791,1.000000e+21,2.102094e+06,0.000000,0.435891
0.448276,5.652718e-05,0.654791,1.000000e+21,2.042523e+06,0.000000,0.435148
0.448276,5.991946e-05,0.654791,1.000000e+21,1.981218e+06,0.000000,0.434360
0.448276,6.351528e-05,0.654791,1.000000e+21,1.918242e+06,0.000000,0.433525
0.448276,6.732684e-05,0.654791,1.000000e+21,1.853670e+06,0.000000,0.432640
0.448276,7.136710e-05,0.654791,1.000000e+21,1.787593e+06,0.000000,0.431702
0.448276,7.564977e-05,0.654791,1.000000e+21,1.720120e+06,0.000000,0.430707
0.448276,8.018940e-05,0.654791,1.000000e+21,1.651375e+06,0.000000,0.429653
0.448276,8.500141e-05,0.654791,1.000000e+21,1.581501e+06,0.000000,0.428535
0.448276,9.010214e-05,0.654791,1.000000e+21,1.510657e+06,0.000000,0.427350
0.448276,9.550892e-05,0.654791,1.000000e+21,1.439021e+06,0.000000,0.426094
0.448276,1.012401e-04,0.654791,1.000000e+21,1.366790e+06,0.000000,0.424763
0.448276,1.073152e-04,0.654791,1.000000e+21,1.294175e+06,0.000000,0.423352
0.448276,1.137547e-04,0.654791,1.000000e+21,1.221408e+06,0.000000,0.421856
0.448276,1.205806e-04,0.654791,1.000000e+21,1.148732e+06,0.000000,0.420270
0.448276,1.278161e-04,0.654791,1.000000e+21,1.076406e+06,0.000000,0.418588
0.448276,1.354857e-04,0.654791,1.000000e+21,1.004700e+06,0.000000,0.416806
0.448276,1.436155e-04,0.654791,1.000000e+21,9.338933e+05,0.000000,0.414917
0.448276,1.522331e-04,0.654791,1.000000e+21,8.642701e+05,0.000000,0.412914
0.448276,1.613677e-04,0.654791,1.000000e+21,7.961180e+05,0.000000,0.410791
0.448276,1.710504e-04,0.654791,1.000000e+21,7.297229e+05,0.000000,0.408539
0.448276,1.813141e-04,0.654791,1.000000e+21,6.653648e+05,0.000000,0.406152
0.448276,1.921936e-04,0.654791,1.000000e+21,6.033134e+05,0.000000,0.403622
0.448276,2.033332e-04,0.654791,1.000000e+21,5.457389e+05,0.000000,0.401029
0.448276,2.144727e-04,0.654791,1.000000e+21,4.936173e+05,0.000000,0.398434
0.448276,2.256123e-04,0.654791,1.000000e+21,4.464278e+05,0.000000,0.395836
0.448276,2.367518e-04,0.654791,1.000000e+21,4.036989e+05,0.000000,0.393235
0.448276,2.478914e-04,0.654791,1.000000e+21,3.650038e+05,0.000000,0.390630
0.448276,2.590309e-04,0.654791,1.000000e+21,3.299556e+05,0.000000,0.388020
0.448276,2.701705e-04,0.654791,1.000000e+21,2.982044e+05,0.000000,0.385405
0.448276,2.813100e-04,0.654791,1.000000e+21,2.694328e+05,0.000000,0.382782
0.448276,2.924496e-04,0.654791,1.000000e+21,2.433534e+05,0.000000,0.380150
0.448276,3.035891e-04,0.654791,1.000000e+21,2.197055e+05,0.000000,0.377507
0.448276,3.147287e-04,0.654791,1.000000e+21,1.982530e+05,0.000000,0.374851
0.448276,3.258682e-04,0.654791,1.000000e+21,1.787815e+05,0.000000,0.372178
0.448276,3.370078e-04,0.654791,1.000000e+21,1.610965e+05,0.000000,0.369486
0.448276,3.481473e-04,0.654791,1.000000e+21,1.450212e+05,0.000000,0.366768
0.448276,3.592869e-04,0.654791,1.000000e+21,1.303952e+05,0.000000,0.364020
0.448276,3.704264e-04,0.654791,1.000000e+21,1.170721e+05,0.000000,0.361233
0.448276,3.815660e-04,0.654791,1.000000e+21,1.049191e+05,0.000000,0.358400
0.448276,3.927055e-04,0.654791,1.000000e+21,9.381472e+04,0.000000,0.355508
0.448276,4.038451e-04,0.654791,1.000000e+21,8.364803e+04,0.000000,0.352543
0.448276,4.149846e-04,0.654791,1.000000e+21,7.431754e+04,0.000000,0.349485
0.448276,4.261242e-04,0.654791,1.000000e+21,6.573014e+04,0.000000,0.346311
0.448276,4.372637e-04,0.654791,1.000000e+21,5.780017e+04,0.000000,0.342987
0.448276,4.484033e-04,0.654791,1.000000e+21,5.044862e+04,0.000000,0.339470
0.448276,4.595428e-04,0.654791,1.000000e+21,4.360235e+04,0.000000,0.335700
0.448276,4.706824e-04,0.654791,1.000000e+21,3.719346e+04,0.000000,0.331590
0.448276,4.818219e-04,0.654791,1.000000e+21,3.115877e+04,0.000000,0.327013
0.448276,4.929615e-04,0.654791,1.000000e+21,2.543950e+04,0.000000,0.321771
0.448276,5.041010e-04,0.654791,1.000000e+21,1.998153e+04,0.000000,0.315528
0.448276,5.152406e-04,0.654791,1.000000e+21,1.473732e+04,0.000000,0.307657
0.448276,5.263801e-04,0.654791,1.000000e+21,9.674557e+03,0.000000,0.296777
0.448276,5.375197e-04,0.654791,1.000000e+21,4.827646e+03,0.000000,0.278806
0.448276,5.486592e-04,0.654791,1.000000e+21,8.254305e+02,0.000000,0.233146
0.448276,5.569776e-04,0.654791,1.000000e+21,1.000000e-01,0.000000,0.000000
0.586207,-9.340798e-04,0.169522,1.000000e+03,1.000000e+17,0.586207,0.586207
0.586207,-9.225255e-04,0.169521,9.639571e+08,1.000000e+17,0.229997,0.586206
0.586207,-9.038439e-04,0.169521,8.769299e+09,1.000000e+17,0.172916,0.586206
0.586207,-8.851623e-04,0.169520,1.908713e+10,1.000000e+17,0.152808,0.586205
0.586207,-8.664807e-04,0.169519,2.992830e+10,1.000000e+17,0.141180,0.586204
0.586207,-8.477992e-04,0.169518,4.115581e+10,1.000000e+17,0.132943,0.586203
0.586207,-8.291176e-04,0.169518,5.282873e+10,1.000001e+17,0.126488,0.586203
0.586207,-8.104360e-04,0.169517,6.504614e+10,1.000001e+17,0.121109,0.586202
0.586207,-7.917544e-04,0.169516,7.792269e+10,1.000001e+17,0.116439,0.586201
0.586207,-7.730728e-04,0.169515,9.158337e+10,1.000001e+17,0.112262,0.586200
0.586207,-7.543912e-04,0.169515,1.061627e+11,1.000001e+17,0.108442,0.586200
0.586207,-7.357096e-04,0.169514,1.218050e+11,1.000001e+17,0.104888,0.586199
0.586207,-7.170280e-04,0.169513,1.386659e+11,1.000001e+17,0.101536,0.586198
0.586207,-6.983464e-04,0.169512,1.569134e+11,1.000002e+17,0.098339,0.586197
0.586207,-6.796648e-04,0.169512,1.767293e+11,1.000002e+17,0.095264,0.586197
0.586207,-6.609832e-04,0.169511,1.983114e+11,1.000002e+17,0.092284,0.586196
0.586207,-6.423016e-04,0.169510,2.218750e+11,1.000002e+17,0.089381,0.586195
0.586207,-6.236200e-04,0.169509,2.476555e+11,1.000002e+17,0.086538,0.586194
0.586207,-6.049384e-04,0.169508,2.759102e+11,1.000003e+17,0.083745,0.586194
0.586207,-5.862568e-04,0.169508,3.069214e+11,1.000003e+17,0.080990,0.586193
0.586207,-5.675752e-04,0.169507,3.409986e+11,1.000003e+17,0.078268,0.586192
0.586207,-5.488936e-04,0.169506,3.784823e+11,1.000004e+17,0.075571,0.586191
0.586207,-5.302120e-04,0.169505,4.197469e+11,1.000004e+17,0.072895,0.586191
0.586207,-5.115304e-04,0.169505,4.652044e+11,1.000005e+17,0.070236,0.586190
0.586207,-4.928488e-04,0.169504,5.153090e+11,1.000005e+17,0.067591,0.586189
0.586207,-4.741672e-04,0.169503,5.705611e+11,1.000006e+17,0.064957,0.586188
0.586207,-4.554857e-04,0.169502,6.315126e+11,1.000006e+17,0.062332,0.586188
0.586207,-4.368041e-04,0.169502,6.987723e+11,1.000007e+17,0.059715,0.586187
0.586207,-4.181225e-04,0.169501,7.730122e+11,1.000008e+17,0.057104,0.586186
0.586207,-3.994409e-04,0.169500,8.549737e+11,1.000009e+17,0.054498,0.586186
0.586207,-3.807593e-04,0.169500,9.454756e+11,1.000009e+17,0.051896,0.586185
0.586207,-3.620777e-04,0.169499,1.045422e+12,1.000010e+17,0.049298,0.586184
0.586207,-3.433961e-04,0.169498,1.155811e+12,1.000012e+17,0.046702,0.586183
0.586207,-3.247145e-04,0.169497,1.277745e+12,1.000013e+17,0.044108,0.586183
0.586207,-3.063338e-04,0.169497,1.410176e+12,1.000014e+17,0.041558,0.586182
0.586207,-2.889936e-04,0.169496,1.547624e+12,1.000015e+17,0.039153,0.586181
0.586207,-2.726348e-04,0.169495,1.689514e+12,1.000017e+17,0.036885,0.586181
0.586207,-2.572020e-04,0.169495,1.835247e+12,1.000018e+17,0.034745,0.586180
0.586207,-2.426428e-04,0.169494,1.984213e+12,1.000020e+17,0.032727,0.586180
0.586207,-2.289077e-04,0.169494,2.135794e+12,1.000021e+17,0.030824,0.586179
0.586207,-2.159501e-04,0.169493,2.289378e+12,1.000023e+17,0.029028,0.586179
0.586207,-2.037259e-04,0.169493,2.444366e+12,1.000024e+17,0.027334,0.586179
0.586207,-1.921936e-04,0.169493,2.600176e+12,1.000026e+17,0.025736,0.586178
0.586207,-1.813141e-04,0.169492,2.756250e+12,1.000028e+17,0.024229,0.586178
0.586207,-1.710504e-04,0.169492,2.912059e+12,1.000029e+17,0.022807,0.586178
0.586207,-1.613677e-04,0.169492,3.067106e+12,1.000031e+17,0.021465,0.586177
0.586207,-1.522331e-04,0.169491,3.220931e+12,1.000032e+17,0.020200,0.586177
0.586207,-1.436155e-04,0.169491,3.373109e+12,1.000034e+17,0.019006,0.586177
0.586207,-1.354857e-04,0.169491,3.523252e+12,1.000035e+17,0.017880,0.586177
0.586207,-1.278161e-04,0.169490,3.671014e+12,1.000037e+17,0.016818,0.586176
0.586207,-1.205806e-04,0.169490,3.816084e+12,1.000038e+17,0.015816,0.586176
0.586207,-1.137547e-04,0.169490,3.958190e+12,1.000040e+17,0.014870,0.586176
0.586207,-1.073152e-04,0.169490,4.097097e+12,1.000041e+17,0.013978,0.586176
0.586207,-1.012401e-04,0.169490,4.232604e+12,1.000042e+17,0.013137,0.586176
0.586207,-9.550892e-05,0.169489,4.364544e+12,1.000044e+17,0.012343,0.586176
0.586207,-9.010214e-05,0.169489,4.492782e+12,1.000045e+17,0.011594,0.586175
0.586207,-8.500141e-05,0.169489,4.617210e+12,1.000046e+17,0.010888,0.586175
0.586207,-8.018940e-05,0.169489,4.737751e+12,1.000047e+17,0.010222,0.586175
0.586207,-7.564977e-05,0.169489,4.854350e+12,1.000049e+17,0.009593,0.586175
0.586207,-7.136710e-05,0.169489,4.966977e+12,1.000050e+17,0.009000,0.586175
0.586207,-6.732684e-05,0.169489,5.075622e+12,1.000051e+17,0.008440,0.586175
0.586207,-6.351528e-05,0.169488,5.180293e+12,1.000052e+17,0.007913,0.586175
0.586207,-5.991946e-05,0.169488,5.281017e+12,1.000053e+17,0.007415,0.586175
0.586207,-5.652718e-05,0.169488,5.377832e+12,1.000054e+17,0.006945,0.586175
0.586207,-5.332692e-05,0.169488,5.470793e+12,1.000055e+17,0.006502,0.586175
0.586207,-5.030781e-05,0.169488,5.559964e+12,1.000056e+17,0.006084,0.586175
0.586207,-4.745959e-05,0.169488,5.645418e+12,1.000056e+17,0.005689,0.586174
0.586207,-4.477258e-05,0.169488,5.727238e+12,1.000057e+17,0.005317,0.586174
0.586207,-4.223768e-05,0.169488,5.805513e+12,1.000058e+17,0.004966,0.586174
0.586207,-3.984626e-05,0.169488,5.880337e+12,1.000059e+17,0.004635,0.586174
0.586207,-3.759020e-05,0.169488,5.951809e+12,1.000060e+17,0.004323,0.586174
0.586207,-3.546184e-05,0.169488,6.020032e+12,1.000060e+17,0.004028,0.586174
0.586207,-3.345396e-05,0.169488,6.085108e+12,1.000061e+17,0.003750,0.586174
0.586207,-3.155973e-05,0.169488,6.147146e+12,1.000061e+17,0.003488,0.586174
0.586207,-2.977272e-05,0.169488,6.206251e+12,1.000062e+17,0.003240,0.586174
0.586207,-2.808686e-05,0.169488,6.262532e+12,1.000063e+17,0.003007,0.586174
0.586207,-2.649643e-05,0.169487,6.316094e+12,1.000063e+17,0.002787,0.586174
0.586207,-2.499602e-05,0.169487,6.367046e+12,1.000063e+17,0.002579,0.586174
0.586207,-2.358054e-05,0.169487,6.415494e+12,1.000063e+17,0.002383,0.586174
0.586207,-2.224518e-05,0.169487,6.461547e+12,1.000061e+17,0.002198,0.586174
0.586207,-2.098541e-05,0.169488,6.505319e+12,1.000056e+17,0.002024,0.586174
0.586207,-1.979695e-05,0.169488,6.546938e+12,1.000043e+17,0.001859,0.586174
0.586207,-1.867576e-05,0.169489,6.586560e+12,1.000012e+17,0.001704,0.586174
0.586207,-1.761803e-05,0.169490,6.624403e+12,9.999471e+16,0.001558,0.586174
0.586207,-1.662017e-05,0.169494,6.660785e+12,9.998124e+16,0.001419,0.586174
0.586207,-1.567880e-05,0.169501,6.696214e+12,9.995467e+16,0.001289,0.586174
0.586207,-1.479071e-05,0.169514,6.731500e+12,9.990434e+16,0.001166,0.586174
0.586207,-1.395289e-05,0.169537,6.767934e+12,9.981267e+16,0.001050,0.586174
0.586207,-1.316249e-05,0.169579,6.807535e+12,9.965178e+16,0.000941,0.586174
0.586207,-1.241684e-05,0.169650,6.853379e+12,9.937929e+16,0.000839,0.586174
0.586207,-1.171339e-05,0.169766,6.910029e+12,9.893340e+16,0.000742,0.586174
0.586207,-1.104975e-05,0.169951,6.984078e+12,9.822800e+16,0.000651,0.586174
0.586207,-1.042369e-05,0.170237,7.084830e+12,9.714883e+16,0.000567,0.586174
0.586207,-9.833057e-06,0.170665,7.225166e+12,9.555274e+16,0.000488,0.586174
0.586207,-9.275859e-06,0.171289,7.422669e+12,9.327277e+16,0.000415,0.586174
0.586207,-8.750201e-06,0.172175,7.701167e+12,9.013228e+16,0.000348,0.586174
0.586207,-8.254297e-06,0.173397,8.092912e+12,8.597034e+16,0.000288,0.586174
0.586207,-7.786462e-06,0.175039,8.641801e+12,8.067835e+16,0.000234,0.586174
0.586207,-7.345109e-06,0.177189,9.408213e+12,7.424215e+16,0.000186,0.586174
0.586207,-6.928739e-06,0.179928,1.047631e+13,6.677798e+16,0.000146,0.586174
0.586207,-6.535936e-06,0.183329,1.196511e+13,5.854622e+16,0.000111,0.586174
0.586207,-6.165367e-06,0.187444,1.404506e+13,4.992987e+16,0.000083,0.586174
0.586207,-5.815775e-06,0.192302,1.696294e+13,4.137660e+16,0.000061,0.586174
0.586207,-5.485970e-06,0.197901,2.107872e+13,3.331956e+16,0.000044,0.586174
0.586207,-5.174833e-06,0.204211,2.691979e+13,2.610283e+16,0.000031,0.586174
0.586207,-4.881309e-06,0.211179,3.526022e+13,1.993573e+16,0.000022,0.586174
0.586207,-4.604398e-06,0.218731,4.723504e+13,1.488559e+16,0.000015,0.586174
0.586207,-4.343162e-06,0.226781,6.450328e+13,1.090254e+16,0.000010,0.586174
0.586207,-4.096713e-06,0.235238,8.947716e+13,7.860534e+15,0.000007,0.586174
0.586207,-3.864214e-06,0.244011,1.256391e+14,5.598561e+15,0.000005,0.586174
0.586207,-3.644875e-06,0.253012,1.779728e+14,3.952507e+15,0.000003,0.586174
0.586207,-3.437951e-06,0.262159,2.535371e+14,2.774606e+15,0.000002,0.586174
0.586207,-3.242740e-06,0.271381,3.622147e+14,1.942170e+15,0.000002,0.586173
0.586207,-3.058579e-06,0.280612,5.176677e+14,1.358967e+15,0.000001,0.586173
0.586207,-2.884842e-06,0.289797,7.385251e+14,9.525740e+14,0.000001,0.586173
0.586207,-2.720939e-06,0.298890,1.049825e+15,6.701146e+14,0.000001,0.586173
0.586207,-2.566314e-06,0.307850,1.484718e+15,4.738303e+14,0.000000,0.586173
0.586207,-2.420441e-06,0.316645,2.086421e+15,3.371824e+14,0.000000,0.586173
0.586207,-2.282825e-06,0.325250,2.910399e+15,2.417208e+14,0.000000,0.586173
0.586207,-2.152999e-06,0.333643,4.026721e+15,1.747086e+14,0.000000,0.586173
0.586207,-2.030521e-06,0.341809,5.522532e+15,1.273875e+14,0.000000,0.586173
0.586207,-1.914976e-06,0.349737,7.504557e+15,9.374301e+13,0.000000,0.586173
0.586207,-1.805971e-06,0.357420,1.010156e+16,6.964255e+13,0.000000,0.586172
0.586207,-1.703137e-06,0.364853,1.346666e+16,5.223988e+13,0.000000,0.586172
0.586207,-1.606123e-06,0.372035,1.777951e+16,3.956775e+13,0.000000,0.586172
0.586207,-1.514600e-06,0.378968,2.324818e+16,3.026016e+13,0.000000,0.586172
0.586207,-1.428258e-06,0.385655,3.011091e+16,2.336337e+13,0.000000,0.586172
0.586207,-1.346804e-06,0.392101,3.863758e+16,1.820743e+13,0.000000,0.586172
0.586207,-1.269960e-06,0.398313,4.913117e+16,1.431861e+13,0.000000,0.586172
0.586207,-1.197465e-06,0.404297,6.192913e+16,1.135958e+13,0.000000,0.586172
0.586207,-1.129075e-06,0.410064,7.740496e+16,9.088407e+12,0.000000,0.586172
0.586207,-1.064555e-06,0.415622,9.596998e+16,7.330281e+12,0.000000,0.586172
0.586207,-1.003687e-06,0.420980,1.180755e+17,5.957931e+12,0.000000,0.586172
0.586207,-9.462648e-07,0.426150,1.442159e+17,4.878001e+12,0.000000,0.586172
0.586207,-8.920928e-07,0.431142,1.749314e+17,4.021487e+12,0.000000,0.586172
0.586207,-8.409871e-07,0.435965,2.108131e+17,3.337002e+12,0.000000,0.586172
0.586207,-7.927742e-07,0.440631,2.525075e+17,2.785989e+12,0.000000,0.586172
0.586207,-7.472904e-07,0.445149,3.007226e+17,2.339307e+12,0.000000,0.586172
0.586207,-7.043810e-07,0.449528,3.562349e+17,1.974769e+12,0.000000,0.586172
0.586207,-6.639006e-07,0.453779,4.198975e+17,1.675364e+12,0.000000,0.586172
0.586207,-6.257114e-07,0.457909,4.926487e+17,1.427956e+12,0.000000,0.586172
0.586207,-5.896840e-07,0.461929,5.755220e+17,1.222334e+12,0.000000,0.586172
0.586207,-5.556958e-07,0.465845,6.696575e+17,1.050507e+12,0.000000,0.586172
0.586207,-5.236314e-07,0.469666,7.763134e+17,9.061796e+11,0.000000,0.586172
0.586207,-4.933821e-07,0.473398,8.968797e+17,7.843626e+11,0.000000,0.586172
0.586207,-4.648449e-07,0.477048,1.032892e+18,6.810764e+11,0.000000,0.586172
0.586207,-4.379231e-07,0.480622,1.186048e+18,5.931280e+11,0.000000,0.586172
0.586207,-4.125252e-07,0.484127,1.358221e+18,5.179406e+11,0.000000,0.586172
0.586207,-3.885648e-07,0.487566,1.551482e+18,4.534227e+11,0.000000,0.586172
0.586207,-3.659607e-07,0.490945,1.768117e+18,3.978678e+11,0.000000,0.586172
0.586207,-3.446361e-07,0.494268,2.010646e+18,3.498759e+11,0.000000,0.586172
0.586207,-3.245186e-07,0.497539,2.281845e+18,3.082927e+11,0.000000,0.586172
0.586207,-3.055398e-07,0.500761,2.584772e+18,2.721616e+11,0.000000,0.586172
0.586207,-2.876352e-07,0.503939,2.922787e+18,2.406864e+11,0.000000,0.586172
0.586207,-2.707441e-07,0.507073,3.299582e+18,2.132012e+11,0.000000,0.586172
0.586207,-2.548091e-07,0.510168,3.719204e+18,1.891465e+11,0.000000,0.586172
0.586207,-2.397761e-07,0.513225,4.186083e+18,1.680507e+11,0.000000,0.586172
0.586207,-2.255940e-07,0.516247,4.705065e+18,1.495141e+11,0.000000,0.586171
0.586207,-2.122147e-07,0.519234,5.281438e+18,1.331973e+11,0.000000,0.586171
0.586207,-1.995927e-07,0.522189,5.920962e+18,1.188105e+11,0.000000,0.586171
0.586207,-1.876852e-07,0.525113,6.629904e+18,1.061059e+11,0.000000,0.586171
0.586207,-1.764516e-07,0.528006,7.415062e+18,9.487061e+10,0.000000,0.586171
0.586207,-1.658539e-07,0.530870,8.283801e+18,8.492127e+10,0.000000,0.586171
0.586207,-1.558561e-07,0.533706,9.244079e+18,7.609956e+10,0.000000,0.586171
0.586207,-1.464242e-07,0.536513,1.030448e+19,6.826836e+10,0.000000,0.586171
0.586207,-1.375262e-07,0.539293,1.147422e+19,6.130867e+10,0.000000,0.586171
0.586207,-1.291319e-07,0.542045,1.276320e+19,5.511692e+10,0.000000,0.586171
0.586207,-1.212127e-07,0.544770,1.418201e+19,4.960281e+10,0.000000,0.586171
0.586207,-1.137417e-07,0.547468,1.574193e+19,4.468746e+10,0.000000,0.586171
0.586207,-1.066937e-07,0.550138,1.745496e+19,4.030178e+10,0.000000,0.586171
0.586207,-1.000445e-07,0.552781,1.933381e+19,3.638524e+10,0.000000,0.586171
0.586207,-9.377180e-08,0.555396,2.139190e+19,3.288463e+10,0.000000,0.586171
0.586207,-8.785411e-08,0.557983,2.364332e+19,2.975317e+10,0.000000,0.586171
0.586207,-8.227138e-08,0.560542,2.610286e+19,2.694965e+10,0.000000,0.586171
0.586207,-7.700466e-08,0.563071,2.878590e+19,2.443772e+10,0.000000,0.586171
0.586207,-7.203606e-08,0.565571,3.170844e+19,2.218529e+10,0.000000,0.586171
0.586207,-6.734869e-08,0.568041,3.488695e+19,2.016399e+10,0.000000,0.586171
0.586207,-6.292665e-08,0.570479,3.833837e+19,1.834869e+10,0.000000,0.586171
0.586207,-5.875492e-08,0.572887,4.207996e+19,1.671717e+10,0.000000,0.586171
0.586207,-5.481932e-08,0.575262,4.612924e+19,1.524969e+10,0.000000,0.586171
0.586207,-5.110649e-08,0.577604,5.050381e+19,1.392877e+10,0.000000,0.586171
0.586207,-4.760382e-08,0.579913,5.522124e+19,1.273884e+10,0.000000,0.586171
0.586207,-4.429941e-08,0.582187,6.029891e+19,1.166610e+10,0.000000,0.586171
0.586207,-4.118205e-08,0.584426,6.575384e+19,1.069827e+10,0.000000,0.586171
0.586207,-3.824114e-08,0.586629,7.160247e+19,9.824393e+09,0.000000,0.586171
0.586207,-3.546669e-08,0.588795,7.786050e+19,9.034741e+09,0.000000,0.586171
0.586207,-3.284929e-08,0.590923,8.454266e+19,8.320629e+09,0.000000,0.586171
0.586207,-3.038005e-08,0.593014,9.166248e+19,7.674315e+09,0.000000,0.586171
0.586207,-2.805057e-08,0.595065,9.923210e+19,7.088889e+09,0.000000,0.586170
0.586207,-2.585295e-08,0.597077,1.072620e+20,6.558182e+09,0.000000,0.586170
0.586207,-2.377973e-08,0.599048,1.157609e+20,6.076685e+09,0.000000,0.586170
0.586207,-2.182386e-08,0.600978,1.247353e+20,5.639470e+09,0.000000,0.586170
0.586207,-1.997869e-08,0.602867,1.341896e+20,5.242133e+09,0.000000,0.586170
0.586207,-1.823797e-08,0.604714,1.441256e+20,4.880730e+09,0.000000,0.586170
0.586207,-1.659579e-08,0.606518,1.545426e+20,4.551731e+09,0.000000,0.586170
0.586207,-1.504655e-08,0.608279,1.654372e+20,4.251975e+09,0.000000,0.586170
0.586207,-1.358501e-08,0.609996,1.768031e+20,3.978626e+09,0.000000,0.586170
0.586207,-1.220620e-08,0.611671,1.886310e+20,3.729142e+09,0.000000,0.586170
0.586207,-1.090543e-08,0.613301,2.009088e+20,3.501241e+09,0.000000,0.586170
0.586207,-9.678290e-09,0.614887,2.136214e+20,3.292875e+09,0.000000,0.586170
0.586207,-8.520612e-09,0.616429,2.267508e+20,3.102202e+09,0.000000,0.586170
0.586207,-7.428463e-09,0.617927,2.402762e+20,2.927569e+09,0.000000,0.586170
0.586207,-6.398133e-09,0.619380,2.541741e+20,2.767487e+09,0.000000,0.586170
0.586207,-5.426124e-09,0.620790,2.684185e+20,2.620617e+09,0.000000,0.586170
0.586207,-4.509135e-09,0.622156,2.829811e+20,2.485751e+09,0.000000,0.586170
0.586207,-3.644050e-09,0.623478,2.978314e+20,2.361802e+09,0.000000,0.586169
0.586207,-2.827933e-09,0.624757,3.129373e+20,2.247790e+09,0.000000,0.586169
0.586207,-2.058011e-09,0.625993,3.282649e+20,2.142829e+09,0.000000,0.586169
0.586207,-1.331669e-09,0.627187,3.437793e+20,2.046121e+09,0.000000,0.586169
0.586207,-6.464414e-10,0.628339,3.594445e+20,1.956944e+09,0.000000,0.586169
0.586207,0.000000e+00,0.629450,3.752241e+20,1.874643e+09,0.000000,0.586169
0.586207,6.464414e-10,0.630520,3.910850e+20,1.798610e+09,0.000000,0.586169
0.586207,1.331669e-09,0.631612,4.079516e+20,1.724243e+09,0.000000,0.586169
0.586207,2.058011e-09,0.632722,4.258512e+20,1.651765e+09,0.000000,0.586169
0.586207,2.827933e-09,0.633847,4.448020e+20,1.581386e+09,0.000000,0.586169
0.586207,3.644050e-09,0.634985,4.648112e+20,1.513306e+09,0.000000,0.586169
0.586207,4.509135e-09,0.636130,4.858720e+20,1.447704e+09,0.000000,0.586169
0.586207,5.426124e-09,0.637280,5.079611e+20,1.384744e+09,0.000000,0.586169
0.586207,6.398133e-09,0.638428,5.310359e+20,1.324567e+09,0.000000,0.586169
0.586207,7.428463e-09,0.639571,5.550320e+20,1.267295e+09,0.000000,0.586168
0.586207,8.520612e-09,0.640702,5.798610e+20,1.213024e+09,0.000000,0.586168
0.586207,9.678290e-09,0.641817,6.054085e+20,1.161829e+09,0.000000,0.586168
0.586207,1.090543e-08,0.642909,6.315337e+20,1.113759e+09,0.000000,0.586168
0.586207,1.220620e-08,0.643973,6.580690e+20,1.068841e+09,0.000000,0.586168
0.586207,1.358501e-08,0.645003,6.848220e+20,1.027077e+09,0.000000,0.586168
0.586207,1.504655e-08,0.645994,7.115781e+20,9.884489e+08,0.000000,0.586167
0.586207,1.659579e-08,0.646940,7.381057e+20,9.529144e+08,0.000000,0.586167
0.586207,1.823797e-08,0.647837,7.641615e+20,9.204124e+08,0.000000,0.586167
0.586207,1.997869e-08,0.648680,7.894991e+20,8.908626e+08,0.000000,0.586166
0.586207,2.182386e-08,0.649467,8.138770e+20,8.641673e+08,0.000000,0.586166
0.586207,2.377973e-08,0.650193,8.370681e+20,8.402132e+08,0.000000,0.586166
0.586207,2.585295e-08,0.650858,8.588689e+20,8.188730e+08,0.000000,0.586165
0.586207,2.805057e-08,0.651460,8.791078e+20,8.000071e+08,0.000000,0.586165
0.586207,3.038005e-08,0.651999,8.976522e+20,7.834654e+08,0.000000,0.586164
0.586207,3.284929e-08,0.652478,9.144135e+20,7.690890e+08,0.000000,0.586164
0.586207,3.546669e-08,0.652897,9.293491e+20,7.567125e+08,0.000000,0.586163
0.586207,3.824114e-08,0.653259,9.424632e+20,7.461657e+08,0.000000,0.586163
0.586207,4.118205e-08,0.653568,9.538029e+20,7.372761e+08,0.000000,0.586162
0.586207,4.429941e-08,0.653828,9.634544e+20,7.298708e+08,0.000000,0.586161
0.586207,4.760382e-08,0.654044,9.715353e+20,7.237792e+08,0.000000,0.586161
0.586207,5.110649e-08,0.654221,9.781873e+20,7.188352e+08,0.000000,0.586160
0.586207,5.481932e-08,0.654362,9.835673e+20,7.148799e+08,0.000000,0.586159
0.586207,5.875492e-08,0.654474,9.878398e+20,7.117632e+08,0.000000,0.586158
0.586207,6.292665e-08,0.654561,9.911688e+20,7.093463e+08,0.000000,0.586157
0.586207,6.734869e-08,0.654628,9.937116e+20,7.075032e+08,0.000000,0.586156
0.586207,7.203606e-08,0.654677,9.956143e+20,7.061216e+08,0.000000,0.586155
0.586207,7.700466e-08,0.654713,9.970073e+20,7.051037e+08,0.000000,0.586154
0.586207,8.227138e-08,0.654739,9.980043e+20,7.043660e+08,0.000000,0.586153
0.586207,8.785411e-08,0.654757,9.987011e+20,7.038394e+08,0.000000,0.586151
0.586207,9.377180e-08,0.654769,9.991759e+20,7.034675e+08,0.000000,0.586150
0.586207,1.000445e-07,0.654778,9.994911e+20,7.032061e+08,0.000000,0.586149
0.586207,1.066937e-07,0.654783,9.996946e+20,7.030210e+08,0.000000,0.586147
0.586207,1.137417e-07,0.654786,9.998222e+20,7.028869e+08,0.000000,0.586145
0.586207,1.212127e-07,0.654788,9.998997e+20,7.027852e+08,0.000000,0.586144
0.586207,1.291319e-07,0.654789,9.999453e+20,7.027032e+08,0.000000,0.586142
0.586207,1.375262e-07,0.654790,9.999712e+20,7.026320e+08,0.000000,0.586140
0.586207,1.464242e-07,0.654790,9.999854e+20,7.025659e+08,0.000000,0.586138
0.586207,1.558561e-07,0.654791,9.999929e+20,7.025011e+08,0.000000,0.586136
0.586207,1.658539e-07,0.654791,9.999967e+20,7.024354e+08,0.000000,0.586133
0.586207,1.764516e-07,0.654791,9.999985e+20,7.023673e+08,0.000000,0.586131
0.586207,1.876852e-07,0.654791,9.999994e+20,7.022958e+08,0.000000,0.586128
0.586207,1.995927e-07,0.654791,9.999997e+20,7.022205e+08,0.000000,0.586125
0.586207,2.122147e-07,0.654791,9.999999e+20,7.021408e+08,0.000000,0.586122
0.586207,2.255940e-07,0.654791,1.000000e+21,7.020564e+08,0.000000,0.586119
0.586207,2.397761e-07,0.654791,1.000000e+21,7.019669e+08,0.000000,0.586116
0.586207,2.548091e-07,0.654791,1.000000e+21,7.018722e+08,0.000000,0.586113
0.586207,2.707441e-07,0.654791,1.000000e+21,7.017717e+08,0.000000,0.586109
0.586207,2.876352e-07,0.654791,1.000000e+21,7.016653e+08,0.000000,0.586105
0.586207,3.055398e-07,0.654791,1.000000e+21,7.015525e+08,0.000000,0.586101
0.586207,3.245186e-07,0.654791,1.000000e+21,7.014329e+08,0.000000,0.586096
0.586207,3.446361e-07,0.654791,1.000000e+21,7.013062e+08,0.000000,0.586092
0.586207,3.659607e-07,0.654791,1.000000e+21,7.011719e+08,0.000000,0.586087
0.586207,3.885648e-07,0.654791,1.000000e+21,7.010296e+08,0.000000,0.586082
0.586207,4.125252e-07,0.654791,1.000000e+21,7.008788e+08,0.000000,0.586076
0.586207,4.379231e-07,0.654791,1.000000e+21,7.007189e+08,0.000000,0.586070
0.586207,4.648449e-07,0.654791,1.000000e+21,7.005496e+08,0.000000,0.586064
0.586207,4.933821e-07,0.654791,1.000000e+21,7.003701e+08,0.000000,0.586057
0.586207,5.236314e-07,0.654791,1.000000e+21,7.001798e+08,0.000000,0.586050
0.586207,5.556958e-07,0.654791,1.000000e+21,6.999782e+08,0.000000,0.586043
0.586207,5.896840e-07,0.654791,1.000000e+21,6.997646e+08,0.000000,0.586035
0.586207,6.257114e-07,0.654791,1.000000e+21,6.995383e+08,0.000000,0.586026
0.586207,6.639006e-07,0.654791,1.000000e+21,6.992984e+08,0.000000,0.586018
0.586207,7.043810e-07,0.654791,1.000000e+21,6.990442e+08,0.000000,0.586008
0.586207,7.472904e-07,0.654791,1.000000e+21,6.987749e+08,0.000000,0.585998
0.586207,7.927742e-07,0.654791,1.000000e+21,6.984896e+08,0.000000,0.585988
0.586207,8.409871e-07,0.654791,1.000000e+21,6.981872e+08,0.000000,0.585976
0.586207,8.920928e-07,0.654791,1.000000e+21,6.978668e+08,0.000000,0.585965
0.586207,9.462648e-07,0.654791,1.000000e+21,6.975274e+08,0.000000,0.585952
0.586207,1.003687e-06,0.654791,1.000000e+21,6.971678e+08,0.000000,0.585939
0.586207,1.064555e-06,0.654791,1.000000e+21,6.967869e+08,0.000000,0.585925
0.586207,1.129075e-06,0.654791,1.000000e+21,6.963833e+08,0.000000,0.585910
0.586207,1.197465e-06,0.654791,1.000000e+21,6.959557e+08,0.000000,0.585894
0.586207,1.269960e-06,0.654791,1.000000e+21,6.955028e+08,0.000000,0.585877
0.586207,1.346804e-06,0.654791,1.000000e+21,6.950230e+08,0.000000,0.585859
0.586207,1.428258e-06,0.654791,1.000000e+21,6.945148e+08,0.000000,0.585840
0.586207,1.514600e-06,0.654791,1.000000e+21,6.939765e+08,0.000000,0.585820
0.586207,1.606123e-06,0.654791,1.000000e+21,6.934063e+08,0.000000,0.585799
0.586207,1.703137e-06,0.654791,1.000000e+21,6.928025e+08,0.000000,0.585776
0.586207,1.805971e-06,0.654791,1.000000e+21,6.921630e+08,0.000000,0.585752
0.586207,1.914976e-06,0.654791,1.000000e+21,6.914857e+08,0.000000,0.585727
0.586207,2.030521e-06,0.654791,1.000000e+21,6.907686e+08,0.000000,0.585700
0.586207,2.152999e-06,0.654791,1.000000e+21,6.900093e+08,0.000000,0.585672
0.586207,2.282825e-06,0.654791,1.000000e+21,6.892053e+08,0.000000,0.585642
0.586207,2.420441e-06,0.654791,1.000000e+21,6.883540e+08,0.000000,0.585610
0.586207,2.566314e-06,0.654791,1.000000e+21,6.874529e+08,0.000000,0.585576
0.586207,2.720939e-06,0.654791,1.000000e+21,6.864990e+08,0.000000,0.585540
0.586207,2.884842e-06,0.654791,1.000000e+21,6.854893e+08,0.000000,0.585502
0.586207,3.058579e-06,0.654791,1.000000e+21,6.844206e+08,0.000000,0.585462
0.586207,3.242740e-06,0.654791,1.000000e+21,6.832896e+08,0.000000,0.585419
0.586207,3.437951e-06,0.654791,1.000000e+21,6.820928e+08,0.000000,0.585374
0.586207,3.644875e-06,0.654791,1.000000e+21,6.808265e+08,0.000000,0.585326
0.586207,3.864214e-06,0.654791,1.000000e+21,6.794867e+08,0.000000,0.585275
0.586207,4.096713e-06,0.654791,1.000000e+21,6.780695e+08,0.000000,0.585221
0.586207,4.343162e-06,0.654791,1.000000e+21,6.765704e+08,0.000000,0.585163
0.586207,4.604398e-06,0.654791,1.000000e+21,6.749850e+08,0.000000,0.585103
0.586207,4.881309e-06,0.654791,1.000000e+21,6.733086e+08,0.000000,0.585038
0.586207,5.174833e-06,0.654791,1.000000e+21,6.715361e+08,0.000000,0.584970
0.586207,5.485970e-06,0.654791,1.000000e+21,6.696623e+08,0.000000,0.584898
0.586207,5.815775e-06,0.654791,1.000000e+21,6.676818e+08,0.000000,0.584822
0.586207,6.165367e-06,0.654791,1.000000e+21,6.655889e+08,0.000000,0.584740
0.586207,6.535936e-06,0.654791,1.000000e+21,6.633776e+08,0.000000,0.584654
0.586207,6.928739e-06,0.654791,1.000000e+21,6.610415e+08,0.000000,0.584563
0.586207,7.345109e-06,0.654791,1.000000e+21,6.585744e+08,0.000000,0.584466
0.586207,7.786462e-06,0.654791,1.000000e+21,6.559692e+08,0.000000,0.584364
0.586207,8.254297e-06,0.654791,1.000000e+21,6.532189e+08,0.000000,0.584255
0.586207,8.750201e-06,0.654791,1.000000e+21,6.503163e+08,0.000000,0.584140
0.586207,9.275859e-06,0.654791,1.000000e+21,6.472535e+08,0.000000,0.584018
0.586207,9.833057e-06,0.654791,1.000000e+21,6.440227e+08,0.000000,0.583889
0.586207,1.042369e-05,0.654791,1.000000e+21,6.406156e+08,0.000000,0.583752
0.586207,1.104975e-05,0.654791,1.000000e+21,6.370238e+08,0.000000,0.583606
0.586207,1.171339e-05,0.654791,1.000000e+21,6.332385e+08,0.000000,0.583452
0.586207,1.241684e-05,0.654791,1.000000e+21,6.292505e+08,0.000000,0.583289
0.586207,1.316249e-05,0.654791,1.000000e+21,6.250507e+08,0.000000,0.583116
0.586207,1.395289e-05,0.654791,1.000000e+21,6.206295e+08,0.000000,0.582932
0.586207,1.479071e-05,0.654791,1.000000e+21,6.159771e+08,0.000000,0.582738
0.586207,1.567880e-05,0.654791,1.000000e+21,6.110837e+08,0.000000,0.582532
0.586207,1.662017e-05,0.654791,1.000000e+21,6.059390e+08,0.000000,0.582313
0.586207,1.761803e-05,0.654791,1.000000e+21,6.005329e+08,0.000000,0.582081
0.586207,1.867576e-05,0.654791,1.000000e+21,5.948550e+08,0.000000,0.581836
0.586207,1.979695e-05,0.654791,1.000000e+21,5.888951e+08,0.000000,0.581575
0.586207,2.098541e-05,0.654791,1.000000e+21,5.826426e+08,0.000000,0.581300
0.586207,2.224518e-05,0.654791,1.000000e+21,5.760875e+08,0.000000,0.581007
0.586207,2.358054e-05,0.654791,1.000000e+21,5.692195e+08,0.000000,0.580697
0.586207,2.499602e-05,0.654791,1.000000e+21,5.620287e+08,0.000000,0.580368
0.586207,2.649643e-05,0.654791,1.000000e+21,5.545055e+08,0.000000,0.580020
0.586207,2.808686e-05,0.654791,1.000000e+21,5.466409e+08,0.000000,0.579651
0.586207,2.977272e-05,0.654791,1.000000e+21,5.384260e+08,0.000000,0.579259
0.586207,3.155973e-05,0.654791,1.000000e+21,5.298528e+08,0.000000,0.578844
0.586207,3.345396e-05,0.654791,1.000000e+21,5.209142e+08,0.000000,0.578404
0.586207,3.546184e-05,0.654791,1.000000e+21,5.116038e+08,0.000000,0.577938
0.586207,3.759020e-05,0.654791,1.000000e+21,5.019162e+08,0.000000,0.577444
0.586207,3.984626e-05,0.654791,1.000000e+21,4.918474e+08,0.000000,0.576920
0.586207,4.223768e-05,0.654791,1.000000e+21,4.813948e+08,0.000000,0.576365
0.586207,4.477258e-05,0.654791,1.000000e+21,4.705574e+08,0.000000,0.575776
0.586207,4.745959e-05,0.654791,1.000000e+21,4.593357e+08,0.000000,0.575152
0.586207,5.030781e-05,0.654791,1.000000e+21,4.477326e+08,0.000000,0.574491
0.586207,5.332692e-05,0.654791,1.000000e+21,4.357530e+08,0.000000,0.573790
0.586207,5.652718e-05,0.654791,1.000000e+21,4.234041e+08,0.000000,0.573046
0.586207,5.991946e-05,0.654791,1.000000e+21,4.106959e+08,0.000000,0.572259
0.586207,6.351528e-05,0.654791,1.000000e+21,3.976412e+08,0.000000,0.571423
0.586207,6.732684e-05,0.654791,1.000000e+21,3.842556e+08,0.000000,0.570538
0.586207,7.136710e-05,0.654791,1.000000e+21,3.705582e+08,0.000000,0.569600
0.586207,7.564977e-05,0.654791,1.000000e+21,3.565712e+08,0.000000,0.568605
0.586207,8.018940e-05,0.654791,1.000000e+21,3.423207e+08,0.000000,0.567551
0.586207,8.500141e-05,0.654791,1.000000e+21,3.278359e+08,0.000000,0.566433
0.586207,9.010214e-05,0.654791,1.000000e+21,3.131502e+08,0.000000,0.565248
0.586207,9.550892e-05,0.654791,1.000000e+21,2.983003e+08,0.000000,0.563992
0.586207,1.012401e-04,0.654791,1.000000e+21,2.833270e+08,0.000000,0.562661
0.586207,1.073152e-04,0.654791,1.000000e+21,2.682742e+08,0.000000,0.561250
0.586207,1.137547e-04,0.654791,1.000000e+21,2.531897e+08,0.000000,0.559754
0.586207,1.205806e-04,0.654791,1.000000e+21,2.381242e+08,0.000000,0.558168
0.586207,1.278161e-04,0.654791,1.000000e+21,2.231312e+08,0.000000,0.556486
0.586207,1.354857e-04,0.654791,1.000000e+21,2.082666e+08,0.000000,0.554704
0.586207,1.436155e-04,0.654791,1.000000e+21,1.935884e+08,0.000000,0.552815
0.586207,1.522331e-04,0.654791,1.000000e+21,1.791556e+08,0.000000,0.550812
0.586207,1.613677e-04,0.654791,1.000000e+21,1.650276e+08,0.000000,0.548688
0.586207,1.710504e-04,0.654791,1.000000e+21,1.512639e+08,0.000000,0.546437
0.586207,1.813141e-04,0.654791,1.000000e+21,1.379223e+08,0.000000,0.544050
0.586207,1.921936e-04,0.654791,1.000000e+21,1.250589e+08,0.000000,0.541519
0.586207,2.033332e-04,0.654791,1.000000e+21,1.131234e+08,0.000000,0.538926
0.586207,2.144727e-04,0.654791,1.000000e+21,1.023182e+08,0.000000,0.536330
0.586207,2.256123e-04,0.654791,1.000000e+21,9.253536e+07,0.000000,0.533732
0.586207,2.367518e-04,0.654791,1.000000e+21,8.367712e+07,0.000000,0.531131
0.586207,2.478914e-04,0.654791,1.000000e+21,7.565497e+07,0.000000,0.528525
0.586207,2.590309e-04,0.654791,1.000000e+21,6.838874e+07,0.000000,0.525915
0.586207,2.701705e-04,0.654791,1.000000e+21,6.180586e+07,0.000000,0.523299
0.586207,2.813100e-04,0.654791,1.000000e+21,5.584053e+07,0.000000,0.520675
0.586207,2.924496e-04,0.654791,1.000000e+21,5.043316e+07,0.000000,0.518042
0.586207,3.035891e-04,0.654791,1.000000e+21,4.552972e+07,0.000000,0.515397
0.586207,3.147287e-04,0.654791,1.000000e+21,4.108123e+07,0.000000,0.512739
0.586207,3.258682e-04,0.654791,1.000000e+21,3.704323e+07,0.000000,0.510065
0.586207,3.370078e-04,0.654791,1.000000e+21,3.337538e+07,0.000000,0.507369
0.586207,3.481473e-04,0.654791,1.000000e+21,3.004104e+07,0.000000,0.504648
0.586207,3.592869e-04,0.654791,1.000000e+21,2.700690e+07,0.000000,0.501896
0.586207,3.704264e-04,0.654791,1.000000e+21,2.424265e+07,0.000000,0.499104
0.586207,3.815660e-04,0.654791,1.000000e+21,2.172068e+07,0.000000,0.496264
0.586207,3.927055e-04,0.654791,1.000000e+21,1.941579e+07,0.000000,0.493364
0.586207,4.038451e-04,0.654791,1.000000e+21,1.730497e+07,0.000000,0.490389
0.586207,4.149846e-04,0.654791,1.000000e+21,1.536715e+07,0.000000,0.487319
0.586207,4.261242e-04,0.654791,1.000000e+21,1.358299e+07,0.000000,0.484128
0.586207,4.372637e-04,0.654791,1.000000e+21,1.193470e+07,0.000000,0.480784
0.586207,4.484033e-04,0.654791,1.000000e+21,1.040585e+07,0.000000,0.477240
0.586207,4.595428e-04,0.654791,1.000000e+21,8.981229e+06,0.000000,0.473434
0.586207,4.706824e-04,0.654791,1.000000e+21,7.646729e+06,0.000000,0.469275
0.586207,4.818219e-04,0.654791,1.000000e+21,6.389202e+06,0.000000,0.464630
0.586207,4.929615e-04,0.654791,1.000000e+21,5.196426e+06,0.000000,0.459288
0.586207,5.041010e-04,0.654791,1.000000e+21,4.057182e+06,0.000000,0.452890
0.586207,5.152406e-04,0.654791,1.000000e+21,2.961728e+06,0.000000,0.444754
0.586207,5.263801e-04,0.654791,1.000000e+21,1.904013e+06,0.000000,0.433333
0.586207,5.375197e-04,0.654791,1.000000e+21,8.955548e+05,0.000000,0.413833
0.586207,5.486592e-04,0.654791,1.000000e+21,1.121323e+05,0.000000,0.360119
0.586207,5.569776e-04,0.654791,1.000000e+21,1.000000e-01,0.000000,0.000000
0.758621,-9.340798e-04,0.341936,1.000000e+03,1.000000e+17,0.758621,0.758621
0.758621,-9.225255e-04,0.341771,4.153564e+11,1.000004e+17,0.245432,0.758456
0.758621,-9.038439e-04,0.341503,4.946412e+12,1.000050e+17,0.181121,0.758189
0.758621,-8.851623e-04,0.341234,1.123253e+13,1.000112e+17,0.159650,0.757922
0.758621,-8.664807e-04,0.340966,1.779729e+13,1.000178e+17,0.147484,0.757656
0.758621,-8.477992e-04,0.340698,2.452892e+13,1.000245e+17,0.138922,0.757389
0.758621,-8.291176e-04,0.340430,3.145703e+13,1.000315e+17,0.132223,0.757123
0.758621,-8.104360e-04,0.340162,3.863714e+13,1.000386e+17,0.126640,0.756857
0.758621,-7.917544e-04,0.339894,4.613345e+13,1.000461e+17,0.121789,0.756591
0.758621,-7.730728e-04,0.339627,5.401508e+13,1.000540e+17,0.117444,0.756326
0.758621,-7.543912e-04,0.339360,6.235535e+13,1.000623e+17,0.113465,0.756061
0.758621,-7.357096e-04,0.339093,7.123195e+13,1.000712e+17,0.109757,0.755797
0.758621,-7.170280e-04,0.338827,8.072741e+13,1.000807e+17,0.106256,0.755533
0.758621,-6.983464e-04,0.338561,9.092981e+13,1.000909e+17,0.102913,0.755269
0.758621,-6.796648e-04,0.338296,1.019335e+14,1.001019e+17,0.099695,0.755007
0.758621,-6.609832e-04,0.338031,1.138399e+14,1.001138e+17,0.096574,0.754745
0.758621,-6.423016e-04,0.337766,1.267587e+14,1.001267e+17,0.093531,0.754484
0.758621,-6.236200e-04,0.337503,1.408086e+14,1.001408e+17,0.090550,0.754224
0.758621,-6.049384e-04,0.337240,1.561184e+14,1.001561e+17,0.087618,0.753965
0.758621,-5.862568e-04,0.336978,1.728285e+14,1.001728e+17,0.084728,0.753707
0.758621,-5.675752e-04,0.336716,1.910920e+14,1.001911e+17,0.081869,0.753451
0.758621,-5.488936e-04,0.336456,2.110761e+14,1.002111e+17,0.079038,0.753196
0.758621,-5.302120e-04,0.336197,2.329639e+14,1.002329e+17,0.076228,0.752942
0.758621,-5.115304e-04,0.335939,2.569560e+14,1.002569e+17,0.073436,0.752691
0.758621,-4.928488e-04,0.335683,2.832722e+14,1.002832e+17,0.070659,0.752441
0.758621,-4.741672e-04,0.335427,3.121543e+14,1.003121e+17,0.067894,0.752193
0.758621,-4.554857e-04,0.335174,3.438674e+14,1.003438e+17,0.065139,0.751948
0.758621,-4.368041e-04,0.334922,3.787035e+14,1.003787e+17,0.062392,0.751705
0.758621,-4.181225e-04,0.334672,4.169836e+14,1.004169e+17,0.059653,0.751465
0.758621,-3.994409e-04,0.334425,4.590612e+14,1.004590e+17,0.056920,0.751228
0.758621,-3.807593e-04,0.334179,5.053259e+14,1.005053e+17,0.054192,0.750995
0.758621,-3.620777e-04,0.333936,5.562067e+14,1.005562e+17,0.051469,0.750765
0.758621,-3.433961e-04,0.333696,6.121771e+14,1.006121e+17,0.048751,0.750539
0.758621,-3.247145e-04,0.333460,6.737593e+14,1.006737e+17,0.046036,0.750318
0.758621,-3.063338e-04,0.333230,7.403911e+14,1.007403e+17,0.043368,0.750105
0.758621,-2.889936e-04,0.333016,8.093054e+14,1.008092e+17,0.040854,0.749910
0.758621,-2.726348e-04,0.332818,8.802209e+14,1.008801e+17,0.038484,0.749730
0.758621,-2.572020e-04,0.332634,9.528476e+14,1.009528e+17,0.036251,0.749564
0.758621,-2.426428e-04,0.332464,1.026891e+15,1.010268e+17,0.034146,0.749413
0.758621,-2.289077e-04,0.332306,1.102057e+15,1.011020e+17,0.032161,0.749274
0.758621,-2.159501e-04,0.332159,1.178055e+15,1.011779e+17,0.030291,0.749147
0.758621,-2.037259e-04,0.332024,1.254600e+15,1.012545e+17,0.028528,0.749031
0.758621,-1.921936e-04,0.331898,1.331420e+15,1.013313e+17,0.026866,0.748925
0.758621,-1.813141e-04,0.331782,1.408251e+15,1.014081e+17,0.025300,0.748829
0.758621,-1.710504e-04,0.331675,1.484848e+15,1.014847e+17,0.023823,0.748741
0.758621,-1.613677e-04,0.331576,1.560976e+15,1.015608e+17,0.022431,0.748661
0.758621,-1.522331e-04,0.331484,1.636423e+15,1.016363e+17,0.021119,0.748588
0.758621,-1.436155e-04,0.331399,1.710990e+15,1.017108e+17,0.019882,0.748522
0.758621,-1.354857e-04,0.331320,1.784498e+15,1.017843e+17,0.018716,0.748463
0.758621,-1.278161e-04,0.331248,1.856786e+15,1.018566e+17,0.017617,0.748408
0.758621,-1.205806e-04,0.331181,1.927711e+15,1.019275e+17,0.016581,0.748359
0.758621,-1.137547e-04,0.331119,1.997147e+15,1.019970e+17,0.015604,0.748315
0.758621,-1.073152e-04,0.331061,2.064985e+15,1.020648e+17,0.014683,0.748275
0.758621,-1.012401e-04,0.331008,2.131135e+15,1.021309e+17,0.013815,0.748238
0.758621,-9.550892e-05,0.330959,2.195520e+15,1.021953e+17,0.012996,0.748206
0.758621,-9.010214e-05,0.330914,2.258077e+15,1.022579e+17,0.012225,0.748176
0.758621,-8.500141e-05,0.330872,2.318760e+15,1.023186e+17,0.011497,0.748149
0.758621,-8.018940e-05,0.330833,2.377533e+15,1.023773e+17,0.010811,0.748125
0.758621,-7.564977e-05,0.330797,2.434373e+15,1.024342e+17,0.010164,0.748103
0.758621,-7.136710e-05,0.330763,2.489268e+15,1.024891e+17,0.009554,0.748084
0.758621,-6.732684e-05,0.330732,2.542215e+15,1.025420e+17,0.008979,0.748066
0.758621,-6.351528e-05,0.330704,2.593220e+15,1.025930e+17,0.008437,0.748050
0.758621,-5.991946e-05,0.330677,2.642297e+15,1.026421e+17,0.007926,0.748036
0.758621,-5.652718e-05,0.330652,2.689467e+15,1.026892e+17,0.007444,0.748023
0.758621,-5.332692e-05,0.330629,2.734756e+15,1.027345e+17,0.006989,0.748012
0.758621,-5.030781e-05,0.330608,2.778197e+15,1.027780e+17,0.006560,0.748001
0.758621,-4.745959e-05,0.330588,2.819827e+15,1.028196e+17,0.006156,0.747992
0.758621,-4.477258e-05,0.330570,2.859686e+15,1.028594e+17,0.005775,0.747984
0.758621,-4.223768e-05,0.330553,2.897818e+15,1.028976e+17,0.005415,0.747976
0.758621,-3.984626e-05,0.330537,2.934269e+15,1.029340e+17,0.005076,0.747969
0.758621,-3.759020e-05,0.330522,2.969087e+15,1.029688e+17,0.004756,0.747963
0.758621,-3.546184e-05,0.330508,3.002323e+15,1.030021e+17,0.004455,0.747958
0.758621,-3.345396e-05,0.330495,3.034027e+15,1.030338e+17,0.004170,0.747953
0.758621,-3.155973e-05,0.330483,3.064251e+15,1.030640e+17,0.003902,0.747949
0.758621,-2.977272e-05,0.330472,3.093048e+15,1.030928e+17,0.003649,0.747945
0.758621,-2.808686e-05,0.330462,3.120469e+15,1.031202e+17,0.003411,0.747941
0.758621,-2.649643e-05,0.330452,3.146566e+15,1.031463e+17,0.003185,0.747938
0.758621,-2.499602e-05,0.330443,3.171392e+15,1.031711e+17,0.002973,0.747935
0.758621,-2.358054e-05,0.330435,3.194997e+15,1.031947e+17,0.002773,0.747932
0.758621,-2.224518e-05,0.330427,3.217431e+15,1.032171e+17,0.002584,0.747930
0.758621,-2.098541e-05,0.330419,3.238745e+15,1.032384e+17,0.002406,0.747928
0.758621,-1.979695e-05,0.330412,3.258988e+15,1.032585e+17,0.002238,0.747926
0.758621,-1.867576e-05,0.330406,3.278211e+15,1.032773e+17,0.002080,0.747925
0.758621,-1.761803e-05,0.330400,3.296466e+15,1.032948e+17,0.001930,0.747923
0.758621,-1.662017e-05,0.330395,3.313811e+15,1.033106e+17,0.001789,0.747922
0.758621,-1.567880e-05,0.330390,3.330313e+15,1.033238e+17,0.001656,0.747920
0.758621,-1.479071e-05,0.330387,3.346058e+15,1.033333e+17,0.001531,0.747919
0.758621,-1.395289e-05,0.330385,3.361163e+15,1.033367e+17,0.001413,0.747918
0.758621,-1.316249e-05,0.330386,3.375789e+15,1.033304e+17,0.001301,0.747917
0.758621,-1.241684e-05,0.330390,3.390166e+15,1.033085e+17,0.001196,0.747917
0.758621,-1.171339e-05,0.330401,3.404626e+15,1.032623e+17,0.001097,0.747916
0.758621,-1.104975e-05,0.330421,3.419634e+15,1.031790e+17,0.001003,0.747915
0.758621,-1.042369e-05,0.330455,3.435835e+15,1.030406e+17,0.000915,0.747915
0.758621,-9.833057e-06,0.330509,3.454101e+15,1.028230e+17,0.000832,0.747914
0.758621,-9.275859e-06,0.330592,3.475586e+15,1.024944e+17,0.000754,0.747914
0.758621,-8.750201e-06,0.330713,3.501782e+15,1.020148e+17,0.000681,0.747913
0.758621,-8.254297e-06,0.330885,3.534577e+15,1.013359e+17,0.000612,0.747913
0.758621,-7.786462e-06,0.331124,3.576315e+15,1.004014e+17,0.000548,0.747912
0.758621,-7.345109e-06,0.331448,3.629856e+15,9.914927e+16,0.000488,0.747912
0.758621,-6.928739e-06,0.331878,3.698646e+15,9.751446e+16,0.000432,0.747912
0.758621,-6.535936e-06,0.332435,3.786791e+15,9.543416e+16,0.000380,0.747912
0.758621,-6.165367e-06,0.333143,3.899158e+15,9.285374e+16,0.000333,0.747911
0.758621,-5.815775e-06,0.334026,4.041487e+15,8.973385e+16,0.000289,0.747911
0.758621,-5.485970e-06,0.335108,4.220553e+15,8.605750e+16,0.000249,0.747911
0.758621,-5.174833e-06,0.336408,4.444360e+15,8.183594e+16,0.000214,0.747911
0.758621,-4.881309e-06,0.337945,4.722389e+15,7.711222e+16,0.000182,0.747910
0.758621,-4.604398e-06,0.339732,5.065905e+15,7.196117e+16,0.000154,0.747910
0.758621,-4.343162e-06,0.341777,5.488333e+15,6.648548e+16,0.000129,0.747910
0.758621,-4.096713e-06,0.344085,6.005694e+15,6.080808e+16,0.000108,0.747910
0.758621,-3.864214e-06,0.346651,6.637115e+15,5.506197e+16,0.000089,0.747910
0.758621,-3.644875e-06,0.349467,7.405417e+15,4.937899e+16,0.000074,0.747910
0.758621,-3.437951e-06,0.352519,8.337763e+15,4.387948e+16,0.000060,0.747909
0.758621,-3.242740e-06,0.355790,9.466381e+15,3.866428e+16,0.000049,0.747909
0.758621,-3.058579e-06,0.359258,1.082935e+16,3.380980e+16,0.000040,0.747909
0.758621,-2.884842e-06,0.362901,1.247146e+16,2.936649e+16,0.000033,0.747909
0.758621,-2.720939e-06,0.366692,1.444508e+16,2.536007e+16,0.000026,0.747909
0.758621,-2.566314e-06,0.370609,1.681116e+16,2.179488e+16,0.000021,0.747909
0.758621,-2.420441e-06,0.374626,1.964020e+16,1.865831e+16,0.000017,0.747908
0.758621,-2.282825e-06,0.378720,2.301332e+16,1.592546e+16,0.000014,0.747908
0.758621,-2.152999e-06,0.382870,2.702334e+16,1.356359e+16,0.000011,0.747908
0.758621,-2.030521e-06,0.387056,3.177595e+16,1.153583e+16,0.000009,0.747908
0.758621,-1.914976e-06,0.391261,3.739094e+16,9.804102e+15,0.000007,0.747908
0.758621,-1.805971e-06,0.395469,4.400348e+16,8.331218e+15,0.000006,0.747908
0.758621,-1.703137e-06,0.399668,5.176555e+16,7.082255e+15,0.000005,0.747908
0.758621,-1.606123e-06,0.403846,6.084747e+16,6.025364e+15,0.000004,0.747908
0.758621,-1.514600e-06,0.407994,7.143959e+16,5.132128e+15,0.000003,0.747907
0.758621,-1.428258e-06,0.412105,8.375418e+16,4.377623e+15,0.000003,0.747907
0.758621,-1.346804e-06,0.416172,9.802755e+16,3.740273e+15,0.000002,0.747907
0.758621,-1.269960e-06,0.420192,1.145224e+17,3.201593e+15,0.000002,0.747907
0.758621,-1.197465e-06,0.424162,1.335307e+17,2.745869e+15,0.000002,0.747907
0.758621,-1.129075e-06,0.428079,1.553762e+17,2.359823e+15,0.000001,0.747907
0.758621,-1.064555e-06,0.431942,1.804187e+17,2.032287e+15,0.000001,0.747907
0.758621,-1.003687e-06,0.435750,2.090570e+17,1.753896e+15,0.000001,0.747907
0.758621,-9.462648e-07,0.439505,2.417339e+17,1.516815e+15,0.000001,0.747907
0.758621,-8.920928e-07,0.443206,2.789406e+17,1.314497e+15,0.000001,0.747907
0.758621,-8.409871e-07,0.446854,3.212224e+17,1.141475e+15,0.000001,0.747907
0.758621,-7.927742e-07,0.450452,3.691844e+17,9.931841e+14,0.000001,0.747907
0.758621,-7.472904e-07,0.454000,4.234984e+17,8.658085e+14,0.000001,0.747907
0.758621,-7.043810e-07,0.457500,4.849100e+17,7.561585e+14,0.000001,0.747907
0.758621,-6.639006e-07,0.460955,5.542469e+17,6.615627e+14,0.000000,0.747907
0.758621,-6.257114e-07,0.464367,6.324276e+17,5.797806e+14,0.000000,0.747907
0.758621,-5.896840e-07,0.467736,7.204710e+17,5.089301e+14,0.000000,0.747907
0.758621,-5.556958e-07,0.471066,8.195075e+17,4.474266e+14,0.000000,0.747907
0.758621,-5.236314e-07,0.474358,9.307901e+17,3.939335e+14,0.000000,0.747907
0.758621,-4.933821e-07,0.477613,1.055707e+18,3.473211e+14,0.000000,0.747907
0.758621,-4.648449e-07,0.480834,1.195797e+18,3.066317e+14,0.000000,0.747907
0.758621,-4.379231e-07,0.484023,1.352761e+18,2.710525e+14,0.000000,0.747907
0.758621,-4.125252e-07,0.487180,1.528481e+18,2.398912e+14,0.000000,0.747907
0.758621,-3.885648e-07,0.490308,1.725037e+18,2.125572e+14,0.000000,0.747907
0.758621,-3.659607e-07,0.493406,1.944724e+18,1.885455e+14,0.000000,0.747907
0.758621,-3.446361e-07,0.496478,2.190074e+18,1.674230e+14,0.000000,0.747907
0.758621,-3.245186e-07,0.499523,2.463877e+18,1.488177e+14,0.000000,0.747907
0.758621,-3.055398e-07,0.502544,2.769201e+18,1.324094e+14,0.000000,0.747907
0.758621,-2.876352e-07,0.505539,3.109422e+18,1.179217e+14,0.000000,0.747907
0.758621,-2.707441e-07,0.508511,3.488240e+18,1.051155e+14,0.000000,0.747907
0.758621,-2.548091e-07,0.511460,3.909718e+18,9.378371e+13,0.000000,0.747907
0.758621,-2.397761e-07,0.514386,4.378297e+18,8.374663e+13,0.000000,0.747907
0.758621,-2.255940e-07,0.517290,4.898835e+18,7.484788e+13,0.000000,0.747907
0.758621,-2.122147e-07,0.520173,5.476630e+18,6.695123e+13,0.000000,0.747907
0.758621,-1.995927e-07,0.523033,6.117455e+18,5.993782e+13,0.000000,0.747907
0.758621,-1.876852e-07,0.525873,6.827585e+18,5.370371e+13,0.000000,0.747907
0.758621,-1.764516e-07,0.528690,7.613828e+18,4.815795e+13,0.000000,0.747906
0.758621,-1.658539e-07,0.531487,8.483558e+18,4.322079e+13,0.000000,0.747906
0.758621,-1.558561e-07,0.534261,9.444741e+18,3.882221e+13,0.000000,0.747906
0.758621,-1.464242e-07,0.537014,1.050597e+19,3.490069e+13,0.000000,0.747906
0.758621,-1.375262e-07,0.539745,1.167647e+19,3.140206e+13,0.000000,0.747906
0.758621,-1.291319e-07,0.542453,1.296614e+19,2.827863e+13,0.000000,0.747906
0.758621,-1.212127e-07,0.545139,1.438559e+19,2.548832e+13,0.000000,0.747906
0.758621,-1.137417e-07,0.547801,1.594609e+19,2.299397e+13,0.000000,0.747906
0.758621,-1.066937e-07,0.550440,1.765966e+19,2.076278e+13,0.000000,0.747906
0.758621,-1.000445e-07,0.553055,1.953901e+19,1.876570e+13,0.000000,0.747906
0.758621,-9.377180e-08,0.555644,2.159756e+19,1.697705e+13,0.000000,0.747906
0.758621,-8.785411e-08,0.558208,2.384941e+19,1.537406e+13,0.000000,0.747906
0.758621,-8.227138e-08,0.560746,2.630935e+19,1.393656e+13,0.000000,0.747906
0.758621,-7.700466e-08,0.563257,2.899277e+19,1.264665e+13,0.000000,0.747906
0.758621,-7.203606e-08,0.565740,3.191567e+19,1.148843e+13,0.000000,0.747906
0.758621,-6.734869e-08,0.568194,3.509453e+19,1.044779e+13,0.000000,0.747906
0.758621,-6.292665e-08,0.570620,3.854628e+19,9.512198e+12,0.000000,0.747906
0.758621,-5.875492e-08,0.573015,4.228820e+19,8.670486e+12,0.000000,0.747906
0.758621,-5.481932e-08,0.575379,4.633780e+19,7.912734e+12,0.000000,0.747906
0.758621,-5.110649e-08,0.577711,5.071269e+19,7.230106e+12,0.000000,0.747906
0.758621,-4.760382e-08,0.580011,5.543044e+19,6.614731e+12,0.000000,0.747906
0.758621,-4.429941e-08,0.582277,6.050844e+19,6.059598e+12,0.000000,0.747906
0.758621,-4.118205e-08,0.584508,6.596371e+19,5.558454e+12,0.000000,0.747906
0.758621,-3.824114e-08,0.586705,7.181269e+19,5.105721e+12,0.000000,0.747906
0.758621,-3.546669e-08,0.588865,7.807108e+19,4.696423e+12,0.000000,0.747906
0.758621,-3.284929e-08,0.590988,8.475362e+19,4.326118e+12,0.000000,0.747906
0.758621,-3.038005e-08,0.593074,9.187385e+19,3.990835e+12,0.000000,0.747906
0.758621,-2.805057e-08,0.595120,9.944391e+19,3.687030e+12,0.000000,0.747906
0.758621,-2.585295e-08,0.597128,1.074743e+20,3.411532e+12,0.000000,0.747905
0.758621,-2.377973e-08,0.599096,1.159736e+20,3.161505e+12,0.000000,0.747905
0.758621,-2.182386e-08,0.601023,1.249486e+20,2.934411e+12,0.000000,0.747905
0.758621,-1.997869e-08,0.602908,1.344034e+20,2.727979e+12,0.000000,0.747905
0.758621,-1.823797e-08,0.604752,1.443400e+20,2.540175e+12,0.000000,0.747905
0.758621,-1.659579e-08,0.606554,1.547577e+20,2.369175e+12,0.000000,0.747905
0.758621,-1.504655e-08,0.608313,1.656529e+20,2.213346e+12,0.000000,0.747905
0.758621,-1.358501e-08,0.610028,1.770195e+20,2.071220e+12,0.000000,0.747905
0.758621,-1.220620e-08,0.611701,1.888482e+20,1.941483e+12,0.000000,0.747905
0.758621,-1.090543e-08,0.613329,2.011269e+20,1.822952e+12,0.000000,0.747905
0.758621,-9.678290e-09,0.614914,2.138404e+20,1.714568e+12,0.000000,0.747905
0.758621,-8.520612e-09,0.616454,2.269707e+20,1.615376e+12,0.000000,0.747905
0.758621,-7.428463e-09,0.617951,2.404971e+20,1.524518e+12,0.000000,0.747905
0.758621,-6.398133e-09,0.619403,2.543960e+20,1.441223e+12,0.000000,0.747905
0.758621,-5.426124e-09,0.620812,2.686415e+20,1.364795e+12,0.000000,0.747905
0.758621,-4.509135e-09,0.622177,2.832052e+20,1.294608e+12,0.000000,0.747905
0.758621,-3.644050e-09,0.623498,2.980568e+20,1.230097e+12,0.000000,0.747905
0.758621,-2.827933e-09,0.624776,3.131639e+20,1.170755e+12,0.000000,0.747904
0.758621,-2.058011e-09,0.626012,3.284928e+20,1.116120e+12,0.000000,0.747904
0.758621,-1.331669e-09,0.627205,3.440085e+20,1.065777e+12,0.000000,0.747904
0.758621,-6.464414e-10,0.628356,3.596751e+20,1.019352e+12,0.000000,0.747904
0.758621,0.000000e+00,0.629466,3.754561e+20,9.765053e+11,0.000000,0.747904
0.758621,6.464414e-10,0.630536,3.913180e+20,9.369211e+11,0.000000,0.747904
0.758621,1.331669e-09,0.631627,4.081851e+20,8.982032e+11,0.000000,0.747904
0.758621,2.058011e-09,0.632736,4.260846e+20,8.604678e+11,0.000000,0.747904
0.758621,2.827933e-09,0.633861,4.450349e+20,8.238254e+11,0.000000,0.747904
0.758621,3.644050e-09,0.634998,4.650428e+20,7.883786e+11,0.000000,0.747904
0.758621,4.509135e-09,0.636143,4.861016e+20,7.542219e+11,0.000000,0.747904
0.758621,5.426124e-09,0.637292,5.081878e+20,7.214399e+11,0.000000,0.747904
0.758621,6.398133e-09,0.638439,5.312588e+20,6.901067e+11,0.000000,0.747904
0.758621,7.428463e-09,0.639581,5.552502e+20,6.602851e+11,0.000000,0.747903
0.758621,8.520612e-09,0.640712,5.800734e+20,6.320259e+11,0.000000,0.747903
0.758621,9.678290e-09,0.641826,6.056141e+20,6.053676e+11,0.000000,0.747903
0.758621,1.090543e-08,0.642917,6.317314e+20,5.803363e+11,0.000000,0.747903
0.758621,1.220620e-08,0.643981,6.582577e+20,5.569458e+11,0.000000,0.747903
0.758621,1.358501e-08,0.645010,6.850008e+20,5.351977e+11,0.000000,0.747903
0.758621,1.504655e-08,0.646000,7.117461e+20,5.150818e+11,0.000000,0.747902
0.758621,1.659579e-08,0.646946,7.382621e+20,4.965768e+11,0.000000,0.747902
0.758621,1.823797e-08,0.647842,7.643057e+20,4.796506e+11,0.000000,0.747902
0.758621,1.997869e-08,0.648685,7.896307e+20,4.642617e+11,0.000000,0.747901
0.758621,2.182386e-08,0.649471,8.139958e+20,4.503591e+11,0.000000,0.747901
0.758621,2.377973e-08,0.650197,8.371741e+20,4.378839e+11,0.000000,0.747901
0.758621,2.585295e-08,0.650861,8.589623e+20,4.267700e+11,0.000000,0.747900
0.758621,2.805057e-08,0.651462,8.791891e+20,4.169445e+11,0.000000,0.747900
0.758621,3.038005e-08,0.652002,8.977220e+20,4.083293e+11,0.000000,0.747899
0.758621,3.284929e-08,0.652480,9.144725e+20,4.008418e+11,0.000000,0.747899
0.758621,3.546669e-08,0.652898,9.293984e+20,3.943959e+11,0.000000,0.747898
0.758621,3.824114e-08,0.653260,9.425037e+20,3.889028e+11,0.000000,0.747898
0.758621,4.118205e-08,0.653569,9.538357e+20,3.842728e+11,0.000000,0.747897
0.758621,4.429941e-08,0.653829,9.634805e+20,3.804159e+11,0.000000,0.747896
0.758621,4.760382e-08,0.654045,9.715558e+20,3.772432e+11,0.000000,0.747896
0.758621,5.110649e-08,0.654221,9.782030e+20,3.746682e+11,0.000000,0.747895
0.758621,5.481932e-08,0.654363,9.835792e+20,3.726081e+11,0.000000,0.747894
0.758621,5.875492e-08,0.654475,9.878486e+20,3.709848e+11,0.000000,0.747893
0.758621,6.292665e-08,0.654562,9.911752e+20,3.697260e+11,0.000000,0.747892
0.758621,6.734869e-08,0.654628,9.937162e+20,3.687660e+11,0.000000,0.747891
0.758621,7.203606e-08,0.654677,9.956175e+20,3.680464e+11,0.000000,0.747890
0.758621,7.700466e-08,0.654714,9.970095e+20,3.675162e+11,0.000000,0.747889
0.758621,8.227138e-08,0.654739,9.980058e+20,3.671320e+11,0.000000,0.747888
0.758621,8.785411e-08,0.654757,9.987020e+20,3.668577e+11,0.000000,0.747886
0.758621,9.377180e-08,0.654770,9.991766e+20,3.666640e+11,0.000000,0.747885
0.758621,1.000445e-07,0.654778,9.994915e+20,3.665278e+11,0.000000,0.747884
0.758621,1.066937e-07,0.654783,9.996948e+20,3.664314e+11,0.000000,0.747882
0.758621,1.137417e-07,0.654786,9.998223e+20,3.663615e+11,0.000000,0.747880
0.758621,1.212127e-07,0.654788,9.998997e+20,3.663086e+11,0.000000,0.747879
0.758621,1.291319e-07,0.654790,9.999453e+20,3.662658e+11,0.000000,0.747877
0.758621,1.375262e-07,0.654790,9.999712e+20,3.662287e+11,0.000000,0.747875
0.758621,1.464242e-07,0.654791,9.999854e+20,3.661943e+11,0.000000,0.747873
0.758621,1.558561e-07,0.654791,9.999929e+20,3.661605e+11,0.000000,0.747871
0.758621,1.658539e-07,0.654791,9.999967e+20,3.661263e+11,0.000000,0.747868
0.758621,1.764516e-07,0.654791,9.999985e+20,3.660907e+11,0.000000,0.747866
0.758621,1.876852e-07,0.654791,9.999994e+20,3.660535e+11,0.000000,0.747863
0.758621,1.995927e-07,0.654791,9.999997e+20,3.660142e+11,0.000000,0.747860
0.758621,2.122147e-07,0.654791,9.999999e+20,3.659727e+11,0.000000,0.747858
0.758621,2.255940e-07,0.654791,1.000000e+21,3.659287e+11,0.000000,0.747854
0.758621,2.397761e-07,0.654791,1.000000e+21,3.658821e+11,0.000000,0.747851
0.758621,2.548091e-07,0.654791,1.000000e+21,3.658327e+11,0.000000,0.747848
0.758621,2.707441e-07,0.654791,1.000000e+21,3.657803e+11,0.000000,0.747844
0.758621,2.876352e-07,0.654791,1.000000e+21,3.657249e+11,0.000000,0.747840
0.758621,3.055398e-07,0.654791,1.000000e+21,3.656661e+11,0.000000,0.747836
0.758621,3.245186e-07,0.654791,1.000000e+21,3.656037e+11,0.000000,0.747831
0.758621,3.446361e-07,0.654791,1.000000e+21,3.655377e+11,0.000000,0.747827
0.758621,3.659607e-07,0.654791,1.000000e+21,3.654677e+11,0.000000,0.747822
0.758621,3.885648e-07,0.654791,1.000000e+21,3.653935e+11,0.000000,0.747817
0.758621,4.125252e-07,0.654791,1.000000e+21,3.653149e+11,0.000000,0.747811
0.758621,4.379231e-07,0.654791,1.000000e+21,3.652316e+11,0.000000,0.747805
0.758621,4.648449e-07,0.654791,1.000000e+21,3.651433e+11,0.000000,0.747799
0.758621,4.933821e-07,0.654791,1.000000e+21,3.650498e+11,0.000000,0.747792
0.758621,5.236314e-07,0.654791,1.000000e+21,3.649506e+11,0.000000,0.747785
0.758621,5.556958e-07,0.654791,1.000000e+21,3.648455e+11,0.000000,0.747778
0.758621,5.896840e-07,0.654791,1.000000e+21,3.647342e+11,0.000000,0.747770
0.758621,6.257114e-07,0.654791,1.000000e+21,3.646162e+11,0.000000,0.747762
0.758621,6.639006e-07,0.654791,1.000000e+21,3.644912e+11,0.000000,0.747753
0.758621,7.043810e-07,0.654791,1.000000e+21,3.643587e+11,0.000000,0.747743
0.758621,7.472904e-07,0.654791,1.000000e+21,3.642183e+11,0.000000,0.747733
0.758621,7.927742e-07,0.654791,1.000000e+21,3.640696e+11,0.000000,0.747723
0.758621,8.409871e-07,0.654791,1.000000e+21,3.639120e+11,0.000000,0.747712
0.758621,8.920928e-07,0.654791,1.000000e+21,3.637450e+11,0.000000,0.747700
0.758621,9.462648e-07,0.654791,1.000000e+21,3.635681e+11,0.000000,0.747687
0.758621,1.003687e-06,0.654791,1.000000e+21,3.633807e+11,0.000000,0.747674
0.758621,1.064555e-06,0.654791,1.000000e+21,3.631821e+11,0.000000,0.747660
0.758621,1.129075e-06,0.654791,1.000000e+21,3.629717e+11,0.000000,0.747645
0.758621,1.197465e-06,0.654791,1.000000e+21,3.627489e+11,0.000000,0.747629
0.758621,1.269960e-06,0.654791,1.000000e+21,3.625128e+11,0.000000,0.747612
0.758621,1.346804e-06,0.654791,1.000000e+21,3.622627e+11,0.000000,0.747594
0.758621,1.428258e-06,0.654791,1.000000e+21,3.619978e+11,0.000000,0.747575
0.758621,1.514600e-06,0.654791,1.000000e+21,3.617173e+11,0.000000,0.747555
0.758621,1.606123e-06,0.654791,1.000000e+21,3.614201e+11,0.000000,0.747534
0.758621,1.703137e-06,0.654791,1.000000e+21,3.611053e+11,0.000000,0.747511
0.758621,1.805971e-06,0.654791,1.000000e+21,3.607720e+11,0.000000,0.747488
0.758621,1.914976e-06,0.654791,1.000000e+21,3.604190e+11,0.000000,0.747462
0.758621,2.030521e-06,0.654791,1.000000e+21,3.600452e+11,0.000000,0.747435
0.758621,2.152999e-06,0.654791,1.000000e+21,3.596495e+11,0.000000,0.747407
0.758621,2.282825e-06,0.654791,1.000000e+21,3.592304e+11,0.000000,0.747377
0.758621,2.420441e-06,0.654791,1.000000e+21,3.587867e+11,0.000000,0.747345
0.758621,2.566314e-06,0.654791,1.000000e+21,3.583170e+11,0.000000,0.747311
0.758621,2.720939e-06,0.654791,1.000000e+21,3.578198e+11,0.000000,0.747275
0.758621,2.884842e-06,0.654791,1.000000e+21,3.572935e+11,0.000000,0.747237
0.758621,3.058579e-06,0.654791,1.000000e+21,3.567365e+11,0.000000,0.747197
0.758621,3.242740e-06,0.654791,1.000000e+21,3.561470e+11,0.000000,0.747154
0.758621,3.437951e-06,0.654791,1.000000e+21,3.555232e+11,0.000000,0.747109
0.758621,3.644875e-06,0.654791,1.000000e+21,3.548631e+11,0.000000,0.747061
0.758621,3.864214e-06,0.654791,1.000000e+21,3.541648e+11,0.000000,0.747010
0.758621,4.096713e-06,0.654791,1.000000e+21,3.534261e+11,0.000000,0.746956
0.758621,4.343162e-06,0.654791,1.000000e+21,3.526448e+11,0.000000,0.746898
0.758621,4.604398e-06,0.654791,1.000000e+21,3.518184e+11,0.000000,0.746838
0.758621,4.881309e-06,0.654791,1.000000e+21,3.509446e+11,0.000000,0.746774
0.758621,5.174833e-06,0.654791,1.000000e+21,3.500208e+11,0.000000,0.746705
0.758621,5.485970e-06,0.654791,1.000000e+21,3.490441e+11,0.000000,0.746633
0.758621,5.815775e-06,0.654791,1.000000e+21,3.480118e+11,0.000000,0.746557
0.758621,6.165367e-06,0.654791,1.000000e+21,3.469210e+11,0.000000,0.746475
0.758621,6.535936e-06,0.654791,1.000000e+21,3.457684e+11,0.000000,0.746389
0.758621,6.928739e-06,0.654791,1.000000e+21,3.445508e+11,0.000000,0.746298
0.758621,7.345109e-06,0.654791,1.000000e+21,3.432648e+11,0.000000,0.746202
0.758621,7.786462e-06,0.654791,1.000000e+21,3.419069e+11,0.000000,0.746099
0.758621,8.254297e-06,0.654791,1.000000e+21,3.404734e+11,0.000000,0.745990
0.758621,8.750201e-06,0.654791,1.000000e+21,3.389605e+11,0.000000,0.745875
0.758621,9.275859e-06,0.654791,1.000000e+21,3.373641e+11,0.000000,0.745753
0.758621,9.833057e-06,0.654791,1.000000e+21,3.356801e+11,0.000000,0.745624
0.758621,1.042369e-05,0.654791,1.000000e+21,3.339043e+11,0.000000,0.745487
0.758621,1.104975e-05,0.654791,1.000000e+21,3.320321e+11,0.000000,0.745341
0.758621,1.171339e-05,0.654791,1.000000e+21,3.300591e+11,0.000000,0.745187
0.758621,1.241684e-05,0.654791,1.000000e+21,3.279805e+11,0.000000,0.745024
0.758621,1.316249e-05,0.654791,1.000000e+21,3.257915e+11,0.000000,0.744851
0.758621,1.395289e-05,0.654791,1.000000e+21,3.234870e+11,0.000000,0.744667
0.758621,1.479071e-05,0.654791,1.000000e+21,3.210621e+11,0.000000,0.744473
0.758621,1.567880e-05,0.654791,1.000000e+21,3.185115e+11,0.000000,0.744267
0.758621,1.662017e-05,0.654791,1.000000e+21,3.158300e+11,0.000000,0.744048
0.758621,1.761803e-05,0.654791,1.000000e+21,3.130122e+11,0.000000,0.743816
0.758621,1.867576e-05,0.654791,1.000000e+21,3.100527e+11,0.000000,0.743571
0.758621,1.979695e-05,0.654791,1.000000e+21,3.069462e+11,0.000000,0.743311
0.758621,2.098541e-05,0.654791,1.000000e+21,3.036873e+11,0.000000,0.743035
0.758621,2.224518e-05,0.654791,1.000000e+21,3.002706e+11,0.000000,0.742742
0.758621,2.358054e-05,0.654791,1.000000e+21,2.966908e+11,0.000000,0.742432
0.758621,2.499602e-05,0.654791,1.000000e+21,2.929428e+11,0.000000,0.742103
0.758621,2.649643e-05,0.654791,1.000000e+21,2.890216e+11,0.000000,0.741755
0.758621,2.808686e-05,0.654791,1.000000e+21,2.849223e+11,0.000000,0.741386
0.758621,2.977272e-05,0.654791,1.000000e+21,2.806405e+11,0.000000,0.740994
0.758621,3.155973e-05,0.654791,1.000000e+21,2.761720e+11,0.000000,0.740579
0.758621,3.345396e-05,0.654791,1.000000e+21,2.715129e+11,0.000000,0.740139
0.758621,3.546184e-05,0.654791,1.000000e+21,2.666601e+11,0.000000,0.739673
0.758621,3.759020e-05,0.654791,1.000000e+21,2.616107e+11,0.000000,0.739179
0.758621,3.984626e-05,0.654791,1.000000e+21,2.563626e+11,0.000000,0.738655
0.758621,4.223768e-05,0.654791,1.000000e+21,2.509144e+11,0.000000,0.738100
0.758621,4.477258e-05,0.654791,1.000000e+21,2.452657e+11,0.000000,0.737511
0.758621,4.745959e-05,0.654791,1.000000e+21,2.394167e+11,0.000000,0.736887
0.758621,5.030781e-05,0.654791,1.000000e+21,2.333688e+11,0.000000,0.736226
0.758621,5.332692e-05,0.654791,1.000000e+21,2.271247e+11,0.000000,0.735525
0.758621,5.652718e-05,0.654791,1.000000e+21,2.206882e+11,0.000000,0.734781
0.758621,5.991946e-05,0.654791,1.000000e+21,2.140644e+11,0.000000,0.733994
0.758621,6.351528e-05,0.654791,1.000000e+21,2.072599e+11,0.000000,0.733158
0.758621,6.732684e-05,0.654791,1.000000e+21,2.002830e+11,0.000000,0.732273
0.758621,7.136710e-05,0.654791,1.000000e+21,1.931435e+11,0.000000,0.731335
0.758621,7.564977e-05,0.654791,1.000000e+21,1.858532e+11,0.000000,0.730340
0.758621,8.018940e-05,0.654791,1.000000e+21,1.784254e+11,0.000000,0.729286
0.758621,8.500141e-05,0.654791,1.000000e+21,1.708756e+11,0.000000,0.728168
0.758621,9.010214e-05,0.654791,1.000000e+21,1.632210e+11,0.000000,0.726983
0.758621,9.550892e-05,0.654791,1.000000e+21,1.554808e+11,0.000000,0.725727
0.758621,1.012401e-04,0.654791,1.000000e+21,1.476763e+11,0.000000,0.724396
0.758621,1.073152e-04,0.654791,1.000000e+21,1.398304e+11,0.000000,0.722985
0.758621,1.137547e-04,0.654791,1.000000e+21,1.319679e+11,0.000000,0.721488
0.758621,1.205806e-04,0.654791,1.000000e+21,1.241153e+11,0.000000,0.719902
0.758621,1.278161e-04,0.654791,1.000000e+21,1.163005e+11,0.000000,0.718221
0.758621,1.354857e-04,0.654791,1.000000e+21,1.085527e+11,0.000000,0.716439
0.758621,1.436155e-04,0.654791,1.000000e+21,1.009019e+11,0.000000,0.714549
0.758621,1.522331e-04,0.654791,1.000000e+21,9.337909e+10,0.000000,0.712546
0.758621,1.613677e-04,0.654791,1.000000e+21,8.601515e+10,0.000000,0.710423
0.758621,1.710504e-04,0.654791,1.000000e+21,7.884100e+10,0.000000,0.708171
0.758621,1.813141e-04,0.654791,1.000000e+21,7.188690e+10,0.000000,0.705784
0.758621,1.921936e-04,0.654791,1.000000e+21,6.518196e+10,0.000000,0.703253
0.758621,2.033332e-04,0.654791,1.000000e+21,5.896069e+10,0.000000,0.700660
0.758621,2.144727e-04,0.654791,1.000000e+21,5.332854e+10,0.000000,0.698064
0.758621,2.256123e-04,0.654791,1.000000e+21,4.822923e+10,0.000000,0.695466
0.758621,2.367518e-04,0.654791,1.000000e+21,4.361182e+10,0.000000,0.692864
0.758621,2.478914e-04,0.654791,1.000000e+21,3.943017e+10,0.000000,0.690258
0.758621,2.590309e-04,0.654791,1.000000e+21,3.564250e+10,0.000000,0.687648
0.758621,2.701705e-04,0.654791,1.000000e+21,3.221097e+10,0.000000,0.685031
0.758621,2.813100e-04,0.654791,1.000000e+21,2.910128e+10,0.000000,0.682406
0.758621,2.924496e-04,0.654791,1.000000e+21,2.628238e+10,0.000000,0.679772
0.758621,3.035891e-04,0.654791,1.000000e+21,2.372609e+10,0.000000,0.677127
0.758621,3.147287e-04,0.654791,1.000000e+21,2.140688e+10,0.000000,0.674468
0.758621,3.258682e-04,0.654791,1.000000e+21,1.930156e+10,0.000000,0.671791
0.758621,3.370078e-04,0.654791,1.000000e+21,1.738912e+10,0.000000,0.669094
0.758621,3.481473e-04,0.654791,1.000000e+21,1.565045e+10,0.000000,0.666370
0.758621,3.592869e-04,0.654791,1.000000e+21,1.406816e+10,0.000000,0.663615
0.758621,3.704264e-04,0.654791,1.000000e+21,1.262647e+10,0.000000,0.660820
0.758621,3.815660e-04,0.654791,1.000000e+21,1.131096e+10,0.000000,0.657975
0.758621,3.927055e-04,0.654791,1.000000e+21,1.010850e+10,0.000000,0.655070
0.758621,4.038451e-04,0.654791,1.000000e+21,9.007080e+09,0.000000,0.652087
0.758621,4.149846e-04,0.654791,1.000000e+21,7.995705e+09,0.000000,0.649008
0.758621,4.261242e-04,0.654791,1.000000e+21,7.064282e+09,0.000000,0.645806
0.758621,4.372637e-04,0.654791,1.000000e+21,6.203522e+09,0.000000,0.642447
0.758621,4.484033e-04,0.654791,1.000000e+21,5.404850e+09,0.000000,0.638884
0.758621,4.595428e-04,0.654791,1.000000e+21,4.660325e+09,0.000000,0.635053
0.758621,4.706824e-04,0.654791,1.000000e+21,3.962569e+09,0.000000,0.630860
0.758621,4.818219e-04,0.654791,1.000000e+21,3.304716e+09,0.000000,0.626167
0.758621,4.929615e-04,0.654791,1.000000e+21,2.680383e+09,0.000000,0.620753
0.758621,5.041010e-04,0.654791,1.000000e+21,2.083724e+09,0.000000,0.614244
0.758621,5.152406e-04,0.654791,1.000000e+21,1.509712e+09,0.000000,0.605913
0.758621,5.263801e-04,0.654791,1.000000e+21,9.554698e+08,0.000000,0.594087
0.758621,5.375197e-04,0.654791,1.000000e+21,4.289876e+08,0.000000,0.573385
0.758621,5.486592e-04,0.654791,1.000000e+21,4.137515e+07,0.000000,0.512924
0.758621,5.569776e-04,0.654791,1.000000e+21,1.000000e-01,0.000000,0.000000
0.896552,-9.340798e-04,0.479867,1.000000e+03,1.000000e+17,0.896552,0.896552
0.896552,-9.225255e-04,0.478377,1.065461e+13,1.000113e+17,0.298159,0.895065
0.896552,-9.038439e-04,0.475942,1.391185e+14,1.001392e+17,0.229301,0.892663
0.896552,-8.851623e-04,0.473501,3.097588e+14,1.003096e+17,0.206166,0.890266
0.896552,-8.664807e-04,0.471067,4.743120e+14,1.004741e+17,0.192718,0.887874
0.896552,-8.477992e-04,0.468643,6.301449e+14,1.006300e+17,0.182949,0.885490
0.896552,-8.291176e-04,0.466229,7.787333e+14,1.007785e+17,0.175062,0.883114
0.896552,-8.104360e-04,0.463825,9.219813e+14,1.009218e+17,0.168293,0.880747
0.896552,-7.917544e-04,0.461433,1.061734e+15,1.010615e+17,0.162252,0.878391
0.896552,-7.730728e-04,0.459051,1.199696e+15,1.011995e+17,0.156712,0.876044
0.896552,-7.543912e-04,0.456681,1.337431e+15,1.013372e+17,0.151533,0.873710
0.896552,-7.357096e-04,0.454324,1.476382e+15,1.014761e+17,0.146620,0.871388
0.896552,-7.170280e-04,0.451980,1.617893e+15,1.016176e+17,0.141910,0.869080
0.896552,-6.983464e-04,0.449649,1.763229e+15,1.017630e+17,0.137355,0.866786
0.896552,-6.796648e-04,0.447333,1.913604e+15,1.019133e+17,0.132924,0.864508
0.896552,-6.609832e-04,0.445033,2.070195e+15,1.020699e+17,0.128589,0.862247
0.896552,-6.423016e-04,0.442748,2.234160e+15,1.022338e+17,0.124334,0.860004
0.896552,-6.236200e-04,0.440481,2.406660e+15,1.024063e+17,0.120144,0.857780
0.896552,-6.049384e-04,0.438231,2.588872e+15,1.025885e+17,0.116008,0.855577
0.896552,-5.862568e-04,0.436001,2.782003e+15,1.027816e+17,0.111918,0.853396
0.896552,-5.675752e-04,0.433792,2.987309e+15,1.029869e+17,0.107868,0.851238
0.896552,-5.488936e-04,0.431604,3.206108e+15,1.032057e+17,0.103853,0.849105
0.896552,-5.302120e-04,0.429439,3.439799e+15,1.034393e+17,0.099869,0.846998
0.896552,-5.115304e-04,0.427298,3.689873e+15,1.036894e+17,0.095914,0.844920
0.896552,-4.928488e-04,0.425183,3.957938e+15,1.039574e+17,0.091986,0.842872
0.896552,-4.741672e-04,0.423096,4.245728e+15,1.042452e+17,0.088084,0.840855
0.896552,-4.554857e-04,0.421037,4.555136e+15,1.045546e+17,0.084207,0.838874
0.896552,-4.368041e-04,0.419010,4.888223e+15,1.048876e+17,0.080355,0.836928
0.896552,-4.181225e-04,0.417014,5.247255e+15,1.052466e+17,0.076527,0.835021
0.896552,-3.994409e-04,0.415054,5.634721e+15,1.056340e+17,0.072725,0.833156
0.896552,-3.807593e-04,0.413130,6.053372e+15,1.060527e+17,0.068948,0.831334
0.896552,-3.620777e-04,0.411245,6.506252e+15,1.065055e+17,0.065198,0.829559
0.896552,-3.433961e-04,0.409401,6.996736e+15,1.069959e+17,0.061475,0.827834
0.896552,-3.247145e-04,0.407600,7.528581e+15,1.075277e+17,0.057780,0.826161
0.896552,-3.063338e-04,0.405873,8.096332e+15,1.080954e+17,0.054173,0.824570
0.896552,-2.889936e-04,0.404286,8.676511e+15,1.086756e+17,0.050797,0.823122
0.896552,-2.726348e-04,0.402829,9.267322e+15,1.092663e+17,0.047638,0.821805
0.896552,-2.572020e-04,0.401492,9.866925e+15,1.098659e+17,0.044680,0.820610
0.896552,-2.426428e-04,0.400266,1.047346e+16,1.104724e+17,0.041911,0.819526
0.896552,-2.289077e-04,0.399141,1.108506e+16,1.110840e+17,0.039319,0.818543
0.896552,-2.159501e-04,0.398109,1.169990e+16,1.116987e+17,0.036892,0.817654
0.896552,-2.037259e-04,0.397163,1.231615e+16,1.123150e+17,0.034619,0.816851
0.896552,-1.921936e-04,0.396296,1.293206e+16,1.129308e+17,0.032490,0.816125
0.896552,-1.813141e-04,0.395501,1.354596e+16,1.135447e+17,0.030496,0.815470
0.896552,-1.710504e-04,0.394771,1.415622e+16,1.141549e+17,0.028627,0.814879
0.896552,-1.613677e-04,0.394103,1.476133e+16,1.147600e+17,0.026877,0.814347
0.896552,-1.522331e-04,0.393489,1.535987e+16,1.153585e+17,0.025236,0.813868
0.896552,-1.436155e-04,0.392926,1.595053e+16,1.159492e+17,0.023697,0.813437
0.896552,-1.354857e-04,0.392409,1.653209e+16,1.165307e+17,0.022255,0.813049
0.896552,-1.278161e-04,0.391935,1.710347e+16,1.171021e+17,0.020902,0.812701
0.896552,-1.205806e-04,0.391499,1.766369e+16,1.176623e+17,0.019633,0.812389
0.896552,-1.137547e-04,0.391099,1.821189e+16,1.182104e+17,0.018442,0.812109
0.896552,-1.073152e-04,0.390730,1.874732e+16,1.187458e+17,0.017325,0.811857
0.896552,-1.012401e-04,0.390392,1.926933e+16,1.192678e+17,0.016276,0.811632
0.896552,-9.550892e-05,0.390080,1.977739e+16,1.197759e+17,0.015291,0.811430
0.896552,-9.010214e-05,0.389793,2.027106e+16,1.202695e+17,0.014367,0.811249
0.896552,-8.500141e-05,0.389528,2.075001e+16,1.207485e+17,0.013499,0.811087
0.896552,-8.018940e-05,0.389284,2.121399e+16,1.212124e+17,0.012683,0.810942
0.896552,-7.564977e-05,0.389059,2.166283e+16,1.216613e+17,0.011917,0.810813
0.896552,-7.136710e-05,0.388851,2.209644e+16,1.220949e+17,0.011196,0.810697
0.896552,-6.732684e-05,0.388659,2.251481e+16,1.225132e+17,0.010520,0.810593
0.896552,-6.351528e-05,0.388482,2.291798e+16,1.229164e+17,0.009883,0.810501
0.896552,-5.991946e-05,0.388318,2.330607e+16,1.233045e+17,0.009285,0.810418
0.896552,-5.652718e-05,0.388166,2.367922e+16,1.236776e+17,0.008722,0.810345
0.896552,-5.332692e-05,0.388025,2.403764e+16,1.240360e+17,0.008193,0.810279
0.896552,-5.030781e-05,0.387895,2.438158e+16,1.243800e+17,0.007696,0.810220
0.896552,-4.745959e-05,0.387774,2.471131e+16,1.247097e+17,0.007227,0.810167
0.896552,-4.477258e-05,0.387662,2.502715e+16,1.250255e+17,0.006787,0.810121
0.896552,-4.223768e-05,0.387557,2.532942e+16,1.253278e+17,0.006372,0.810079
0.896552,-3.984626e-05,0.387461,2.561848e+16,1.256168e+17,0.005982,0.810041
0.896552,-3.759020e-05,0.387371,2.589470e+16,1.258931e+17,0.005615,0.810008
0.896552,-3.546184e-05,0.387287,2.615847e+16,1.261568e+17,0.005269,0.809979
0.896552,-3.345396e-05,0.387209,2.641017e+16,1.264085e+17,0.004944,0.809952
0.896552,-3.155973e-05,0.387136,2.665021e+16,1.266486e+17,0.004637,0.809929
0.896552,-2.977272e-05,0.387069,2.687899e+16,1.268773e+17,0.004349,0.809908
0.896552,-2.808686e-05,0.387006,2.709691e+16,1.270952e+17,0.004077,0.809889
0.896552,-2.649643e-05,0.386947,2.730438e+16,1.273027e+17,0.003821,0.809872
0.896552,-2.499602e-05,0.386892,2.750180e+16,1.275001e+17,0.003580,0.809858
0.896552,-2.358054e-05,0.386841,2.768956e+16,1.276879e+17,0.003353,0.809844
0.896552,-2.224518e-05,0.386793,2.786806e+16,1.278664e+17,0.003139,0.809833
0.896552,-2.098541e-05,0.386748,2.803769e+16,1.280360e+17,0.002937,0.809822
0.896552,-1.979695e-05,0.386706,2.819881e+16,1.281971e+17,0.002747,0.809813
0.896552,-1.867576e-05,0.386667,2.835179e+16,1.283501e+17,0.002568,0.809805
0.896552,-1.761803e-05,0.386631,2.849701e+16,1.284953e+17,0.002399,0.809797
0.896552,-1.662017e-05,0.386596,2.863480e+16,1.286330e+17,0.002240,0.809791
0.896552,-1.567880e-05,0.386564,2.876552e+16,1.287636e+17,0.002091,0.809785
0.896552,-1.479071e-05,0.386534,2.888951e+16,1.288872e+17,0.001949,0.809780
0.896552,-1.395289e-05,0.386506,2.900713e+16,1.290041e+17,0.001816,0.809775
0.896552,-1.316249e-05,0.386480,2.911875e+16,1.291141e+17,0.001691,0.809771
0.896552,-1.241684e-05,0.386456,2.922480e+16,1.292171e+17,0.001573,0.809767
0.896552,-1.171339e-05,0.386434,2.932579e+16,1.293123e+17,0.001461,0.809764
0.896552,-1.104975e-05,0.386413,2.942237e+16,1.293983e+17,0.001356,0.809761
0.896552,-1.042369e-05,0.386396,2.951540e+16,1.294728e+17,0.001257,0.809759
0.896552,-9.833057e-06,0.386382,2.960606e+16,1.295320e+17,0.001164,0.809756
0.896552,-9.275859e-06,0.386372,2.969597e+16,1.295700e+17,0.001076,0.809754
0.896552,-8.750201e-06,0.386369,2.978733e+16,1.295787e+17,0.000993,0.809752
0.896552,-8.254297e-06,0.386374,2.988311e+16,1.295465e+17,0.000915,0.809751
0.896552,-7.786462e-06,0.386390,2.998724e+16,1.294577e+17,0.000841,0.809749
0.896552,-7.345109e-06,0.386422,3.010478e+16,1.292922e+17,0.000772,0.809748
0.896552,-6.928739e-06,0.386474,3.024213e+16,1.290246e+17,0.000706,0.809747
0.896552,-6.535936e-06,0.386554,3.040720e+16,1.286239e+17,0.000645,0.809746
0.896552,-6.165367e-06,0.386667,3.060961e+16,1.280539e+17,0.000587,0.809745
0.896552,-5.815775e-06,0.386825,3.086074e+16,1.272736e+17,0.000533,0.809744
0.896552,-5.485970e-06,0.387035,3.117392e+16,1.262381e+17,0.000483,0.809744
0.896552,-5.174833e-06,0.387310,3.156452e+16,1.249008e+17,0.000436,0.809743
0.896552,-4.881309e-06,0.387660,3.204998e+16,1.232156e+17,0.000392,0.809742
0.896552,-4.604398e-06,0.388099,3.264998e+16,1.211402e+17,0.000351,0.809742
0.896552,-4.343162e-06,0.388638,3.338658e+16,1.186387e+17,0.000313,0.809741
0.896552,-4.096713e-06,0.389289,3.428433e+16,1.156860e+17,0.000278,0.809741
0.896552,-3.864214e-06,0.390064,3.537059e+16,1.122702e+17,0.000246,0.809741
0.896552,-3.644875e-06,0.390971,3.667583e+16,1.083955e+17,0.000217,0.809740
0.896552,-3.437951e-06,0.392020,3.823402e+16,1.040833e+17,0.000191,0.809740
0.896552,-3.242740e-06,0.393218,4.008316e+16,9.937246e+16,0.000167,0.809740
0.896552,-3.058579e-06,0.394567,4.226584e+16,9.431810e+16,0.000145,0.809740
0.896552,-2.884842e-06,0.396070,4.482996e+16,8.898859e+16,0.000126,0.809739
0.896552,-2.720939e-06,0.397728,4.782951e+16,8.346205e+16,0.000109,0.809739
0.896552,-2.566314e-06,0.399536,5.132539e+16,7.782185e+16,0.000094,0.809739
0.896552,-2.420441e-06,0.401492,5.538643e+16,7.215204e+16,0.000081,0.809739
0.896552,-2.282825e-06,0.403587,6.009041e+16,6.653297e+16,0.000069,0.809738
0.896552,-2.152999e-06,0.405816,6.552522e+16,6.103775e+16,0.000059,0.809738
0.896552,-2.030521e-06,0.408168,7.179009e+16,5.572945e+16,0.000051,0.809738
0.896552,-1.914976e-06,0.410634,7.899693e+16,5.065953e+16,0.000043,0.809738
0.896552,-1.805971e-06,0.413203,8.727187e+16,4.586713e+16,0.000037,0.809738
0.896552,-1.703137e-06,0.415864,9.675680e+16,4.137931e+16,0.000032,0.809738
0.896552,-1.606123e-06,0.418608,1.076112e+17,3.721198e+16,0.000027,0.809738
0.896552,-1.514600e-06,0.421425,1.200140e+17,3.337123e+16,0.000023,0.809738
0.896552,-1.428258e-06,0.424303,1.341658e+17,2.985493e+16,0.000020,0.809738
0.896552,-1.346804e-06,0.427234,1.502913e+17,2.665443e+16,0.000017,0.809737
0.896552,-1.269960e-06,0.430210,1.686417e+17,2.375617e+16,0.000015,0.809737
0.896552,-1.197465e-06,0.433223,1.894978e+17,2.114312e+16,0.000013,0.809737
0.896552,-1.129075e-06,0.436264,2.131731e+17,1.879609e+16,0.000011,0.809737
0.896552,-1.064555e-06,0.439329,2.400177e+17,1.669471e+16,0.000010,0.809737
0.896552,-1.003687e-06,0.442412,2.704217e+17,1.481833e+16,0.000009,0.809737
0.896552,-9.462648e-07,0.445506,3.048201e+17,1.314658e+16,0.000008,0.809737
0.896552,-8.920928e-07,0.448609,3.436975e+17,1.165985e+16,0.000007,0.809737
0.896552,-8.409871e-07,0.451715,3.875935e+17,1.033960e+16,0.000006,0.809737
0.896552,-7.927742e-07,0.454823,4.371087e+17,9.168531e+15,0.000006,0.809737
0.896552,-7.472904e-07,0.457928,4.929113e+17,8.130700e+15,0.000005,0.809737
0.896552,-7.043810e-07,0.461030,5.557443e+17,7.211537e+15,0.000005,0.809737
0.896552,-6.639006e-07,0.464125,6.264338e+17,6.397833e+15,0.000004,0.809737
0.896552,-6.257114e-07,0.467212,7.058973e+17,5.677679e+15,0.000004,0.809737
0.896552,-5.896840e-07,0.470290,7.951537e+17,5.040397e+15,0.000004,0.809737
0.896552,-5.556958e-07,0.473357,8.953339e+17,4.476450e+15,0.000004,0.809737
0.896552,-5.236314e-07,0.476413,1.007692e+18,3.977346e+15,0.000004,0.809737
0.896552,-4.933821e-07,0.479457,1.133618e+18,3.535545e+15,0.000003,0.809737
0.896552,-4.648449e-07,0.482488,1.274652e+18,3.144367e+15,0.000003,0.809737
0.896552,-4.379231e-07,0.485506,1.432498e+18,2.797900e+15,0.000003,0.809737
0.896552,-4.125252e-07,0.488511,1.609040e+18,2.490924e+15,0.000003,0.809737
0.896552,-3.885648e-07,0.491501,1.806360e+18,2.218829e+15,0.000003,0.809737
0.896552,-3.659607e-07,0.494477,2.026757e+18,1.977548e+15,0.000003,0.809737
0.896552,-3.446361e-07,0.497439,2.272766e+18,1.763497e+15,0.000003,0.809737
0.896552,-3.245186e-07,0.500386,2.547178e+18,1.573513e+15,0.000003,0.809737
0.896552,-3.055398e-07,0.503317,2.853066e+18,1.404812e+15,0.000003,0.809737
0.896552,-2.876352e-07,0.506234,3.193807e+18,1.254936e+15,0.000003,0.809737
0.896552,-2.707441e-07,0.509135,3.573107e+18,1.121720e+15,0.000003,0.809737
0.896552,-2.548091e-07,0.512021,3.995027e+18,1.003254e+15,0.000003,0.809737
0.896552,-2.397761e-07,0.514890,4.464015e+18,8.978521e+14,0.000003,0.809737
0.896552,-2.255940e-07,0.517743,4.984928e+18,8.040285e+14,0.000003,0.809737
0.896552,-2.122147e-07,0.520580,5.563070e+18,7.204698e+14,0.000003,0.809737
0.896552,-1.995927e-07,0.523400,6.204213e+18,6.460162e+14,0.000003,0.809737
0.896552,-1.876852e-07,0.526203,6.914635e+18,5.796431e+14,0.000003,0.809737
0.896552,-1.764516e-07,0.528988,7.701148e+18,5.204443e+14,0.000003,0.809737
0.896552,-1.658539e-07,0.531755,8.571126e+18,4.676184e+14,0.000003,0.809737
0.896552,-1.558561e-07,0.534503,9.532538e+18,4.204561e+14,0.000003,0.809737
0.896552,-1.464242e-07,0.537232,1.059397e+19,3.783293e+14,0.000003,0.809737
0.896552,-1.375262e-07,0.539942,1.176467e+19,3.406818e+14,0.000003,0.809736
0.896552,-1.291319e-07,0.542631,1.305452e+19,3.070203e+14,0.000003,0.809736
0.896552,-1.212127e-07,0.545300,1.447414e+19,2.769078e+14,0.000003,0.809736
0.896552,-1.137417e-07,0.547947,1.603480e+19,2.499562e+14,0.000003,0.809736
0.896552,-1.066937e-07,0.550572,1.774851e+19,2.258213e+14,0.000003,0.809736
0.896552,-1.000445e-07,0.553174,1.962799e+19,2.041975e+14,0.000003,0.809736
0.896552,-9.377180e-08,0.555753,2.168667e+19,1.848133e+14,0.000003,0.809736
0.896552,-8.785411e-08,0.558307,2.393864e+19,1.674271e+14,0.000003,0.809736
0.896552,-8.227138e-08,0.560836,2.639870e+19,1.518247e+14,0.000003,0.809736
0.896552,-7.700466e-08,0.563339,2.908224e+19,1.378150e+14,0.000003,0.809736
0.896552,-7.203606e-08,0.565815,3.200524e+19,1.252283e+14,0.000003,0.809736
0.896552,-6.734869e-08,0.568263,3.518421e+19,1.139136e+14,0.000003,0.809736
0.896552,-6.292665e-08,0.570682,3.863607e+19,1.037360e+14,0.000003,0.809736
0.896552,-5.875492e-08,0.573072,4.237809e+19,9.457589e+13,0.000003,0.809736
0.896552,-5.481932e-08,0.575431,4.642780e+19,8.632629e+13,0.000003,0.809736
0.896552,-5.110649e-08,0.577760,5.080280e+19,7.889198e+13,0.000003,0.809736
0.896552,-4.760382e-08,0.580055,5.552067e+19,7.218802e+13,0.000003,0.809736
0.896552,-4.429941e-08,0.582318,6.059879e+19,6.613862e+13,0.000003,0.809736
0.896552,-4.118205e-08,0.584546,6.605417e+19,6.067615e+13,0.000003,0.809736
0.896552,-3.824114e-08,0.586740,7.190329e+19,5.574023e+13,0.000003,0.809736
0.896552,-3.546669e-08,0.588897,7.816182e+19,5.127693e+13,0.000003,0.809736
0.896552,-3.284929e-08,0.591018,8.484451e+19,4.723806e+13,0.000003,0.809736
0.896552,-3.038005e-08,0.593102,9.196490e+19,4.358057e+13,0.000003,0.809736
0.896552,-2.805057e-08,0.595147,9.953513e+19,4.026593e+13,0.000003,0.809736
0.896552,-2.585295e-08,0.597152,1.075657e+20,3.725971e+13,0.000003,0.809736
0.896552,-2.377973e-08,0.599118,1.160652e+20,3.453108e+13,0.000003,0.809736
0.896552,-2.182386e-08,0.601044,1.250404e+20,3.205244e+13,0.000003,0.809735
0.896552,-1.997869e-08,0.602928,1.344954e+20,2.979908e+13,0.000003,0.809735
0.896552,-1.823797e-08,0.604771,1.444323e+20,2.774886e+13,0.000003,0.809735
0.896552,-1.659579e-08,0.606572,1.548502e+20,2.588193e+13,0.000003,0.809735
0.896552,-1.504655e-08,0.608330,1.657458e+20,2.418049e+13,0.000003,0.809735
0.896552,-1.358501e-08,0.610044,1.771127e+20,2.262856e+13,0.000003,0.809735
0.896552,-1.220620e-08,0.611716,1.889417e+20,2.121181e+13,0.000003,0.809735
0.896552,-1.090543e-08,0.613344,2.012207e+20,1.991737e+13,0.000003,0.809735
0.896552,-9.678290e-09,0.614927,2.139346e+20,1.873366e+13,0.000003,0.809735
0.896552,-8.520612e-09,0.616467,2.270653e+20,1.765029e+13,0.000003,0.809735
0.896552,-7.428463e-09,0.617963,2.405921e+20,1.665790e+13,0.000003,0.809735
0.896552,-6.398133e-09,0.619415,2.544915e+20,1.574807e+13,0.000003,0.809735
0.896552,-5.426124e-09,0.620823,2.687375e+20,1.491322e+13,0.000003,0.809735
0.896552,-4.509135e-09,0.622188,2.833017e+20,1.414652e+13,0.000003,0.809735
0.896552,-3.644050e-09,0.623509,2.981537e+20,1.344180e+13,0.000003,0.809735
0.896552,-2.827933e-09,0.624787,3.132614e+20,1.279352e+13,0.000003,0.809735
0.896552,-2.058011e-09,0.626022,3.285908e+20,1.219664e+13,0.000003,0.809735
0.896552,-1.331669e-09,0.627214,3.441071e+20,1.164665e+13,0.000003,0.809734
0.896552,-6.464414e-10,0.628365,3.597743e+20,1.113945e+13,0.000003,0.809734
0.896552,0.000000e+00,0.629475,3.755558e+20,1.067133e+13,0.000003,0.809734
0.896552,6.464414e-10,0.630545,3.914182e+20,1.023885e+13,0.000003,0.809734
0.896552,1.331669e-09,0.631635,4.082855e+20,9.815829e+12,0.000003,0.809734
0.896552,2.058011e-09,0.632745,4.261851e+20,9.403543e+12,0.000003,0.809734
0.896552,2.827933e-09,0.633869,4.451351e+20,9.003195e+12,0.000003,0.809734
0.896552,3.644050e-09,0.635006,4.651425e+20,8.615907e+12,0.000003,0.809734
0.896552,4.509135e-09,0.636151,4.862003e+20,8.242712e+12,0.000003,0.809734
0.896552,5.426124e-09,0.637299,5.082853e+20,7.884534e+12,0.000003,0.809734
0.896552,6.398133e-09,0.638447,5.313547e+20,7.542184e+12,0.000003,0.809734
0.896552,7.428463e-09,0.639588,5.553440e+20,7.216346e+12,0.000003,0.809734
0.896552,8.520612e-09,0.640718,5.801648e+20,6.907576e+12,0.000003,0.809733
0.896552,9.678290e-09,0.641832,6.057025e+20,6.616297e+12,0.000003,0.809733
0.896552,1.090543e-08,0.642923,6.318164e+20,6.342793e+12,0.000003,0.809733
0.896552,1.220620e-08,0.643986,6.583389e+20,6.087215e+12,0.000003,0.809733
0.896552,1.358501e-08,0.645016,6.850777e+20,5.849580e+12,0.000003,0.809733
0.896552,1.504655e-08,0.646005,7.118184e+20,5.629779e+12,0.000003,0.809732
0.896552,1.659579e-08,0.646951,7.383293e+20,5.427578e+12,0.000003,0.809732
0.896552,1.823797e-08,0.647847,7.643677e+20,5.242628e+12,0.000003,0.809732
0.896552,1.997869e-08,0.648689,7.896873e+20,5.074473e+12,0.000003,0.809732
0.896552,2.182386e-08,0.649475,8.140469e+20,4.922559e+12,0.000003,0.809731
0.896552,2.377973e-08,0.650200,8.372196e+20,4.786241e+12,0.000003,0.809731
0.896552,2.585295e-08,0.650864,8.590024e+20,4.664797e+12,0.000003,0.809730
0.896552,2.805057e-08,0.651466,8.792240e+20,4.557432e+12,0.000003,0.809730
0.896552,3.038005e-08,0.652005,8.977520e+20,4.463291e+12,0.000003,0.809730
0.896552,3.284929e-08,0.652483,9.144979e+20,4.381473e+12,0.000003,0.809729
0.896552,3.546669e-08,0.652901,9.294196e+20,4.311036e+12,0.000003,0.809728
0.896552,3.824114e-08,0.653263,9.425211e+20,4.251012e+12,0.000003,0.809728
0.896552,4.118205e-08,0.653572,9.538498e+20,4.200418e+12,0.000003,0.809727
0.896552,4.429941e-08,0.653832,9.634918e+20,4.158271e+12,0.000003,0.809726
0.896552,4.760382e-08,0.654048,9.715646e+20,4.123602e+12,0.000003,0.809726
0.896552,5.110649e-08,0.654224,9.782098e+20,4.095463e+12,0.000003,0.809725
0.896552,5.481932e-08,0.654366,9.835843e+20,4.072952e+12,0.000003,0.809724
0.896552,5.875492e-08,0.654477,9.878524e+20,4.055213e+12,0.000003,0.809723
0.896552,6.292665e-08,0.654564,9.911780e+20,4.041457e+12,0.000003,0.809722
0.896552,6.734869e-08,0.654631,9.937182e+20,4.030967e+12,0.000003,0.809721
0.896552,7.203606e-08,0.654680,9.956188e+20,4.023104e+12,0.000003,0.809720
0.896552,7.700466e-08,0.654716,9.970104e+20,4.017310e+12,0.000003,0.809719
0.896552,8.227138e-08,0.654742,9.980064e+20,4.013111e+12,0.000003,0.809718
0.896552,8.785411e-08,0.654760,9.987024e+20,4.010114e+12,0.000003,0.809716
0.896552,9.377180e-08,0.654772,9.991768e+20,4.007997e+12,0.000003,0.809715
0.896552,1.000445e-07,0.654780,9.994917e+20,4.006509e+12,0.000003,0.809714
0.896552,1.066937e-07,0.654786,9.996949e+20,4.005455e+12,0.000003,0.809712
0.896552,1.137417e-07,0.654789,9.998223e+20,4.004691e+12,0.000003,0.809710
0.896552,1.212127e-07,0.654791,9.998998e+20,4.004113e+12,0.000003,0.809709
0.896552,1.291319e-07,0.654792,9.999453e+20,4.003646e+12,0.000003,0.809707
0.896552,1.375262e-07,0.654793,9.999712e+20,4.003240e+12,0.000003,0.809705
0.896552,1.464242e-07,0.654793,9.999854e+20,4.002863e+12,0.000003,0.809703
0.896552,1.558561e-07,0.654793,9.999929e+20,4.002495e+12,0.000003,0.809701
0.896552,1.658539e-07,0.654793,9.999967e+20,4.002120e+12,0.000003,0.809698
0.896552,1.764516e-07,0.654793,9.999985e+20,4.001732e+12,0.000003,0.809696
0.896552,1.876852e-07,0.654793,9.999994e+20,4.001325e+12,0.000003,0.809693
0.896552,1.995927e-07,0.654793,9.999997e+20,4.000895e+12,0.000003,0.809691
0.896552,2.122147e-07,0.654793,9.999999e+20,4.000441e+12,0.000003,0.809688
0.896552,2.255940e-07,0.654793,1.000000e+21,3.999960e+12,0.000003,0.809685
0.896552,2.397761e-07,0.654793,1.000000e+21,3.999451e+12,0.000003,0.809681
0.896552,2.548091e-07,0.654793,1.000000e+21,3.998911e+12,0.000003,0.809678
0.896552,2.707441e-07,0.654793,1.000000e+21,3.998339e+12,0.000003,0.809674
0.896552,2.876352e-07,0.654793,1.000000e+21,3.997732e+12,0.000003,0.809670
0.896552,3.055398e-07,0.654793,1.000000e+21,3.997090e+12,0.000003,0.809666
0.896552,3.245186e-07,0.654793,1.000000e+21,3.996408e+12,0.000003,0.809662
0.896552,3.446361e-07,0.654793,1.000000e+21,3.995686e+12,0.000003,0.809657
0.896552,3.659607e-07,0.654793,1.000000e+21,3.994921e+12,0.000003,0.809652
0.896552,3.885648e-07,0.654793,1.000000e+21,3.994111e+12,0.000003,0.809647
0.896552,4.125252e-07,0.654793,1.000000e+21,3.993251e+12,0.000003,0.809641
0.896552,4.379231e-07,0.654793,1.000000e+21,3.992341e+12,0.000003,0.809635
0.896552,4.648449e-07,0.654793,1.000000e+21,3.991375e+12,0.000003,0.809629
0.896552,4.933821e-07,0.654793,1.000000e+21,3.990353e+12,0.000003,0.809622
0.896552,5.236314e-07,0.654793,1.000000e+21,3.989269e+12,0.000003,0.809615
0.896552,5.556958e-07,0.654793,1.000000e+21,3.988120e+12,0.000003,0.809608
0.896552,5.896840e-07,0.654793,1.000000e+21,3.986903e+12,0.000003,0.809600
0.896552,6.257114e-07,0.654793,1.000000e+21,3.985614e+12,0.000003,0.809592
0.896552,6.639006e-07,0.654793,1.000000e+21,3.984247e+12,0.000003,0.809583
0.896552,7.043810e-07,0.654793,1.000000e+21,3.982799e+12,0.000003,0.809573
0.896552,7.472904e-07,0.654793,1.000000e+21,3.981265e+12,0.000003,0.809563
0.896552,7.927742e-07,0.654793,1.000000e+21,3.979639e+12,0.000003,0.809553
0.896552,8.409871e-07,0.654793,1.000000e+21,3.977916e+12,0.000003,0.809542
0.896552,8.920928e-07,0.654793,1.000000e+21,3.976091e+12,0.000003,0.809530
0.896552,9.462648e-07,0.654793,1.000000e+21,3.974157e+12,0.000003,0.809517
0.896552,1.003687e-06,0.654793,1.000000e+21,3.972108e+12,0.000003,0.809504
0.896552,1.064555e-06,0.654793,1.000000e+21,3.969938e+12,0.000003,0.809490
0.896552,1.129075e-06,0.654793,1.000000e+21,3.967638e+12,0.000003,0.809475
0.896552,1.197465e-06,0.654793,1.000000e+21,3.965202e+12,0.000003,0.809459
0.896552,1.269960e-06,0.654793,1.000000e+21,3.962622e+12,0.000003,0.809442
0.896552,1.346804e-06,0.654793,1.000000e+21,3.959888e+12,0.000003,0.809424
0.896552,1.428258e-06,0.654793,1.000000e+21,3.956993e+12,0.000003,0.809405
0.896552,1.514600e-06,0.654793,1.000000e+21,3.953926e+12,0.000003,0.809385
0.896552,1.606123e-06,0.654793,1.000000e+21,3.950677e+12,0.000003,0.809364
0.896552,1.703137e-06,0.654793,1.000000e+21,3.947237e+12,0.000003,0.809341
0.896552,1.805971e-06,0.654793,1.000000e+21,3.943593e+12,0.000003,0.809318
0.896552,1.914976e-06,0.654793,1.000000e+21,3.939735e+12,0.000003,0.809292
0.896552,2.030521e-06,0.654793,1.000000e+21,3.935649e+12,0.000003,0.809265
0.896552,2.152999e-06,0.654793,1.000000e+21,3.931323e+12,0.000003,0.809237
0.896552,2.282825e-06,0.654793,1.000000e+21,3.926742e+12,0.000003,0.809207
0.896552,2.420441e-06,0.654793,1.000000e+21,3.921892e+12,0.000003,0.809175
0.896552,2.566314e-06,0.654793,1.000000e+21,3.916758e+12,0.000003,0.809141
0.896552,2.720939e-06,0.654793,1.000000e+21,3.911323e+12,0.000003,0.809105
0.896552,2.884842e-06,0.654793,1.000000e+21,3.905570e+12,0.000003,0.809067
0.896552,3.058579e-06,0.654793,1.000000e+21,3.899481e+12,0.000003,0.809027
0.896552,3.242740e-06,0.654793,1.000000e+21,3.893038e+12,0.000003,0.808984
0.896552,3.437951e-06,0.654793,1.000000e+21,3.886219e+12,0.000003,0.808939
0.896552,3.644875e-06,0.654793,1.000000e+21,3.879004e+12,0.000003,0.808891
0.896552,3.864214e-06,0.654793,1.000000e+21,3.871371e+12,0.000003,0.808840
0.896552,4.096713e-06,0.654793,1.000000e+21,3.863296e+12,0.000003,0.808786
0.896552,4.343162e-06,0.654793,1.000000e+21,3.854756e+12,0.000003,0.808729
0.896552,4.604398e-06,0.654793,1.000000e+21,3.845723e+12,0.000003,0.808668
0.896552,4.881309e-06,0.654793,1.000000e+21,3.836171e+12,0.000003,0.808604
0.896552,5.174833e-06,0.654793,1.000000e+21,3.826073e+12,0.000003,0.808535
0.896552,5.485970e-06,0.654793,1.000000e+21,3.815397e+12,0.000003,0.808463
0.896552,5.815775e-06,0.654793,1.000000e+21,3.804113e+12,0.000003,0.808387
0.896552,6.165367e-06,0.654793,1.000000e+21,3.792189e+12,0.000003,0.808306
0.896552,6.535936e-06,0.654793,1.000000e+21,3.779590e+12,0.000003,0.808219
0.896552,6.928739e-06,0.654793,1.000000e+21,3.766281e+12,0.000003,0.808128
0.896552,7.345109e-06,0.654793,1.000000e+21,3.752224e+12,0.000003,0.808032
0.896552,7.786462e-06,0.654793,1.000000e+21,3.737381e+12,0.000003,0.807929
0.896552,8.254297e-06,0.654793,1.000000e+21,3.721712e+12,0.000003,0.807821
0.896552,8.750201e-06,0.654793,1.000000e+21,3.705174e+12,0.000003,0.807705
0.896552,9.275859e-06,0.654793,1.000000e+21,3.687724e+12,0.000003,0.807583
0.896552,9.833057e-06,0.654793,1.000000e+21,3.669317e+12,0.000003,0.807454
0.896552,1.042369e-05,0.654793,1.000000e+21,3.649905e+12,0.000003,0.807317
0.896552,1.104975e-05,0.654793,1.000000e+21,3.629441e+12,0.000003,0.807171
0.896552,1.171339e-05,0.654793,1.000000e+21,3.607874e+12,0.000003,0.807017
0.896552,1.241684e-05,0.654793,1.000000e+21,3.585153e+12,0.000003,0.806854
0.896552,1.316249e-05,0.654793,1.000000e+21,3.561225e+12,0.000003,0.806681
0.896552,1.395289e-05,0.654793,1.000000e+21,3.536035e+12,0.000003,0.806497
0.896552,1.479071e-05,0.654793,1.000000e+21,3.509528e+12,0.000003,0.806303
0.896552,1.567880e-05,0.654793,1.000000e+21,3.481648e+12,0.000003,0.806097
0.896552,1.662017e-05,0.654793,1.000000e+21,3.452336e+12,0.000003,0.805878
0.896552,1.761803e-05,0.654793,1.000000e+21,3.421535e+12,0.000003,0.805646
0.896552,1.867576e-05,0.654793,1.000000e+21,3.389186e+12,0.000003,0.805401
0.896552,1.979695e-05,0.654793,1.000000e+21,3.355229e+12,0.000003,0.805141
0.896552,2.098541e-05,0.654793,1.000000e+21,3.319606e+12,0.000003,0.804865
0.896552,2.224518e-05,0.654793,1.000000e+21,3.282259e+12,0.000003,0.804572
0.896552,2.358054e-05,0.654793,1.000000e+21,3.243128e+12,0.000003,0.804262
0.896552,2.499602e-05,0.654793,1.000000e+21,3.202159e+12,0.000003,0.803933
0.896552,2.649643e-05,0.654793,1.000000e+21,3.159296e+12,0.000003,0.803585
0.896552,2.808686e-05,0.654793,1.000000e+21,3.114488e+12,0.000003,0.803216
0.896552,2.977272e-05,0.654793,1.000000e+21,3.067684e+12,0.000003,0.802824
0.896552,3.155973e-05,0.654793,1.000000e+21,3.018838e+12,0.000003,0.802409
0.896552,3.345396e-05,0.654793,1.000000e+21,2.967911e+12,0.000003,0.801969
0.896552,3.546184e-05,0.654793,1.000000e+21,2.914865e+12,0.000003,0.801503
0.896552,3.759020e-05,0.654793,1.000000e+21,2.859670e+12,0.000003,0.801009
0.896552,3.984626e-05,0.654793,1.000000e+21,2.802304e+12,0.000003,0.800485
0.896552,4.223768e-05,0.654793,1.000000e+21,2.742750e+12,0.000002,0.799930
0.896552,4.477258e-05,0.654793,1.000000e+21,2.681004e+12,0.000002,0.799341
0.896552,4.745959e-05,0.654793,1.000000e+21,2.617069e+12,0.000002,0.798717
0.896552,5.030781e-05,0.654793,1.000000e+21,2.550960e+12,0.000002,0.798056
0.896552,5.332692e-05,0.654793,1.000000e+21,2.482707e+12,0.000002,0.797355
0.896552,5.652718e-05,0.654793,1.000000e+21,2.412349e+12,0.000002,0.796611
0.896552,5.991946e-05,0.654793,1.000000e+21,2.339944e+12,0.000002,0.795823
0.896552,6.351528e-05,0.654793,1.000000e+21,2.265565e+12,0.000002,0.794988
0.896552,6.732684e-05,0.654793,1.000000e+21,2.189301e+12,0.000002,0.794103
0.896552,7.136710e-05,0.654793,1.000000e+21,2.111260e+12,0.000002,0.793165
0.896552,7.564977e-05,0.654793,1.000000e+21,2.031569e+12,0.000002,0.792170
0.896552,8.018940e-05,0.654793,1.000000e+21,1.950376e+12,0.000002,0.791116
0.896552,8.500141e-05,0.654793,1.000000e+21,1.867849e+12,0.000002,0.789998
0.896552,9.010214e-05,0.654793,1.000000e+21,1.784177e+12,0.000002,0.788813
0.896552,9.550892e-05,0.654793,1.000000e+21,1.699570e+12,0.000002,0.787557
0.896552,1.012401e-04,0.654793,1.000000e+21,1.614258e+12,0.000002,0.786226
0.896552,1.073152e-04,0.654793,1.000000e+21,1.528495e+12,0.000002,0.784814
0.896552,1.137547e-04,0.654793,1.000000e+21,1.442550e+12,0.000002,0.783318
0.896552,1.205806e-04,0.654793,1.000000e+21,1.356713e+12,0.000002,0.781732
0.896552,1.278161e-04,0.654793,1.000000e+21,1.271290e+12,0.000002,0.780051
0.896552,1.354857e-04,0.654793,1.000000e+21,1.186598e+12,0.000002,0.778269
0.896552,1.436155e-04,0.654793,1.000000e+21,1.102967e+12,0.000002,0.776379
0.896552,1.522331e-04,0.654793,1.000000e+21,1.020734e+12,0.000002,0.774376
0.896552,1.613677e-04,0.654793,1.000000e+21,9.402386e+11,0.000002,0.772252
0.896552,1.710504e-04,0.654793,1.000000e+21,8.618173e+11,0.000002,0.770001
0.896552,1.813141e-04,0.654793,1.000000e+21,7.858012e+11,0.000002,0.767614
0.896552,1.921936e-04,0.654792,1.000000e+21,7.125086e+11,0.000002,0.765082
0.896552,2.033332e-04,0.654792,1.000000e+21,6.445028e+11,0.000002,0.762489
0.896552,2.144727e-04,0.654792,1.000000e+21,5.829367e+11,0.000002,0.759894
0.896552,2.256123e-04,0.654792,1.000000e+21,5.271950e+11,0.000002,0.757295
0.896552,2.367518e-04,0.654792,1.000000e+21,4.767208e+11,0.000002,0.754693
0.896552,2.478914e-04,0.654792,1.000000e+21,4.310098e+11,0.000001,0.752087
0.896552,2.590309e-04,0.654792,1.000000e+21,3.896053e+11,0.000001,0.749476
0.896552,2.701705e-04,0.654792,1.000000e+21,3.520937e+11,0.000001,0.746859
0.896552,2.813100e-04,0.654792,1.000000e+21,3.181000e+11,0.000001,0.744234
0.896552,2.924496e-04,0.654792,1.000000e+21,2.872848e+11,0.000001,0.741600
0.896552,3.035891e-04,0.654792,1.000000e+21,2.593400e+11,0.000001,0.738955
0.896552,3.147287e-04,0.654792,1.000000e+21,2.339866e+11,0.000001,0.736295
0.896552,3.258682e-04,0.654792,1.000000e+21,2.109712e+11,0.000001,0.733618
0.896552,3.370078e-04,0.654792,1.000000e+21,1.900639e+11,0.000001,0.730920
0.896552,3.481473e-04,0.654792,1.000000e+21,1.710558e+11,0.000001,0.728196
0.896552,3.592869e-04,0.654792,1.000000e+21,1.537570e+11,0.000001,0.725440
0.896552,3.704264e-04,0.654792,1.000000e+21,1.379947e+11,0.000001,0.722644
0.896552,3.815660e-04,0.654792,1.000000e+21,1.236115e+11,0.000001,0.719798
0.896552,3.927055e-04,0.654792,1.000000e+21,1.104637e+11,0.000001,0.716891
0.896552,4.038451e-04,0.654791,1.000000e+21,9.842003e+10,0.000001,0.713906
0.896552,4.149846e-04,0.654791,1.000000e+21,8.736027e+10,0.000001,0.710824
0.896552,4.261242e-04,0.654791,1.000000e+21,7.717404e+10,0.000001,0.707619
0.896552,4.372637e-04,0.654791,1.000000e+21,6.775976e+10,0.000001,0.704256
0.896552,4.484033e-04,0.654791,1.000000e+21,5.902365e+10,0.000001,0.700688
0.896552,4.595428e-04,0.654791,1.000000e+21,5.087885e+10,0.000000,0.696849
0.896552,4.706824e-04,0.654791,1.000000e+21,4.324467e+10,0.000000,0.692646
0.896552,4.818219e-04,0.654791,1.000000e+21,3.604600e+10,0.000000,0.687939
0.896552,4.929615e-04,0.654791,1.000000e+21,2.921302e+10,0.000000,0.682505
0.896552,5.041010e-04,0.654791,1.000000e+21,2.268185e+10,0.000000,0.675963
0.896552,5.152406e-04,0.654791,1.000000e+21,1.639768e+10,0.000000,0.667576
0.896552,5.263801e-04,0.654791,1.000000e+21,1.033004e+10,0.000000,0.655630
0.896552,5.375197e-04,0.654791,1.000000e+21,4.573170e+09,0.000000,0.634565
0.896552,5.486592e-04,0.654791,1.000000e+21,4.065261e+08,0.000000,0.571995
0.896552,5.569776e-04,0.654791,1.000000e+21,1.000000e-01,0.000000,0.000000
1,-9.340798e-04,0.583315,1.000000e+03,1.000000e+17,1.000000,1.000000
1,-9.225255e-04,0.580165,4.872256e+13,1.000514e+17,0.360647,0.996863
1,-9.038439e-04,0.574955,6.494802e+14,1.006494e+17,0.288480,0.991808
1,-8.851623e-04,0.569749,1.389761e+15,1.013885e+17,0.263608,0.986790
1,-8.664807e-04,0.564611,2.036193e+15,1.020350e+17,0.248596,0.981817
1,-8.477992e-04,0.559541,2.594025e+15,1.025929e+17,0.237266,0.976887
1,-8.291176e-04,0.554531,3.082736e+15,1.030817e+17,0.227794,0.972001
1,-8.104360e-04,0.549578,3.519499e+15,1.035185e+17,0.219415,0.967157
1,-7.917544e-04,0.544678,3.918188e+15,1.039172e+17,0.211741,0.962356
1,-7.730728e-04,0.539829,4.289886e+15,1.042890e+17,0.204550,0.957600
1,-7.543912e-04,0.535030,4.643479e+15,1.046426e+17,0.197703,0.952889
1,-7.357096e-04,0.530281,4.986166e+15,1.049852e+17,0.191114,0.948224
1,-7.170280e-04,0.525582,5.323855e+15,1.053229e+17,0.184720,0.943607
1,-6.983464e-04,0.520932,5.661473e+15,1.056605e+17,0.178480,0.939040
1,-6.796648e-04,0.516333,6.003210e+15,1.060022e+17,0.172366,0.934525
1,-6.609832e-04,0.511786,6.352707e+15,1.063517e+17,0.166357,0.930063
1,-6.423016e-04,0.507293,6.713208e+15,1.067122e+17,0.160436,0.925657
1,-6.236200e-04,0.502854,7.087680e+15,1.070866e+17,0.154594,0.921309
1,-6.049384e-04,0.498472,7.478912e+15,1.074778e+17,0.148824,0.917022
1,-5.862568e-04,0.494150,7.889601e+15,1.078885e+17,0.143119,0.912798
1,-5.675752e-04,0.489888,8.322416e+15,1.083212e+17,0.137477,0.908639
1,-5.488936e-04,0.485690,8.780062e+15,1.087788e+17,0.131894,0.904550
1,-5.302120e-04,0.481557,9.265338e+15,1.092641e+17,0.126371,0.900532
1,-5.115304e-04,0.477493,9.781185e+15,1.097799e+17,0.120906,0.896590
1,-4.928488e-04,0.473500,1.033074e+16,1.103294e+17,0.115500,0.892726
1,-4.741672e-04,0.469580,1.091737e+16,1.109159e+17,0.110153,0.888944
1,-4.554857e-04,0.465738,1.154475e+16,1.115433e+17,0.104866,0.885247
1,-4.368041e-04,0.461976,1.221692e+16,1.122154e+17,0.099640,0.881640
1,-4.181225e-04,0.458296,1.293828e+16,1.129367e+17,0.094478,0.878126
1,-3.994409e-04,0.454704,1.371375e+16,1.137121e+17,0.089381,0.874710
1,-3.807593e-04,0.451201,1.454876e+16,1.145470e+17,0.084350,0.871397
1,-3.620777e-04,0.447791,1.544938e+16,1.154476e+17,0.079387,0.868189
1,-3.433961e-04,0.444478,1.642238e+16,1.164205e+17,0.074495,0.865094
1,-3.247145e-04,0.441266,1.747534e+16,1.174734e+17,0.069676,0.862114
1,-3.063338e-04,0.438207,1.859773e+16,1.185957e+17,0.065008,0.859301
1,-2.889936e-04,0.435417,1.974358e+16,1.197415e+17,0.060672,0.856759
1,-2.726348e-04,0.432872,2.090980e+16,1.209077e+17,0.056644,0.854465
1,-2.572020e-04,0.430552,2.209319e+16,1.220910e+17,0.052901,0.852397
1,-2.426428e-04,0.428438,2.329043e+16,1.232882e+17,0.049422,0.850535
1,-2.289077e-04,0.426509,2.449815e+16,1.244959e+17,0.046187,0.848859
1,-2.159501e-04,0.424751,2.571292e+16,1.257106e+17,0.043178,0.847351
1,-2.037259e-04,0.423148,2.693138e+16,1.269290e+17,0.040378,0.845998
1,-1.921936e-04,0.421686,2.815016e+16,1.281478e+17,0.037771,0.844782
1,-1.813141e-04,0.420351,2.936603e+16,1.293636e+17,0.035344,0.843692
1,-1.710504e-04,0.419133,3.057584e+16,1.305734e+17,0.033082,0.842715
1,-1.613677e-04,0.418021,3.177658e+16,1.317741e+17,0.030974,0.841839
1,-1.522331e-04,0.417005,3.296544e+16,1.329629e+17,0.029009,0.841056
1,-1.436155e-04,0.416077,3.413976e+16,1.341372e+17,0.027175,0.840354
1,-1.354857e-04,0.415227,3.529709e+16,1.352945e+17,0.025464,0.839727
1,-1.278161e-04,0.414450,3.643519e+16,1.364326e+17,0.023866,0.839166
1,-1.205806e-04,0.413738,3.755205e+16,1.375495e+17,0.022374,0.838665
1,-1.137547e-04,0.413086,3.864585e+16,1.386433e+17,0.020979,0.838217
1,-1.073152e-04,0.412487,3.971503e+16,1.397124e+17,0.019675,0.837818
1,-1.012401e-04,0.411938,4.075820e+16,1.407556e+17,0.018456,0.837461
1,-9.550892e-05,0.411434,4.177422e+16,1.417716e+17,0.017315,0.837143
1,-9.010214e-05,0.410971,4.276214e+16,1.427595e+17,0.016247,0.836859
1,-8.500141e-05,0.410544,4.372120e+16,1.437186e+17,0.015248,0.836606
1,-8.018940e-05,0.410152,4.465082e+16,1.446482e+17,0.014311,0.836380
1,-7.564977e-05,0.409790,4.555061e+16,1.455480e+17,0.013434,0.836178
1,-7.136710e-05,0.409457,4.642032e+16,1.464177e+17,0.012612,0.835999
1,-6.732684e-05,0.409149,4.725985e+16,1.472572e+17,0.011841,0.835839
1,-6.351528e-05,0.408865,4.806926e+16,1.480666e+17,0.011117,0.835697
1,-5.991946e-05,0.408603,4.884869e+16,1.488460e+17,0.010439,0.835570
1,-5.652718e-05,0.408360,4.959841e+16,1.495958e+17,0.009802,0.835457
1,-5.332692e-05,0.408135,5.031880e+16,1.503162e+17,0.009205,0.835357
1,-5.030781e-05,0.407927,5.101031e+16,1.510077e+17,0.008644,0.835267
1,-4.745959e-05,0.407734,5.167346e+16,1.516708e+17,0.008117,0.835187
1,-4.477258e-05,0.407555,5.230883e+16,1.523062e+17,0.007622,0.835116
1,-4.223768e-05,0.407389,5.291708e+16,1.529144e+17,0.007157,0.835053
1,-3.984626e-05,0.407234,5.349888e+16,1.534962e+17,0.006720,0.834997
1,-3.759020e-05,0.407091,5.405497e+16,1.540523e+17,0.006309,0.834947
1,-3.546184e-05,0.406957,5.458609e+16,1.545835e+17,0.005923,0.834903
1,-3.345396e-05,0.406833,5.509302e+16,1.550904e+17,0.005560,0.834863
1,-3.155973e-05,0.406717,5.557654e+16,1.555739e+17,0.005218,0.834828
1,-2.977272e-05,0.406610,5.603746e+16,1.560348e+17,0.004897,0.834796
1,-2.808686e-05,0.406509,5.647657e+16,1.564739e+17,0.004595,0.834769
1,-2.649643e-05,0.406415,5.689468e+16,1.568920e+17,0.004310,0.834744
1,-2.499602e-05,0.406328,5.729258e+16,1.572900e+17,0.004043,0.834722
1,-2.358054e-05,0.406246,5.767107e+16,1.576684e+17,0.003791,0.834702
1,-2.224518e-05,0.406170,5.803093e+16,1.580283e+17,0.003553,0.834685
1,-2.098541e-05,0.406099,5.837293e+16,1.583703e+17,0.003330,0.834670
1,-1.979695e-05,0.406032,5.869782e+16,1.586952e+17,0.003120,0.834656
1,-1.867576e-05,0.405970,5.900633e+16,1.590037e+17,0.002922,0.834644
1,-1.761803e-05,0.405911,5.929918e+16,1.592966e+17,0.002736,0.834633
1,-1.662017e-05,0.405856,5.957708e+16,1.595745e+17,0.002560,0.834623
1,-1.567880e-05,0.405805,5.984069e+16,1.598381e+17,0.002395,0.834615
1,-1.479071e-05,0.405757,6.009069e+16,1.600880e+17,0.002239,0.834607
1,-1.395289e-05,0.405712,6.032770e+16,1.603250e+17,0.002092,0.834600
1,-1.316249e-05,0.405670,6.055237e+16,1.605494e+17,0.001954,0.834594
1,-1.241684e-05,0.405631,6.076532e+16,1.607620e+17,0.001824,0.834589
1,-1.171339e-05,0.405594,6.096718e+16,1.609629e+17,0.001701,0.834584
1,-1.104975e-05,0.405559,6.115863e+16,1.611525e+17,0.001585,0.834580
1,-1.042369e-05,0.405527,6.134042e+16,1.613307e+17,0.001476,0.834576
1,-9.833057e-06,0.405497,6.151345e+16,1.614969e+17,0.001374,0.834573
1,-9.275859e-06,0.405469,6.167886e+16,1.616500e+17,0.001277,0.834570
1,-8.750201e-06,0.405445,6.183814e+16,1.617875e+17,0.001186,0.834568
1,-8.254297e-06,0.405424,6.199334e+16,1.619059e+17,0.001100,0.834565
1,-7.786462e-06,0.405407,6.214725e+16,1.619994e+17,0.001019,0.834563
1,-7.345109e-06,0.405395,6.230364e+16,1.620597e+17,0.000942,0.834561
1,-6.928739e-06,0.405391,6.246761e+16,1.620749e+17,0.000870,0.834560
1,-6.535936e-06,0.405397,6.264583e+16,1.620293e+17,0.000802,0.834558
1,-6.165367e-06,0.405416,6.284692e+16,1.619024e+17,0.000739,0.834557
1,-5.815775e-06,0.405452,6.308173e+16,1.616682e+17,0.000678,0.834556
1,-5.485970e-06,0.405511,6.336363e+16,1.612950e+17,0.000622,0.834555
1,-5.174833e-06,0.405599,6.370878e+16,1.607457e+17,0.000569,0.834554
1,-4.881309e-06,0.405722,6.413630e+16,1.599775e+17,0.000519,0.834553
1,-4.604398e-06,0.405888,6.466842e+16,1.589439e+17,0.000472,0.834553
1,-4.343162e-06,0.406108,6.533062e+16,1.575953e+17,0.000429,0.834552
1,-4.096713e-06,0.406390,6.615168e+16,1.558818e+17,0.000388,0.834552
1,-3.864214e-06,0.406745,6.716379e+16,1.537557e+17,0.000350,0.834551
1,-3.644875e-06,0.407182,6.840265e+16,1.511745e+17,0.000315,0.834551
1,-3.437951e-06,0.407712,6.990765e+16,1.481046e+17,0.000282,0.834550
1,-3.242740e-06,0.408344,7.172213e+16,1.445239e+17,0.000252,0.834550
1,-3.058579e-06,0.409088,7.389371e+16,1.404249e+17,0.000224,0.834550
1,-2.884842e-06,0.409950,7.647481e+16,1.358166e+17,0.000199,0.834549
1,-2.720939e-06,0.410938,7.952325e+16,1.307250e+17,0.000176,0.834549
1,-2.566314e-06,0.412055,8.310296e+16,1.251935e+17,0.000155,0.834549
1,-2.420441e-06,0.413306,8.728493e+16,1.192808e+17,0.000136,0.834549
1,-2.282825e-06,0.414691,9.214818e+16,1.130582e+17,0.000120,0.834549
1,-2.152999e-06,0.416210,9.778093e+16,1.066064e+17,0.000105,0.834548
1,-2.030521e-06,0.417860,1.042819e+17,1.000113e+17,0.000091,0.834548
1,-1.914976e-06,0.419639,1.117618e+17,9.335973e+16,0.000080,0.834548
1,-1.805971e-06,0.421542,1.203446e+17,8.673553e+16,0.000069,0.834548
1,-1.703137e-06,0.423562,1.301699e+17,8.021631e+16,0.000060,0.834548
1,-1.606123e-06,0.425692,1.413939e+17,7.387072e+16,0.000053,0.834548
1,-1.514600e-06,0.427925,1.541924e+17,6.775678e+16,0.000046,0.834548
1,-1.428258e-06,0.430254,1.687623e+17,6.192094e+16,0.000040,0.834548
1,-1.346804e-06,0.432669,1.853244e+17,5.639802e+16,0.000035,0.834547
1,-1.269960e-06,0.435163,2.041262e+17,5.121171e+16,0.000030,0.834547
1,-1.197465e-06,0.437727,2.254448e+17,4.637555e+16,0.000027,0.834547
1,-1.129075e-06,0.440354,2.495900e+17,4.189424e+16,0.000024,0.834547
1,-1.064555e-06,0.443037,2.769082e+17,3.776505e+16,0.000021,0.834547
1,-1.003687e-06,0.445767,3.077864e+17,3.397928e+16,0.000019,0.834547
1,-9.462648e-07,0.448540,3.426564e+17,3.052366e+16,0.000017,0.834547
1,-8.920928e-07,0.451348,3.820002e+17,2.738160e+16,0.000015,0.834547
1,-8.409871e-07,0.454187,4.263548e+17,2.453432e+16,0.000014,0.834547
1,-7.927742e-07,0.457050,4.763186e+17,2.196174e+16,0.000012,0.834547
1,-7.472904e-07,0.459934,5.325580e+17,1.964326e+16,0.000011,0.834547
1,-7.043810e-07,0.462835,5.958145e+17,1.755832e+16,0.000011,0.834547
1,-6.639006e-07,0.465749,6.669128e+17,1.568688e+16,0.000010,0.834547
1,-6.257114e-07,0.468672,7.467695e+17,1.400969e+16,0.000009,0.834547
1,-5.896840e-07,0.471602,8.364028e+17,1.250857e+16,0.000009,0.834547
1,-5.556958e-07,0.474536,9.369429e+17,1.116649e+16,0.000008,0.834547
1,-5.236314e-07,0.477472,1.049644e+18,9.967669e+15,0.000008,0.834547
1,-4.933821e-07,0.480408,1.175895e+18,8.897574e+15,0.000008,0.834547
1,-4.648449e-07,0.483342,1.317237e+18,7.942921e+15,0.000007,0.834547
1,-4.379231e-07,0.486273,1.475373e+18,7.091620e+15,0.000007,0.834547
1,-4.125252e-07,0.489199,1.652189e+18,6.332720e+15,0.000007,0.834547
1,-3.885648e-07,0.492119,1.849767e+18,5.656336e+15,0.000007,0.834547
1,-3.659607e-07,0.495032,2.070406e+18,5.053574e+15,0.000007,0.834547
1,-3.446361e-07,0.497937,2.316642e+18,4.516447e+15,0.000007,0.834547
1,-3.245186e-07,0.500833,2.591266e+18,4.037802e+15,0.000007,0.834547
1,-3.055398e-07,0.503719,2.897352e+18,3.611244e+15,0.000007,0.834547
1,-2.876352e-07,0.506595,3.238277e+18,3.231059e+15,0.000006,0.834547
1,-2.707441e-07,0.509460,3.617748e+18,2.892152e+15,0.000006,0.834547
1,-2.548091e-07,0.512312,4.039828e+18,2.589984e+15,0.000006,0.834547
1,-2.397761e-07,0.515153,4.508964e+18,2.320510e+15,0.000006,0.834547
1,-2.255940e-07,0.517980,5.030015e+18,2.080133e+15,0.000006,0.834547
1,-2.122147e-07,0.520793,5.608284e+18,1.865652e+15,0.000006,0.834547
1,-1.995927e-07,0.523592,6.249546e+18,1.674219e+15,0.000006,0.834547
1,-1.876852e-07,0.526375,6.960078e+18,1.503303e+15,0.000006,0.834547
1,-1.764516e-07,0.529144,7.746692e+18,1.350655e+15,0.000006,0.834547
1,-1.658539e-07,0.531895,8.616765e+18,1.214273e+15,0.000006,0.834547
1,-1.558561e-07,0.534630,9.578265e+18,1.092379e+15,0.000006,0.834547
1,-1.464242e-07,0.537347,1.063978e+19,9.833936e+14,0.000006,0.834546
1,-1.375262e-07,0.540046,1.181055e+19,8.859101e+14,0.000006,0.834546
1,-1.291319e-07,0.542726,1.310048e+19,7.986791e+14,0.000006,0.834546
1,-1.212127e-07,0.545386,1.452016e+19,7.205894e+14,0.000006,0.834546
1,-1.137417e-07,0.548025,1.608088e+19,6.506523e+14,0.000006,0.834546
1,-1.066937e-07,0.550643,1.779466e+19,5.879885e+14,0.000006,0.834546
1,-1.000445e-07,0.553239,1.967420e+19,5.318156e+14,0.000006,0.834546
1,-9.377180e-08,0.555811,2.173292e+19,4.814370e+14,0.000006,0.834546
1,-8.785411e-08,0.558360,2.398495e+19,4.362327e+14,0.000006,0.834546
1,-8.227138e-08,0.560885,2.644505e+19,3.956508e+14,0.000006,0.834546
1,-7.700466e-08,0.563383,2.912864e+19,3.591996e+14,0.000006,0.834546
1,-7.203606e-08,0.565856,3.205169e+19,3.264408e+14,0.000006,0.834546
1,-6.734869e-08,0.568300,3.523071e+19,2.969843e+14,0.000006,0.834546
1,-6.292665e-08,0.570717,3.868261e+19,2.704820e+14,0.000006,0.834546
1,-5.875492e-08,0.573104,4.242469e+19,2.466238e+14,0.000006,0.834546
1,-5.481932e-08,0.575461,4.647445e+19,2.251328e+14,0.000006,0.834546
1,-5.110649e-08,0.577787,5.084950e+19,2.057622e+14,0.000006,0.834546
1,-4.760382e-08,0.580080,5.556742e+19,1.882918e+14,0.000006,0.834546
1,-4.429941e-08,0.582341,6.064560e+19,1.725248e+14,0.000006,0.834546
1,-4.118205e-08,0.584568,6.610105e+19,1.582857e+14,0.000006,0.834546
1,-3.824114e-08,0.586760,7.195022e+19,1.454176e+14,0.000006,0.834546
1,-3.546669e-08,0.588916,7.820883e+19,1.337804e+14,0.000006,0.834546
1,-3.284929e-08,0.591036,8.489159e+19,1.232489e+14,0.000006,0.834546
1,-3.038005e-08,0.593118,9.201206e+19,1.137109e+14,0.000006,0.834546
1,-2.805057e-08,0.595162,9.958237e+19,1.050663e+14,0.000006,0.834546
1,-2.585295e-08,0.597167,1.076130e+20,9.722549e+13,0.000006,0.834546
1,-2.377973e-08,0.599132,1.161127e+20,9.010822e+13,0.000006,0.834545
1,-2.182386e-08,0.601057,1.250879e+20,8.364264e+13,0.000006,0.834545
1,-1.997869e-08,0.602941,1.345431e+20,7.776439e+13,0.000006,0.834545
1,-1.823797e-08,0.604783,1.444801e+20,7.241579e+13,0.000006,0.834545
1,-1.659579e-08,0.606583,1.548982e+20,6.754513e+13,0.000006,0.834545
1,-1.504655e-08,0.608341,1.657939e+20,6.310603e+13,0.000006,0.834545
1,-1.358501e-08,0.610055,1.771610e+20,5.905687e+13,0.000006,0.834545
1,-1.220620e-08,0.611726,1.889901e+20,5.536028e+13,0.000006,0.834545
1,-1.090543e-08,0.613353,2.012693e+20,5.198270e+13,0.000006,0.834545
1,-9.678290e-09,0.614937,2.139834e+20,4.889398e+13,0.000006,0.834545
1,-8.520612e-09,0.616476,2.271143e+20,4.606700e+13,0.000006,0.834545
1,-7.428463e-09,0.617972,2.406413e+20,4.347737e+13,0.000006,0.834545
1,-6.398133e-09,0.619424,2.545409e+20,4.110312e+13,0.000006,0.834545
1,-5.426124e-09,0.620832,2.687871e+20,3.892449e+13,0.000006,0.834545
1,-4.509135e-09,0.622196,2.833516e+20,3.692367e+13,0.000006,0.834545
1,-3.644050e-09,0.623517,2.982039e+20,3.508457e+13,0.000006,0.834545
1,-2.827933e-09,0.624794,3.133118e+20,3.339272e+13,0.000006,0.834545
1,-2.058011e-09,0.626029,3.286416e+20,3.183502e+13,0.000006,0.834544
1,-1.331669e-09,0.627222,3.441581e+20,3.039965e+13,0.000006,0.834544
1,-6.464414e-10,0.628373,3.598256e+20,2.907593e+13,0.000006,0.834544
1,0.000000e+00,0.629482,3.756075e+20,2.785419e+13,0.000006,0.834544
1,6.464414e-10,0.630552,3.914700e+20,2.672546e+13,0.000006,0.834544
1,1.331669e-09,0.631642,4.083375e+20,2.562144e+13,0.000006,0.834544
1,2.058011e-09,0.632751,4.262371e+20,2.454541e+13,0.000006,0.834544
1,2.827933e-09,0.633876,4.451869e+20,2.350054e+13,0.000006,0.834544
1,3.644050e-09,0.635012,4.651940e+20,2.248975e+13,0.000006,0.834544
1,4.509135e-09,0.636157,4.862515e+20,2.151574e+13,0.000006,0.834544
1,5.426124e-09,0.637305,5.083358e+20,2.058092e+13,0.000006,0.834544
1,6.398133e-09,0.638452,5.314044e+20,1.968740e+13,0.000006,0.834544
1,7.428463e-09,0.639594,5.553926e+20,1.883697e+13,0.000006,0.834544
1,8.520612e-09,0.640724,5.802120e+20,1.803109e+13,0.000006,0.834543
1,9.678290e-09,0.641837,6.057483e+20,1.727086e+13,0.000006,0.834543
1,1.090543e-08,0.642929,6.318604e+20,1.655702e+13,0.000006,0.834543
1,1.220620e-08,0.643991,6.583809e+20,1.588996e+13,0.000006,0.834543
1,1.358501e-08,0.645021,6.851175e+20,1.526973e+13,0.000006,0.834543
1,1.504655e-08,0.646010,7.118558e+20,1.469604e+13,0.000006,0.834542
1,1.659579e-08,0.646955,7.383641e+20,1.416829e+13,0.000006,0.834542
1,1.823797e-08,0.647851,7.643998e+20,1.368556e+13,0.000006,0.834542
1,1.997869e-08,0.648694,7.897166e+20,1.324667e+13,0.000006,0.834542
1,2.182386e-08,0.649479,8.140733e+20,1.285016e+13,0.000006,0.834541
1,2.377973e-08,0.650204,8.372432e+20,1.249436e+13,0.000006,0.834541
1,2.585295e-08,0.650868,8.590232e+20,1.217738e+13,0.000006,0.834540
1,2.805057e-08,0.651470,8.792421e+20,1.189715e+13,0.000006,0.834540
1,3.038005e-08,0.652009,8.977675e+20,1.165144e+13,0.000006,0.834539
1,3.284929e-08,0.652487,9.145111e+20,1.143788e+13,0.000006,0.834539
1,3.546669e-08,0.652905,9.294306e+20,1.125404e+13,0.000006,0.834538
1,3.824114e-08,0.653267,9.425301e+20,1.109737e+13,0.000006,0.834538
1,4.118205e-08,0.653576,9.538571e+20,1.096531e+13,0.000006,0.834537
1,4.429941e-08,0.653836,9.634976e+20,1.085530e+13,0.000006,0.834536
1,4.760382e-08,0.654051,9.715691e+20,1.076481e+13,0.000006,0.834536
1,5.110649e-08,0.654227,9.782133e+20,1.069137e+13,0.000006,0.834535
1,5.481932e-08,0.654369,9.835870e+20,1.063261e+13,0.000006,0.834534
1,5.875492e-08,0.654481,9.878544e+20,1.058631e+13,0.000006,0.834533
1,6.292665e-08,0.654568,9.911794e+20,1.055041e+13,0.000006,0.834532
1,6.734869e-08,0.654634,9.937192e+20,1.052303e+13,0.000006,0.834531
1,7.203606e-08,0.654683,9.956196e+20,1.050250e+13,0.000006,0.834530
1,7.700466e-08,0.654719,9.970109e+20,1.048738e+13,0.000006,0.834529
1,8.227138e-08,0.654745,9.980067e+20,1.047642e+13,0.000006,0.834528
1,8.785411e-08,0.654763,9.987027e+20,1.046859e+13,0.000006,0.834526
1,9.377180e-08,0.654776,9.991770e+20,1.046307e+13,0.000006,0.834525
1,1.000445e-07,0.654784,9.994918e+20,1.045919e+13,0.000006,0.834524
1,1.066937e-07,0.654789,9.996950e+20,1.045644e+13,0.000006,0.834522
1,1.137417e-07,0.654792,9.998224e+20,1.045444e+13,0.000006,0.834520
1,1.212127e-07,0.654794,9.998998e+20,1.045293e+13,0.000006,0.834519
1,1.291319e-07,0.654795,9.999453e+20,1.045171e+13,0.000006,0.834517
1,1.375262e-07,0.654796,9.999712e+20,1.045065e+13,0.000006,0.834515
1,1.464242e-07,0.654796,9.999854e+20,1.044967e+13,0.000006,0.834513
1,1.558561e-07,0.654797,9.999929e+20,1.044871e+13,0.000006,0.834511
1,1.658539e-07,0.654797,9.999967e+20,1.044773e+13,0.000006,0.834508
1,1.764516e-07,0.654797,9.999985e+20,1.044672e+13,0.000006,0.834506
1,1.876852e-07,0.654797,9.999994e+20,1.044565e+13,0.000006,0.834503
1,1.995927e-07,0.654797,9.999997e+20,1.044453e+13,0.000006,0.834501
1,2.122147e-07,0.654797,9.999999e+20,1.044335e+13,0.000006,0.834498
1,2.255940e-07,0.654797,1.000000e+21,1.044209e+13,0.000006,0.834494
1,2.397761e-07,0.654797,1.000000e+21,1.044076e+13,0.000006,0.834491
1,2.548091e-07,0.654797,1.000000e+21,1.043935e+13,0.000006,0.834488
1,2.707441e-07,0.654797,1.000000e+21,1.043786e+13,0.000006,0.834484
1,2.876352e-07,0.654797,1.000000e+21,1.043627e+13,0.000006,0.834480
1,3.055398e-07,0.654797,1.000000e+21,1.043460e+13,0.000006,0.834476
1,3.245186e-07,0.654797,1.000000e+21,1.043282e+13,0.000006,0.834472
1,3.446361e-07,0.654797,1.000000e+21,1.043093e+13,0.000006,0.834467
1,3.659607e-07,0.654797,1.000000e+21,1.042894e+13,0.000006,0.834462
1,3.885648e-07,0.654797,1.000000e+21,1.042682e+13,0.000006,0.834457
1,4.125252e-07,0.654797,1.000000e+21,1.042458e+13,0.000006,0.834451
1,4.379231e-07,0.654797,1.000000e+21,1.042220e+13,0.000006,0.834445
1,4.648449e-07,0.654797,1.000000e+21,1.041968e+13,0.000006,0.834439
1,4.933821e-07,0.654797,1.000000e+21,1.041701e+13,0.000006,0.834432
1,5.236314e-07,0.654797,1.000000e+21,1.041418e+13,0.000006,0.834425
1,5.556958e-07,0.654797,1.000000e+21,1.041118e+13,0.000006,0.834418
1,5.896840e-07,0.654797,1.000000e+21,1.040801e+13,0.000006,0.834410
1,6.257114e-07,0.654797,1.000000e+21,1.040464e+13,0.000006,0.834402
1,6.639006e-07,0.654797,1.000000e+21,1.040107e+13,0.000006,0.834393
1,7.043810e-07,0.654797,1.000000e+21,1.039729e+13,0.000006,0.834383
1,7.472904e-07,0.654797,1.000000e+21,1.039329e+13,0.000006,0.834373
1,7.927742e-07,0.654797,1.000000e+21,1.038904e+13,0.000006,0.834363
1,8.409871e-07,0.654797,1.000000e+21,1.038454e+13,0.000006,0.834352
1,8.920928e-07,0.654797,1.000000e+21,1.037978e+13,0.000006,0.834340
1,9.462648e-07,0.654797,1.000000e+21,1.037473e+13,0.000006,0.834327
1,1.003687e-06,0.654797,1.000000e+21,1.036938e+13,0.000006,0.834314
1,1.064555e-06,0.654797,1.000000e+21,1.036372e+13,0.000006,0.834300
1,1.129075e-06,0.654797,1.000000e+21,1.035771e+13,0.000006,0.834285
1,1.197465e-06,0.654797,1.000000e+21,1.035135e+13,0.000006,0.834269
1,1.269960e-06,0.654797,1.000000e+21,1.034462e+13,0.000006,0.834252
1,1.346804e-06,0.654797,1.000000e+21,1.033748e+13,0.000006,0.834234
1,1.428258e-06,0.654797,1.000000e+21,1.032992e+13,0.000006,0.834215
1,1.514600e-06,0.654797,1.000000e+21,1.032192e+13,0.000006,0.834195
1,1.606123e-06,0.654797,1.000000e+21,1.031344e+13,0.000006,0.834174
1,1.703137e-06,0.654797,1.000000e+21,1.030446e+13,0.000006,0.834151
1,1.805971e-06,0.654797,1.000000e+21,1.029494e+13,0.000006,0.834128
1,1.914976e-06,0.654797,1.000000e+21,1.028487e+13,0.000006,0.834102
1,2.030521e-06,0.654797,1.000000e+21,1.027421e+13,0.000006,0.834075
1,2.152999e-06,0.654797,1.000000e+21,1.026291e+13,0.000006,0.834047
1,2.282825e-06,0.654797,1.000000e+21,1.025095e+13,0.000006,0.834017
1,2.420441e-06,0.654797,1.000000e+21,1.023829e+13,0.000006,0.833985
1,2.566314e-06,0.654797,1.000000e+21,1.022489e+13,0.000006,0.833951
1,2.720939e-06,0.654797,1.000000e+21,1.021070e+13,0.000006,0.833915
1,2.884842e-06,0.654797,1.000000e+21,1.019568e+13,0.000006,0.833877
1,3.058579e-06,0.654797,1.000000e+21,1.017979e+13,0.000006,0.833837
1,3.242740e-06,0.654797,1.000000e+21,1.016297e+13,0.000006,0.833794
1,3.437951e-06,0.654797,1.000000e+21,1.014517e+13,0.000006,0.833749
1,3.644875e-06,0.654797,1.000000e+21,1.012633e+13,0.000006,0.833701
1,3.864214e-06,0.654797,1.000000e+21,1.010641e+13,0.000006,0.833650
1,4.096713e-06,0.654797,1.000000e+21,1.008533e+13,0.000006,0.833596
1,4.343162e-06,0.654797,1.000000e+21,1.006303e+13,0.000006,0.833539
1,4.604398e-06,0.654797,1.000000e+21,1.003945e+13,0.000006,0.833478
1,4.881309e-06,0.654797,1.000000e+21,1.001452e+13,0.000006,0.833414
1,5.174833e-06,0.654797,1.000000e+21,9.988155e+12,0.000006,0.833345
1,5.485970e-06,0.654797,1.000000e+21,9.960286e+12,0.000006,0.833273
1,5.815775e-06,0.654797,1.000000e+21,9.930829e+12,0.000006,0.833197
1,6.165367e-06,0.654797,1.000000e+21,9.899701e+12,0.000006,0.833115
1,6.535936e-06,0.654797,1.000000e+21,9.866811e+12,0.000006,0.833029
1,6.928739e-06,0.654797,1.000000e+21,9.832067e+12,0.000006,0.832938
1,7.345109e-06,0.654797,1.000000e+21,9.795371e+12,0.000006,0.832842
1,7.786462e-06,0.654797,1.000000e+21,9.756624e+12,0.000006,0.832739
1,8.254297e-06,0.654797,1.000000e+21,9.715719e+12,0.000006,0.832630
1,8.750201e-06,0.654797,1.000000e+21,9.672546e+12,0.000006,0.832515
1,9.275859e-06,0.654797,1.000000e+21,9.626993e+12,0.000006,0.832393
1,9.833057e-06,0.654797,1.000000e+21,9.578940e+12,0.000006,0.832264
1,1.042369e-05,0.654797,1.000000e+21,9.528266e+12,0.000006,0.832127
1,1.104975e-05,0.654797,1.000000e+21,9.474844e+12,0.000006,0.831981
1,1.171339e-05,0.654797,1.000000e+21,9.418543e+12,0.000006,0.831827
1,1.241684e-05,0.654797,1.000000e+21,9.359230e+12,0.000006,0.831664
1,1.316249e-05,0.654797,1.000000e+21,9.296764e+12,0.000006,0.831491
1,1.395289e-05,0.654797,1.000000e+21,9.231006e+12,0.000006,0.831307
1,1.479071e-05,0.654797,1.000000e+21,9.161810e+12,0.000006,0.831113
1,1.567880e-05,0.654797,1.000000e+21,9.089028e+12,0.000006,0.830907
1,1.662017e-05,0.654797,1.000000e+21,9.012509e+12,0.000006,0.830688
1,1.761803e-05,0.654797,1.000000e+21,8.932103e+12,0.000006,0.830456
1,1.867576e-05,0.654797,1.000000e+21,8.847654e+12,0.000006,0.830211
1,1.979695e-05,0.654797,1.000000e+21,8.759009e+12,0.000006,0.829950
1,2.098541e-05,0.654797,1.000000e+21,8.666015e+12,0.000006,0.829675
1,2.224518e-05,0.654797,1.000000e+21,8.568518e+12,0.000006,0.829382
1,2.358054e-05,0.654797,1.000000e+21,8.466367e+12,0.000006,0.829072
1,2.499602e-05,0.654797,1.000000e+21,8.359416e+12,0.000006,0.828743
1,2.649643e-05,0.654797,1.000000e+21,8.247522e+12,0.000006,0.828395
1,2.808686e-05,0.654797,1.000000e+21,8.130548e+12,0.000006,0.828026
1,2.977272e-05,0.654797,1.000000e+21,8.008365e+12,0.000006,0.827634
1,3.155973e-05,0.654797,1.000000e+21,7.880853e+12,0.000006,0.827219
1,3.345396e-05,0.654796,1.000000e+21,7.747906e+12,0.000006,0.826779
1,3.546184e-05,0.654796,1.000000e+21,7.609428e+12,0.000006,0.826313
1,3.759020e-05,0.654796,1.000000e+21,7.465340e+12,0.000006,0.825819
1,3.984626e-05,0.654796,1.000000e+21,7.315584e+12,0.000006,0.825295
1,4.223768e-05,0.654796,1.000000e+21,7.160118e+12,0.000006,0.824740
1,4.477258e-05,0.654796,1.000000e+21,6.998928e+12,0.000006,0.824151
1,4.745959e-05,0.654796,1.000000e+21,6.832023e+12,0.000006,0.823527
1,5.030781e-05,0.654796,1.000000e+21,6.659445e+12,0.000006,0.822865
1,5.332692e-05,0.654796,1.000000e+21,6.481267e+12,0.000006,0.822164
1,5.652718e-05,0.654796,1.000000e+21,6.297596e+12,0.000006,0.821421
1,5.991946e-05,0.654796,1.000000e+21,6.108581e+12,0.000005,0.820633
1,6.351528e-05,0.654796,1.000000e+21,5.914411e+12,0.000005,0.819798
1,6.732684e-05,0.654796,1.000000e+21,5.715320e+12,0.000005,0.818913
1,7.136710e-05,0.654796,1.000000e+21,5.511591e+12,0.000005,0.817974
1,7.564977e-05,0.654796,1.000000e+21,5.303556e+12,0.000005,0.816980
1,8.018940e-05,0.654796,1.000000e+21,5.091599e+12,0.000005,0.815925
1,8.500141e-05,0.654796,1.000000e+21,4.876159e+12,0.000005,0.814808
1,9.010214e-05,0.654796,1.000000e+21,4.657729e+12,0.000005,0.813623
1,9.550892e-05,0.654796,1.000000e+21,4.436858e+12,0.000005,0.812367
1,1.012401e-04,0.654796,1.000000e+21,4.214149e+12,0.000005,0.811035
1,1.073152e-04,0.654796,1.000000e+21,3.990259e+12,0.000005,0.809624
1,1.137547e-04,0.654796,1.000000e+21,3.765896e+12,0.000005,0.808128
1,1.205806e-04,0.654796,1.000000e+21,3.541814e+12,0.000005,0.806542
1,1.278161e-04,0.654795,1.000000e+21,3.318811e+12,0.000005,0.804861
1,1.354857e-04,0.654795,1.000000e+21,3.097718e+12,0.000005,0.803078
1,1.436155e-04,0.654795,1.000000e+21,2.879395e+12,0.000005,0.801189
1,1.522331e-04,0.654795,1.000000e+21,2.664721e+12,0.000004,0.799186
1,1.613677e-04,0.654795,1.000000e+21,2.454582e+12,0.000004,0.797062
1,1.710504e-04,0.654795,1.000000e+21,2.249857e+12,0.000004,0.794810
1,1.813141e-04,0.654795,1.000000e+21,2.051412e+12,0.000004,0.792423
1,1.921936e-04,0.654795,1.000000e+21,1.860075e+12,0.000004,0.789892
1,2.033332e-04,0.654795,1.000000e+21,1.682541e+12,0.000004,0.787298
1,2.144727e-04,0.654794,1.000000e+21,1.521817e+12,0.000004,0.784703
1,2.256123e-04,0.654794,1.000000e+21,1.376298e+12,0.000004,0.782104
1,2.367518e-04,0.654794,1.000000e+21,1.244530e+12,0.000004,0.779502
1,2.478914e-04,0.654794,1.000000e+21,1.125196e+12,0.000003,0.776896
1,2.590309e-04,0.654794,1.000000e+21,1.017105e+12,0.000003,0.774285
1,2.701705e-04,0.654794,1.000000e+21,9.191758e+11,0.000003,0.771668
1,2.813100e-04,0.654794,1.000000e+21,8.304308e+11,0.000003,0.769043
1,2.924496e-04,0.654794,1.000000e+21,7.499831e+11,0.000003,0.766409
1,3.035891e-04,0.654794,1.000000e+21,6.770289e+11,0.000003,0.763763
1,3.147287e-04,0.654793,1.000000e+21,6.108394e+11,0.000003,0.761103
1,3.258682e-04,0.654793,1.000000e+21,5.507532e+11,0.000003,0.758426
1,3.370078e-04,0.654793,1.000000e+21,4.961702e+11,0.000002,0.755728
1,3.481473e-04,0.654793,1.000000e+21,4.465450e+11,0.000002,0.753004
1,3.592869e-04,0.654793,1.000000e+21,4.013820e+11,0.000002,0.750247
1,3.704264e-04,0.654793,1.000000e+21,3.602298e+11,0.000002,0.747450
1,3.815660e-04,0.654793,1.000000e+21,3.226776e+11,0.000002,0.744604
1,3.927055e-04,0.654793,1.000000e+21,2.883502e+11,0.000002,0.741696
1,4.038451e-04,0.654792,1.000000e+21,2.569050e+11,0.000002,0.738711
1,4.149846e-04,0.654792,1.000000e+21,2.280279e+11,0.000002,0.735628
1,4.261242e-04,0.654792,1.000000e+21,2.014309e+11,0.000001,0.732422
1,4.372637e-04,0.654792,1.000000e+21,1.768486e+11,0.000001,0.729057
1,4.484033e-04,0.654792,1.000000e+21,1.540363e+11,0.000001,0.725487
1,4.595428e-04,0.654792,1.000000e+21,1.327671e+11,0.000001,0.721645
1,4.706824e-04,0.654792,1.000000e+21,1.128303e+11,0.000001,0.717439
1,4.818219e-04,0.654792,1.000000e+21,9.402981e+10,0.000001,0.712727
1,4.929615e-04,0.654791,1.000000e+21,7.618332e+10,0.000001,0.707285
1,5.041010e-04,0.654791,1.000000e+21,5.912402e+10,0.000001,0.700732
1,5.152406e-04,0.654791,1.000000e+21,4.270904e+10,0.000000,0.692324
1,5.263801e-04,0.654791,1.000000e+21,2.685973e+10,0.000000,0.680334
1,5.375197e-04,0.654791,1.000000e+21,1.182895e+10,0.000000,0.659133
1,5.486592e-04,0.654791,1.000000e+21,1.019828e+09,0.000000,0.595772
1,5.569776e-04,0.654791,1.000000e+21,1.000000e-01,0.000000,0.000000
